SRNO,INVDATE,INVNO,SUPPLIER,PARTY,ITEM,BRAND,HSN,PCS,QTY,PRATE,ADAT %,DISC %,DISC AMT,RATE,ACCVALUE,GSTPERC,GSTAMT,NET AMT,LRNO,CASE NO,TRANSPORT,SALESPERSON
1,01/04/2026,1,MANIBHADRA TRADELINK,V R PAWAR SAREES,,VAANI FASHION,540754,16,0,545,2,2,-174.4,545,8720,5,435.83,9152.34,0725397,2,J.D.LOGISTICS,AMAR BHAI
2,01/04/2026,1,MANIBHADRA TRADELINK,V R PAWAR SAREES,,VAANI FASHION,540754,24,0,695,2,2,-333.6,695,16680,5,833.67,17507,0725397,2,J.D.LOGISTICS,AMAR BHAI
3,01/04/2026,1,MANIBHADRA TRADELINK,V R PAWAR SAREES,,VAANI FASHION,540754,11,0,1045,2,2,-229.9,1045,11495,5,574.52,12064.92,0725397,2,J.D.LOGISTICS,AMAR BHAI
4,01/04/2026,2,MANIBHADRA TRADELINK,V R PAWAR SAREES,KRISHNA ZALL,SAI DESIGNER CREATIVE,540754,5,0,1825,2,,,1825,9125,5,465.38,9772.88,725264,28,J.D.LOGISTICS,RATAN BHAI
5,01/04/2026,2,MANIBHADRA TRADELINK,V R PAWAR SAREES,ANUMATI NET,SAI DESIGNER CREATIVE,540754,5,0,2575,2,,,2575,12875,5,656.63,13789.13,725264,28,J.D.LOGISTICS,RATAN BHAI
6,01/04/2026,2,MANIBHADRA TRADELINK,V R PAWAR SAREES,DHANTERASH,SAI DESIGNER CREATIVE,540754,5,0,1495,2,,,1495,7475,5,381.23,8005.73,725264,28,J.D.LOGISTICS,RATAN BHAI
7,01/04/2026,2,MANIBHADRA TRADELINK,V R PAWAR SAREES,PUNITA ZALL,SAI DESIGNER CREATIVE,540754,5,0,1725,2,,,1725,8625,5,439.88,9237.38,725264,28,J.D.LOGISTICS,RATAN BHAI
8,01/04/2026,2,MANIBHADRA TRADELINK,V R PAWAR SAREES,BHAVANI ZALL,SAI DESIGNER CREATIVE,540754,4,0,2125,2,,,2125,8500,5,433.5,9103.5,725264,28,J.D.LOGISTICS,RATAN BHAI
9,01/04/2026,2,MANIBHADRA TRADELINK,V R PAWAR SAREES,PRIYANKA,SAI DESIGNER CREATIVE,540754,5,0,1495,2,,,1495,7475,5,381.23,8005.73,725264,28,J.D.LOGISTICS,RATAN BHAI
10,01/04/2026,2,MANIBHADRA TRADELINK,V R PAWAR SAREES,SHYAMLI,SAI DESIGNER CREATIVE,540754,4,0,1795,2,,,1795,7180,5,366.18,7689.78,725264,28,J.D.LOGISTICS,RATAN BHAI
11,01/04/2026,2,MANIBHADRA TRADELINK,V R PAWAR SAREES,DADHICHI Y,SAI DESIGNER CREATIVE,540754,5,0,1145,2,,,1145,5725,5,291.98,6131.48,725264,28,J.D.LOGISTICS,RATAN BHAI
12,01/04/2026,2,MANIBHADRA TRADELINK,V R PAWAR SAREES,ALKA Y,SAI DESIGNER CREATIVE,540754,5,0,1295,2,,,1295,6475,5,330.23,6934.73,725264,28,J.D.LOGISTICS,RATAN BHAI
13,01/04/2026,2,MANIBHADRA TRADELINK,V R PAWAR SAREES,TIRUPATI Y,SAI DESIGNER CREATIVE,540754,1,0,1375,2,,,1375,1375,5,70.13,1472.63,725264,28,J.D.LOGISTICS,RATAN BHAI
14,01/04/2026,2,MANIBHADRA TRADELINK,V R PAWAR SAREES,DRASHTI Y,SAI DESIGNER CREATIVE,540754,1,0,1345,2,,,1345,1345,5,68.6,1440.5,725264,28,J.D.LOGISTICS,RATAN BHAI
15,01/04/2026,3,MANIBHADRA TRADELINK,V R PAWAR SAREES,SALINI 2 NET,SAI DESIGNER CREATIVE,540754,6,0,2585,2,,,2585,15510,5,791.01,16611.21,725263,27,J.D.LOGISTICS,RATAN BHAI
16,01/04/2026,3,MANIBHADRA TRADELINK,V R PAWAR SAREES,ELITA,SAI DESIGNER CREATIVE,540754,6,0,3095,2,,,3095,18570,5,947.07,19888.47,725263,27,J.D.LOGISTICS,RATAN BHAI
17,01/04/2026,3,MANIBHADRA TRADELINK,V R PAWAR SAREES,PRAGNA,SAI DESIGNER CREATIVE,540754,6,0,2575,2,,,2575,15450,5,787.95,16546.95,725263,27,J.D.LOGISTICS,RATAN BHAI
18,01/04/2026,3,MANIBHADRA TRADELINK,V R PAWAR SAREES,UJJALA,SAI DESIGNER CREATIVE,540754,5,0,2265,2,,,2265,11325,5,577.58,12129.08,725263,27,J.D.LOGISTICS,RATAN BHAI
19,01/04/2026,3,MANIBHADRA TRADELINK,V R PAWAR SAREES,HASHMITA,SAI DESIGNER CREATIVE,540754,5,0,2095,2,,,2095,10475,5,534.23,11218.73,725263,27,J.D.LOGISTICS,RATAN BHAI
20,01/04/2026,3,MANIBHADRA TRADELINK,V R PAWAR SAREES,VENCY,SAI DESIGNER CREATIVE,540754,5,0,2275,2,,,2275,11375,5,580.13,12182.63,725263,27,J.D.LOGISTICS,RATAN BHAI
21,01/04/2026,3,MANIBHADRA TRADELINK,V R PAWAR SAREES,NANDANI,SAI DESIGNER CREATIVE,540754,6,0,1595,2,,,1595,9570,5,488.07,10249.47,725263,27,J.D.LOGISTICS,RATAN BHAI
22,01/04/2026,3,MANIBHADRA TRADELINK,V R PAWAR SAREES,KABIRA,SAI DESIGNER CREATIVE,540754,6,0,2625,2,,,2625,15750,5,803.25,16868.25,725263,27,J.D.LOGISTICS,RATAN BHAI
23,01/04/2026,3,MANIBHADRA TRADELINK,V R PAWAR SAREES,ARPITA ZALL,SAI DESIGNER CREATIVE,540754,5,0,1475,2,,,1475,7375,5,376.13,7898.63,725263,27,J.D.LOGISTICS,RATAN BHAI
24,01/04/2026,4,MANIBHADRA TRADELINK,V R PAWAR SAREES,CHANA CHAT 1,SAI DESIGNER CREATIVE,540754,5,0,495,2,,,495,2475,5,126.23,2650.73,725265,29,J.D.LOGISTICS,RATAN BHAI
25,01/04/2026,4,MANIBHADRA TRADELINK,V R PAWAR SAREES,CHANA CHAT 2,SAI DESIGNER CREATIVE,540754,5,0,495,2,,,495,2475,5,126.23,2650.73,725265,29,J.D.LOGISTICS,RATAN BHAI
26,01/04/2026,4,MANIBHADRA TRADELINK,V R PAWAR SAREES,CHANA CHAT 4,SAI DESIGNER CREATIVE,540754,5,0,495,2,,,495,2475,5,126.23,2650.73,725265,29,J.D.LOGISTICS,RATAN BHAI
27,01/04/2026,4,MANIBHADRA TRADELINK,V R PAWAR SAREES,SHIVANSH 10,SAI DESIGNER CREATIVE,540754,6,0,595,2,,,595,3570,5,182.07,3823.47,725265,29,J.D.LOGISTICS,RATAN BHAI
28,01/04/2026,4,MANIBHADRA TRADELINK,V R PAWAR SAREES,KUNJAN W,SAI DESIGNER CREATIVE,540754,5,0,1075,2,,,1075,5375,5,274.13,5756.63,725265,29,J.D.LOGISTICS,RATAN BHAI
29,01/04/2026,4,MANIBHADRA TRADELINK,V R PAWAR SAREES,PAWAN W,SAI DESIGNER CREATIVE,540754,5,0,1395,2,,,1395,6975,5,355.73,7470.23,725265,29,J.D.LOGISTICS,RATAN BHAI
30,01/04/2026,4,MANIBHADRA TRADELINK,V R PAWAR SAREES,SWEETY WHITE,SAI DESIGNER CREATIVE,540754,5,0,1495,2,,,1495,7475,5,381.23,8005.73,725265,29,J.D.LOGISTICS,RATAN BHAI
31,01/04/2026,4,MANIBHADRA TRADELINK,V R PAWAR SAREES,DRASHTI W,SAI DESIGNER CREATIVE,540754,2,0,1345,2,,,1345,2690,5,137.19,2880.99,725265,29,J.D.LOGISTICS,RATAN BHAI
32,01/04/2026,4,MANIBHADRA TRADELINK,V R PAWAR SAREES,MAHERI WHITE,SAI DESIGNER CREATIVE,540754,1,0,1495,2,,,1495,1495,5,76.25,1601.15,725265,29,J.D.LOGISTICS,RATAN BHAI
33,01/04/2026,4,MANIBHADRA TRADELINK,V R PAWAR SAREES,CHISTI W,SAI DESIGNER CREATIVE,540754,1,0,1395,2,,,1395,1395,5,71.15,1494.05,725265,29,J.D.LOGISTICS,RATAN BHAI
34,01/04/2026,4,MANIBHADRA TRADELINK,V R PAWAR SAREES,SAWARIYA,SAI DESIGNER CREATIVE,540754,5,0,4295,2,,,4295,21475,5,1095.23,22999.73,725265,29,J.D.LOGISTICS,RATAN BHAI
35,01/04/2026,4,MANIBHADRA TRADELINK,V R PAWAR SAREES,CHARUMATI WHITE,SAI DESIGNER CREATIVE,540754,2,0,999,2,,,999,1998,5,101.9,2139.86,725265,29,J.D.LOGISTICS,RATAN BHAI
36,01/04/2026,4,MANIBHADRA TRADELINK,V R PAWAR SAREES,CHANDRIKA WHITE,SAI DESIGNER CREATIVE,540754,1,0,999,2,,,999,999,5,50.95,1069.93,725265,29,J.D.LOGISTICS,RATAN BHAI
37,01/04/2026,4,MANIBHADRA TRADELINK,V R PAWAR SAREES,BAISHAKHI WHITE,SAI DESIGNER CREATIVE,540754,1,0,999,2,,,999,999,5,50.95,1069.93,725265,29,J.D.LOGISTICS,RATAN BHAI
38,01/04/2026,4,MANIBHADRA TRADELINK,V R PAWAR SAREES,DARSHINIKA WHITE,SAI DESIGNER CREATIVE,540754,1,0,999,2,,,999,999,5,50.95,1069.93,725265,29,J.D.LOGISTICS,RATAN BHAI
39,01/04/2026,5,MANIBHADRA TRADELINK,V R PAWAR SAREES,MAYURI,ROHAN FABRICS,540754,76,0,476,2,2,-723.52,476,36176,5,1808.08,37969.61,0725874,19,J.D.LOGISTICS,AMAR BHAI
40,01/04/2026,6,MANIBHADRA TRADELINK,V R PAWAR SAREES,MAYURI,ROHAN FABRICS,540754,8,0,476,2,2,-76.16,476,3808,5,190.32,3996.8,0725873,20,J.D.LOGISTICS,AMAR BHAI
41,01/04/2026,6,MANIBHADRA TRADELINK,V R PAWAR SAREES,MILK CAKE,ROHAN FABRICS,540754,20,0,560,2,2,-224,560,11200,5,559.78,11755.3,0725873,20,J.D.LOGISTICS,AMAR BHAI
42,01/04/2026,6,MANIBHADRA TRADELINK,V R PAWAR SAREES,BARSAT,ROHAN FABRICS,540754,8,0,620,2,2,-99.2,620,4960,5,247.9,5205.92,0725873,20,J.D.LOGISTICS,AMAR BHAI
43,01/04/2026,6,MANIBHADRA TRADELINK,V R PAWAR SAREES,SITAFAL,ROHAN FABRICS,540754,24,0,850,2,2,-408,850,20400,5,1019.59,21411.43,0725873,20,J.D.LOGISTICS,AMAR BHAI
44,01/04/2026,6,MANIBHADRA TRADELINK,V R PAWAR SAREES,ANTIQE,ROHAN FABRICS,540754,4,0,795,2,2,-63.6,795,3180,5,158.94,3337.67,0725873,20,J.D.LOGISTICS,AMAR BHAI
45,01/04/2026,7,MANIBHADRA TRADELINK,V R PAWAR SAREES,METRO,SANJYOTI EXCLUSIVES,540754,72,0,391,2,2,-563.04,391,28152,5,1407.04,29547.78,0726528,1,J.D.LOGISTICS,AMAR BHAI
46,01/04/2026,8,MANIBHADRA TRADELINK,V R PAWAR SAREES,KALPSUTRA,RIDDHI FASHIONS,540754,71,0,421,2,2,-597.82,421,29891,5,1493.95,31372.99,725314,1,J.D.LOGISTICS,AMAR BHAI
47,01/04/2026,9,MANIBHADRA TRADELINK,V R PAWAR SAREES,BITCOIN,POOJA TEXTILES,540754,164,0,150,2,2,-492,150,24600,5,1229.51,25819.67,0726227,1001,J.D.LOGISTICS,AMAR BHAI
48,01/04/2026,10,MANIBHADRA TRADELINK,V R PAWAR SAREES,SHALINI 2,NARESHWARI FASHION,540754,60,0,485,2,2,-582,485,29100,5,1454.42,30542.78,0725448,10,J.D.LOGISTICS,AMAR BHAI
49,01/04/2026,11,MANIBHADRA TRADELINK,V R PAWAR SAREES,KANISHA,NARESHWARI FASHION,540754,60,0,425,2,2,-510,425,25500,5,1274.49,26764.29,0725454,11,J.D.LOGISTICS,AMAR BHAI
50,01/04/2026,12,MANIBHADRA TRADELINK,V R PAWAR SAREES,VAMEENI,NARESHWARI FASHION,540754,60,0,415,2,2,-498,415,24900,5,1244.5,26134.54,0725450,12,J.D.LOGISTICS,AMAR BHAI
51,01/04/2026,13,MANIBHADRA TRADELINK,V R PAWAR SAREES,MANGALSUTRA,NARESHWARI FASHION,540754,60,0,475,2,2,-570,475,28500,5,1424.43,29913.03,0725452,13,J.D.LOGISTICS,AMAR BHAI
52,01/04/2026,14,MANIBHADRA TRADELINK,V R PAWAR SAREES,DAAMINI,NARESHWARI FASHION,540754,24,0,470,2,2,-225.6,470,11280,5,563.77,11839.26,0725451,14,J.D.LOGISTICS,AMAR BHAI
53,01/04/2026,14,MANIBHADRA TRADELINK,V R PAWAR SAREES,MANGALSUTRA,NARESHWARI FASHION,540754,16,0,475,2,2,-152,475,7600,5,379.85,7976.81,0725451,14,J.D.LOGISTICS,AMAR BHAI
54,01/04/2026,14,MANIBHADRA TRADELINK,V R PAWAR SAREES,VAMEENI,NARESHWARI FASHION,540754,20,0,415,2,2,-166,415,8300,5,414.83,8711.51,0725451,14,J.D.LOGISTICS,AMAR BHAI
55,01/04/2026,15,MANIBHADRA TRADELINK,V R PAWAR SAREES,KAVYANSHI,NARESHWARI FASHION,540754,28,0,415,2,2,-232.4,415,11620,5,580.77,12196.12,0725449,15,J.D.LOGISTICS,AMAR BHAI
56,01/04/2026,15,MANIBHADRA TRADELINK,V R PAWAR SAREES,SHALINI 2,NARESHWARI FASHION,540754,28,0,485,2,2,-271.6,485,13580,5,678.73,14253.3,0725449,15,J.D.LOGISTICS,AMAR BHAI
57,01/04/2026,15,MANIBHADRA TRADELINK,V R PAWAR SAREES,KANISHA,NARESHWARI FASHION,540754,6,0,425,2,2,-51,425,2550,5,127.45,2676.43,0725449,15,J.D.LOGISTICS,AMAR BHAI
58,01/04/2026,16,MANIBHADRA TRADELINK,V R PAWAR SAREES,DAAMINI,NARESHWARI FASHION,540754,60,0,470,2,2,-564,470,28200,5,1409.44,29598.16,0725457,5,J.D.LOGISTICS,AMAR BHAI
59,01/04/2026,17,MANIBHADRA TRADELINK,V R PAWAR SAREES,DAAMINI,NARESHWARI FASHION,540754,60,0,470,2,2,-564,470,28200,5,1409.44,29598.16,0725458,6,J.D.LOGISTICS,AMAR BHAI
60,01/04/2026,18,MANIBHADRA TRADELINK,V R PAWAR SAREES,KAVYANSHI,NARESHWARI FASHION,540754,60,0,415,2,2,-498,415,24900,5,1244.5,26134.54,0725456,7,J.D.LOGISTICS,AMAR BHAI
61,01/04/2026,19,MANIBHADRA TRADELINK,V R PAWAR SAREES,ASHVINI,NARESHWARI FASHION,540754,60,0,455,2,2,-546,455,27300,5,1364.45,28653.53,0725453,8,J.D.LOGISTICS,AMAR BHAI
62,01/04/2026,20,MANIBHADRA TRADELINK,V R PAWAR SAREES,ASHVINI,NARESHWARI FASHION,540754,30,0,455,2,2,-273,455,13650,5,682.23,14326.77,0725455,9,J.D.LOGISTICS,AMAR BHAI
63,01/04/2026,20,MANIBHADRA TRADELINK,V R PAWAR SAREES,KANISHA,NARESHWARI FASHION,540754,30,0,425,2,2,-255,425,12750,5,637.25,13382.15,0725455,9,J.D.LOGISTICS,AMAR BHAI
64,01/04/2026,21,MANIBHADRA TRADELINK,V R PAWAR SAREES,ROYAL SIGNATURE,AMRAT INTERNATIONAL,540754,157,0,210,2,2,-659.4,210,32970,5,1647.84,34604.65,0726290,19,J.D.LOGISTICS,AMAR BHAI
65,01/04/2026,22,MANIBHADRA TRADELINK,V R PAWAR SAREES,SUNANDA,VARSHA FABRICS,540754,155,0,193,2,2,-598.3,193,29915,5,1495.15,31398.18,725467,1,J.D.LOGISTICS,AMAR BHAI
66,01/04/2026,23,MANIBHADRA TRADELINK,V R PAWAR SAREES,KASAM,MAHESH SAREES,540754,1120,0,105,2,2,-2352,105,117600,5,5877.65,123430.61,0725538,1,J.D.LOGISTICS,AMAR BHAI
67,01/04/2026,24,MANIBHADRA TRADELINK,V R PAWAR SAREES,RIM ZIM,MAHESH SAREES,540754,1120,0,105,2,2,-2352,105,117600,5,5877.65,123430.61,0726166,2,J.D.LOGISTICS,AMAR BHAI
68,01/04/2026,25,MANIBHADRA TRADELINK,V R PAWAR SAREES,NEW GANGA PATTU,SAI CREATION,540754,80,0,285,2,2,-456,285,22800,5,1139.54,23930.42,0726167,4,J.D.LOGISTICS,AMAR BHAI
69,01/04/2026,26,MANIBHADRA TRADELINK,V R PAWAR SAREES,NEW GANGA PATTU,SAI CREATION,540754,80,0,285,2,2,-456,285,22800,5,1139.54,23930.42,0726168,5,J.D.LOGISTICS,AMAR BHAI
70,01/04/2026,27,MANIBHADRA TRADELINK,V R PAWAR SAREES,AQUA SILK,LAVANYA SILK MILLS,540754,106,0,230,2,2,-487.6,230,24380,5,1218.51,25588.76,0725347,4,J.D.LOGISTICS,AMAR BHAI
71,01/04/2026,28,MANIBHADRA TRADELINK,V R PAWAR SAREES,AQUA SILK,LAVANYA SILK MILLS,540754,105,0,230,2,2,-483,230,24150,5,1207.02,25347.36,0725344,5,J.D.LOGISTICS,AMAR BHAI
72,01/04/2026,29,MANIBHADRA TRADELINK,V R PAWAR SAREES,AQUA SILK,LAVANYA SILK MILLS,540754,103,0,230,2,2,-473.8,230,23690,5,1184.03,24864.55,0725345,6,J.D.LOGISTICS,AMAR BHAI
73,01/04/2026,30,MANIBHADRA TRADELINK,V R PAWAR SAREES,AQUA SILK,LAVANYA SILK MILLS,540754,100,0,230,2,2,-460,230,23000,5,1149.54,24140.34,0725346,7,J.D.LOGISTICS,AMAR BHAI
74,01/04/2026,31,MANIBHADRA TRADELINK,V R PAWAR SAREES,DOLA SEQ,CHIRAG PRINTS,540754,160,0,220,2,2,-704,220,35200,5,1759.3,36945.22,0725640,2,J.D.LOGISTICS,AMAR BHAI
75,01/04/2026,32,MANIBHADRA TRADELINK,V R PAWAR SAREES,DOLA SEQ,CHIRAG PRINTS,540754,160,0,220,2,2,-704,220,35200,5,1759.3,36945.22,0725644,3,J.D.LOGISTICS,AMAR BHAI
76,01/04/2026,33,MANIBHADRA TRADELINK,V R PAWAR SAREES,DOLA SEQ,CHIRAG PRINTS,540754,160,0,220,2,2,-704,220,35200,5,1759.3,36945.22,0725643,4,J.D.LOGISTICS,AMAR BHAI
77,01/04/2026,34,MANIBHADRA TRADELINK,V R PAWAR SAREES,DOLA SEQ,CHIRAG PRINTS,540754,160,0,220,2,2,-704,220,35200,5,1759.3,36945.22,0725645,5,J.D.LOGISTICS,AMAR BHAI
78,01/04/2026,35,MANIBHADRA TRADELINK,V R PAWAR SAREES,DOLA SEQ,CHIRAG PRINTS,540754,160,0,220,2,2,-704,220,35200,5,1759.3,36945.22,0725642,6,J.D.LOGISTICS,AMAR BHAI
79,01/04/2026,36,MANIBHADRA TRADELINK,V R PAWAR SAREES,DOLA SEQ,CHIRAG PRINTS,540754,160,0,220,2,2,-704,220,35200,5,1759.3,36945.22,0725639,7,J.D.LOGISTICS,AMAR BHAI
80,01/04/2026,37,MANIBHADRA TRADELINK,V R PAWAR SAREES,RENIYAL,ASHOK FASHIONS,540754,309,0,197,2,2,-1217.46,197,60873,5,3042.43,63891.08,0725812,4,J.D.LOGISTICS,AMAR BHAI
81,01/04/2026,38,MANIBHADRA TRADELINK,V R PAWAR SAREES,RENIYAL,ASHOK FASHIONS,540754,312,0,197,2,2,-1229.28,197,61464,5,3071.97,64511.38,0725813,3,J.D.LOGISTICS,AMAR BHAI
82,01/04/2026,39,MANIBHADRA TRADELINK,V R PAWAR SAREES,AKBAR,SAI DESIGNER CREATIVE,540754,2,0,1095,2,,,1095,2190,5,111.69,2345.49,0725838,43,J.D.LOGISTICS,RATAN BHAI
83,01/04/2026,39,MANIBHADRA TRADELINK,V R PAWAR SAREES,BHULBHULAIYA,SAI DESIGNER CREATIVE,540754,2,0,999,2,,,999,1998,5,101.9,2139.86,0725838,43,J.D.LOGISTICS,RATAN BHAI
84,01/04/2026,39,MANIBHADRA TRADELINK,V R PAWAR SAREES,KUNTI YELLOW,SAI DESIGNER CREATIVE,540754,12,0,999,2,,,999,11988,5,611.39,12839.15,0725838,43,J.D.LOGISTICS,RATAN BHAI
85,01/04/2026,39,MANIBHADRA TRADELINK,V R PAWAR SAREES,YAMIKA YELLOW,SAI DESIGNER CREATIVE,540754,12,0,999,2,,,999,11988,5,611.39,12839.15,0725838,43,J.D.LOGISTICS,RATAN BHAI
86,01/04/2026,39,MANIBHADRA TRADELINK,V R PAWAR SAREES,CINDRA,SAI DESIGNER CREATIVE,540754,5,0,1995,2,,,1995,9975,5,508.73,10683.23,0725838,43,J.D.LOGISTICS,RATAN BHAI
87,01/04/2026,39,MANIBHADRA TRADELINK,V R PAWAR SAREES,SHAHINI,SAI DESIGNER CREATIVE,540754,5,0,2065,2,,,2065,10325,5,526.58,11058.08,0725838,43,J.D.LOGISTICS,RATAN BHAI
88,01/04/2026,39,MANIBHADRA TRADELINK,V R PAWAR SAREES,KELVI SIFFON,SAI DESIGNER CREATIVE,540754,5,0,1925,2,,,1925,9625,5,490.88,10308.38,0725838,43,J.D.LOGISTICS,RATAN BHAI
89,01/04/2026,39,MANIBHADRA TRADELINK,V R PAWAR SAREES,MISHTI,SAI DESIGNER CREATIVE,540754,5,0,1495,2,,,1495,7475,5,381.23,8005.73,0725838,43,J.D.LOGISTICS,RATAN BHAI
90,01/04/2026,39,MANIBHADRA TRADELINK,V R PAWAR SAREES,BAGHI,SAI DESIGNER CREATIVE,540754,2,0,1395,2,,,1395,2790,5,142.29,2988.09,0725838,43,J.D.LOGISTICS,RATAN BHAI
91,01/04/2026,39,MANIBHADRA TRADELINK,V R PAWAR SAREES,HEERAKANI,SAI DESIGNER CREATIVE,540754,5,0,1395,2,,,1395,6975,5,355.73,7470.23,0725838,43,J.D.LOGISTICS,RATAN BHAI
92,01/04/2026,39,MANIBHADRA TRADELINK,V R PAWAR SAREES,MEGHA Y,SAI DESIGNER CREATIVE,540754,2,0,1595,2,,,1595,3190,5,162.69,3416.49,0725838,43,J.D.LOGISTICS,RATAN BHAI
93,01/04/2026,39,MANIBHADRA TRADELINK,V R PAWAR SAREES,SHOBHA Y,SAI DESIGNER CREATIVE,540754,2,0,1595,2,,,1595,3190,5,162.69,3416.49,0725838,43,J.D.LOGISTICS,RATAN BHAI
94,01/04/2026,40,MANIBHADRA TRADELINK,V R PAWAR SAREES,ALBELY 1,SAI DESIGNER CREATIVE,540754,6,0,1175,2,,,1175,7050,5,359.55,7550.55,0725833,44,J.D.LOGISTICS,RATAN BHAI
95,01/04/2026,40,MANIBHADRA TRADELINK,V R PAWAR SAREES,ALBELY 2,SAI DESIGNER CREATIVE,540754,5,0,1175,2,,,1175,5875,5,299.63,6292.13,0725833,44,J.D.LOGISTICS,RATAN BHAI
96,01/04/2026,40,MANIBHADRA TRADELINK,V R PAWAR SAREES,ALBELY 3,SAI DESIGNER CREATIVE,540754,5,0,1175,2,,,1175,5875,5,299.63,6292.13,0725833,44,J.D.LOGISTICS,RATAN BHAI
97,01/04/2026,40,MANIBHADRA TRADELINK,V R PAWAR SAREES,KISMIS,SAI DESIGNER CREATIVE,540754,8,0,1195,2,,,1195,9560,5,487.56,10238.76,0725833,44,J.D.LOGISTICS,RATAN BHAI
98,01/04/2026,40,MANIBHADRA TRADELINK,V R PAWAR SAREES,SUVANRA,SAI DESIGNER CREATIVE,540754,4,0,1995,2,,,1995,7980,5,406.98,8546.58,0725833,44,J.D.LOGISTICS,RATAN BHAI
99,01/04/2026,40,MANIBHADRA TRADELINK,V R PAWAR SAREES,SHREEJI,SAI DESIGNER CREATIVE,540754,6,0,3095,2,,,3095,18570,5,947.07,19888.47,0725833,44,J.D.LOGISTICS,RATAN BHAI
100,01/04/2026,40,MANIBHADRA TRADELINK,V R PAWAR SAREES,SIFARISH,SAI DESIGNER CREATIVE,540754,5,0,1645,2,,,1645,8225,5,419.48,8808.98,0725833,44,J.D.LOGISTICS,RATAN BHAI
101,01/04/2026,41,MANIBHADRA TRADELINK,V R PAWAR SAREES,GOPAL JEE LUMP,GOVIND SILK MILLS,540754,6,611.25,40,2,4.5,-1100.25,40,24450,5,1190.84,25007.59,0726058,127,J.D.LOGISTICS,AMAR BHAI
102,01/04/2026,42,MANIBHADRA TRADELINK,V R PAWAR SAREES,BANARAS SILK,ABHIRANG TEXTILES,540754,143,0,311,2,2,-889.46,311,44473,5,2222.76,46677.97,0725742,1,J.D.LOGISTICS,AMAR BHAI
103,01/04/2026,43,MANIBHADRA TRADELINK,V R PAWAR SAREES,BANARAS SILK,ABHIRANG TEXTILES,540754,145,0,311,2,2,-901.9,311,45095,5,2253.85,47330.81,0725741,2,J.D.LOGISTICS,AMAR BHAI
104,01/04/2026,44,MANIBHADRA TRADELINK,V R PAWAR SAREES,BANARAS SILK,ABHIRANG TEXTILES,540754,145,0,311,2,2,-901.9,311,45095,5,2253.85,47330.81,0725744,3,J.D.LOGISTICS,AMAR BHAI
105,01/04/2026,45,MANIBHADRA TRADELINK,V R PAWAR SAREES,BANARAS SILK,ABHIRANG TEXTILES,540754,136,0,311,2,2,-845.92,311,42296,5,2113.95,44393.03,0725740,4,J.D.LOGISTICS,AMAR BHAI
106,01/04/2026,46,MANIBHADRA TRADELINK,V R PAWAR SAREES,BANARAS SILK,ABHIRANG TEXTILES,540754,129,0,311,2,2,-802.38,311,40119,5,2005.15,42108.1,0725743,5,J.D.LOGISTICS,AMAR BHAI
107,02/04/2026,47,MANIBHADRA TRADELINK,V R PAWAR SAREES,PARAS,SHIVSHRADHA PRINT,540754,6,0,799,2,5,-239.7,799,4794,5,232.27,4877.66,0726569,11,J.D.LOGISTICS,AMAR BHAI
108,02/04/2026,47,MANIBHADRA TRADELINK,V R PAWAR SAREES,FIRKI,SHIVSHRADHA PRINT,540754,6,0,799,2,5,-239.7,799,4794,5,232.27,4877.66,0726569,11,J.D.LOGISTICS,AMAR BHAI
109,02/04/2026,47,MANIBHADRA TRADELINK,V R PAWAR SAREES,BHEEM,SHIVSHRADHA PRINT,540754,6,0,845,2,5,-253.5,845,5070,5,245.64,5158.47,0726569,11,J.D.LOGISTICS,AMAR BHAI
110,02/04/2026,47,MANIBHADRA TRADELINK,V R PAWAR SAREES,MEGHA,SHIVSHRADHA PRINT,540754,6,0,1295,2,5,-388.5,1295,7770,5,376.46,7905.59,0726569,11,J.D.LOGISTICS,AMAR BHAI
111,02/04/2026,47,MANIBHADRA TRADELINK,V R PAWAR SAREES,NEXON,SHIVSHRADHA PRINT,540754,6,0,995,2,5,-298.5,995,5970,5,289.25,6074.18,0726569,11,J.D.LOGISTICS,AMAR BHAI
112,02/04/2026,47,MANIBHADRA TRADELINK,V R PAWAR SAREES,MOGLI,SHIVSHRADHA PRINT,540754,5,0,1695,2,5,-423.75,1695,8475,5,410.61,8622.89,0726569,11,J.D.LOGISTICS,AMAR BHAI
113,02/04/2026,47,MANIBHADRA TRADELINK,V R PAWAR SAREES,COOL,SHIVSHRADHA PRINT,540754,5,0,1695,2,5,-423.75,1695,8475,5,410.61,8622.89,0726569,11,J.D.LOGISTICS,AMAR BHAI
114,02/04/2026,47,MANIBHADRA TRADELINK,V R PAWAR SAREES,CHHAVAN,SHIVSHRADHA PRINT,540754,6,0,950,2,5,-285,950,5700,5,276.17,5799.47,0726569,11,J.D.LOGISTICS,AMAR BHAI
115,02/04/2026,47,MANIBHADRA TRADELINK,V R PAWAR SAREES,PRENAA,SHIVSHRADHA PRINT,540754,6,0,850,2,5,-255,850,5100,5,247.1,5189,0726569,11,J.D.LOGISTICS,AMAR BHAI
116,02/04/2026,47,MANIBHADRA TRADELINK,V R PAWAR SAREES,SONAL,SHIVSHRADHA PRINT,540754,6,0,699,2,5,-209.7,699,4194,5,203.2,4267.19,0726569,11,J.D.LOGISTICS,AMAR BHAI
117,02/04/2026,48,MANIBHADRA TRADELINK,V R PAWAR SAREES,HEAVY ZARKAN M,SAI AASHA,540754,66,0,999,2,,,999,65934,5,3362.63,70615.31,0725835,4,J.D.LOGISTICS,RATAN BHAI
118,02/04/2026,49,MANIBHADRA TRADELINK,V R PAWAR SAREES,PRATAPI SILK,SAI DESIGNER CREATIVE,540754,1,0,2260,2,,,2260,2260,5,115.26,2420.46,PACK WITH BILL NO MT-40 SAI DESIGNER,66,J.D.LOGISTICS,RATAN BHAI
119,02/04/2026,50,MANIBHADRA TRADELINK,V R PAWAR SAREES,BIGBOSS,VIVAAN PRINTS,540754,144,0,340,2,3,-1468.8,340,48960,5,2422.05,50863.07,0725971,9,J.D.LOGISTICS,AMAR BHAI
120,02/04/2026,51,MANIBHADRA TRADELINK,V R PAWAR SAREES,JAYMALA,SAI LADLI DESIGNER,540754,6,0,1699,2,5,-509.7,1699,10194,5,493.9,10371.89,0725962,25,J.D.LOGISTICS,RATAN BHAI
121,02/04/2026,51,MANIBHADRA TRADELINK,V R PAWAR SAREES,AMAR,SAI LADLI DESIGNER,540754,10,0,2299,2,5,-1149.5,2299,22990,5,1113.87,23391.18,0725962,25,J.D.LOGISTICS,RATAN BHAI
122,02/04/2026,51,MANIBHADRA TRADELINK,V R PAWAR SAREES,KANIKA,SAI LADLI DESIGNER,540754,11,0,2095,2,5,-1152.25,2095,23045,5,1116.53,23447.13,0725962,25,J.D.LOGISTICS,RATAN BHAI
123,02/04/2026,51,MANIBHADRA TRADELINK,V R PAWAR SAREES,LIGHT MEDAL,SAI LADLI DESIGNER,540754,5,0,2799,2,5,-699.75,2799,13995,5,678.06,14239.21,0725962,25,J.D.LOGISTICS,RATAN BHAI
124,02/04/2026,51,MANIBHADRA TRADELINK,V R PAWAR SAREES,LIGHT VAMIKA,SAI LADLI DESIGNER,540754,6,0,3399,2,5,-1019.7,3399,20394,5,988.09,20749.88,0725962,25,J.D.LOGISTICS,RATAN BHAI
125,02/04/2026,51,MANIBHADRA TRADELINK,V R PAWAR SAREES,ANSHU,SAI LADLI DESIGNER,540754,6,0,3465,2,5,-1039.5,3465,20790,5,1007.28,21152.79,0725962,25,J.D.LOGISTICS,RATAN BHAI
126,02/04/2026,51,MANIBHADRA TRADELINK,V R PAWAR SAREES,RUDRA,SAI LADLI DESIGNER,540754,6,0,2399,2,5,-719.7,2399,14394,5,697.39,14645.18,0725962,25,J.D.LOGISTICS,RATAN BHAI
127,02/04/2026,51,MANIBHADRA TRADELINK,V R PAWAR SAREES,SAMARTH,SAI LADLI DESIGNER,540754,7,0,2165,2,5,-757.75,2165,15155,5,734.26,15419.45,0725962,25,J.D.LOGISTICS,RATAN BHAI
128,02/04/2026,52,MANIBHADRA TRADELINK,V R PAWAR SAREES,MEDAL,SAI LADLI DESIGNER,540754,9,0,2799,2,5,-1259.55,2799,25191,5,1220.5,25630.58,0725964,26,J.D.LOGISTICS,RATAN BHAI
129,02/04/2026,52,MANIBHADRA TRADELINK,V R PAWAR SAREES,PARIDHAN,SAI LADLI DESIGNER,540754,8,0,2499,2,5,-999.6,2499,19992,5,968.61,20340.86,0725964,26,J.D.LOGISTICS,RATAN BHAI
130,02/04/2026,52,MANIBHADRA TRADELINK,V R PAWAR SAREES,NILKANTH,SAI LADLI DESIGNER,540754,2,0,2145,2,5,-214.5,2145,4290,5,207.85,4364.86,0725964,26,J.D.LOGISTICS,RATAN BHAI
131,02/04/2026,52,MANIBHADRA TRADELINK,V R PAWAR SAREES,MAHARANI,SAI LADLI DESIGNER,540754,9,0,2599,2,5,-1169.55,2599,23391,5,1133.29,23799.17,0725964,26,J.D.LOGISTICS,RATAN BHAI
132,02/04/2026,52,MANIBHADRA TRADELINK,V R PAWAR SAREES,JACQUELINE,SAI LADLI DESIGNER,540754,9,0,2999,2,5,-1349.55,2999,26991,5,1307.71,27461.99,0725964,26,J.D.LOGISTICS,RATAN BHAI
133,02/04/2026,52,MANIBHADRA TRADELINK,V R PAWAR SAREES,KHUSHI,SAI LADLI DESIGNER,540754,1,0,4395,2,5,-219.75,4395,4395,5,212.94,4471.7,0725964,26,J.D.LOGISTICS,RATAN BHAI
134,02/04/2026,52,MANIBHADRA TRADELINK,V R PAWAR SAREES,ARMANI,SAI LADLI DESIGNER,540754,1,0,4395,2,5,-219.75,4395,4395,5,212.94,4471.7,0725964,26,J.D.LOGISTICS,RATAN BHAI
135,02/04/2026,52,MANIBHADRA TRADELINK,V R PAWAR SAREES,BANARASI,SAI LADLI DESIGNER,540754,1,0,4395,2,5,-219.75,4395,4395,5,212.94,4471.7,0725964,26,J.D.LOGISTICS,RATAN BHAI
136,02/04/2026,53,MANIBHADRA TRADELINK,V R PAWAR SAREES,DHONI,SAI LADLI DESIGNER,540754,5,0,2745,2,5,-686.25,2745,13725,5,664.98,13964.5,0725965,22,J.D.LOGISTICS,RATAN BHAI
137,02/04/2026,53,MANIBHADRA TRADELINK,V R PAWAR SAREES,ALANKAR,SAI LADLI DESIGNER,540754,6,0,1495,2,5,-448.5,1495,8970,5,434.6,9126.53,0725965,22,J.D.LOGISTICS,RATAN BHAI
138,02/04/2026,53,MANIBHADRA TRADELINK,V R PAWAR SAREES,KERALA,SAI LADLI DESIGNER,540754,7,0,2445,2,5,-855.75,2445,17115,5,829.22,17413.65,0725965,22,J.D.LOGISTICS,RATAN BHAI
139,02/04/2026,53,MANIBHADRA TRADELINK,V R PAWAR SAREES,LIGHT KASHINATH,SAI LADLI DESIGNER,540754,3,0,1399,2,5,-209.85,1399,4197,5,203.34,4270.23,0725965,22,J.D.LOGISTICS,RATAN BHAI
140,02/04/2026,53,MANIBHADRA TRADELINK,V R PAWAR SAREES,JOGAN,SAI LADLI DESIGNER,540754,5,0,4695,2,5,-1173.75,4695,23475,5,1137.36,23884.63,0725965,22,J.D.LOGISTICS,RATAN BHAI
141,02/04/2026,53,MANIBHADRA TRADELINK,V R PAWAR SAREES,RUKMANI,SAI LADLI DESIGNER,540754,5,0,1399,2,5,-349.75,1399,6995,5,338.91,7117.06,0725965,22,J.D.LOGISTICS,RATAN BHAI
142,02/04/2026,53,MANIBHADRA TRADELINK,V R PAWAR SAREES,CHAMPAKALI,SAI LADLI DESIGNER,540754,14,0,3565,2,5,-2495.5,3565,49910,5,2418.14,50780.93,0725965,22,J.D.LOGISTICS,RATAN BHAI
143,02/04/2026,53,MANIBHADRA TRADELINK,V R PAWAR SAREES,SHOBHA,SAI LADLI DESIGNER,540754,6,0,3099,2,5,-929.7,3099,18594,5,900.88,18918.47,0725965,22,J.D.LOGISTICS,RATAN BHAI
144,02/04/2026,53,MANIBHADRA TRADELINK,V R PAWAR SAREES,RANJAN,SAI LADLI DESIGNER,540754,5,0,2895,2,5,-723.75,2895,14475,5,701.31,14727.58,0725965,22,J.D.LOGISTICS,RATAN BHAI
145,02/04/2026,53,MANIBHADRA TRADELINK,V R PAWAR SAREES,CINEMA,SAI LADLI DESIGNER,540754,4,0,1865,2,5,-373,1865,7460,5,361.44,7590.18,0725965,22,J.D.LOGISTICS,RATAN BHAI
146,02/04/2026,54,MANIBHADRA TRADELINK,V R PAWAR SAREES,RUTIKA,SAI LADLI DESIGNER,540754,6,0,1995,2,5,-598.5,1995,11970,5,579.95,12178.88,0725961,23,J.D.LOGISTICS,RATAN BHAI
147,02/04/2026,54,MANIBHADRA TRADELINK,V R PAWAR SAREES,FULGAJRO,SAI LADLI DESIGNER,540754,9,0,1265,2,5,-569.25,1265,11385,5,551.6,11583.67,0725961,23,J.D.LOGISTICS,RATAN BHAI
148,02/04/2026,54,MANIBHADRA TRADELINK,V R PAWAR SAREES,MONU,SAI LADLI DESIGNER,540754,7,0,1120,2,5,-392,1120,7840,5,379.85,7976.81,0725961,23,J.D.LOGISTICS,RATAN BHAI
149,02/04/2026,54,MANIBHADRA TRADELINK,V R PAWAR SAREES,NAVRATRI,SAI LADLI DESIGNER,540754,5,0,2299,2,5,-574.75,2299,11495,5,556.93,11695.59,0725961,23,J.D.LOGISTICS,RATAN BHAI
150,02/04/2026,54,MANIBHADRA TRADELINK,V R PAWAR SAREES,LAXMI,SAI LADLI DESIGNER,540754,17,0,4195,2,5,-3565.75,4195,71315,5,3455.21,72559.45,0725961,23,J.D.LOGISTICS,RATAN BHAI
151,02/04/2026,54,MANIBHADRA TRADELINK,V R PAWAR SAREES,AMRAPALI,SAI LADLI DESIGNER,540754,5,0,3265,2,5,-816.25,3265,16325,5,790.95,16609.88,0725961,23,J.D.LOGISTICS,RATAN BHAI
152,02/04/2026,54,MANIBHADRA TRADELINK,V R PAWAR SAREES,JYOTI,SAI LADLI DESIGNER,540754,7,0,1920,2,5,-672,1920,13440,5,651.17,13674.53,0725961,23,J.D.LOGISTICS,RATAN BHAI
153,02/04/2026,54,MANIBHADRA TRADELINK,V R PAWAR SAREES,PUSHPA,SAI LADLI DESIGNER,540754,2,0,2165,2,5,-216.5,2165,4330,5,209.79,4405.56,0725961,23,J.D.LOGISTICS,RATAN BHAI
154,02/04/2026,54,MANIBHADRA TRADELINK,V R PAWAR SAREES,ASHMERA,SAI LADLI DESIGNER,540754,3,0,3695,2,5,-554.25,3695,11085,5,537.07,11278.44,0725961,23,J.D.LOGISTICS,RATAN BHAI
155,02/04/2026,55,MANIBHADRA TRADELINK,V R PAWAR SAREES,CHINKI,SAI LADLI DESIGNER,540754,24,0,1075,2,5,-1290,1075,25800,5,1250.01,26250.21,0725963,24,J.D.LOGISTICS,RATAN BHAI
156,02/04/2026,55,MANIBHADRA TRADELINK,V R PAWAR SAREES,CHERRY   ,SAI LADLI DESIGNER,540754,8,0,3095,2,5,-1238,3095,24760,5,1199.62,25192.06,0725963,24,J.D.LOGISTICS,RATAN BHAI
157,02/04/2026,55,MANIBHADRA TRADELINK,V R PAWAR SAREES,SWAYAMVAR,SAI LADLI DESIGNER,540754,6,0,1765,2,5,-529.5,1765,10590,5,513.09,10774.8,0725963,24,J.D.LOGISTICS,RATAN BHAI
158,02/04/2026,55,MANIBHADRA TRADELINK,V R PAWAR SAREES,ASHA,SAI LADLI DESIGNER,540754,6,0,1845,2,5,-553.5,1845,11070,5,536.34,11263.17,0725963,24,J.D.LOGISTICS,RATAN BHAI
159,02/04/2026,55,MANIBHADRA TRADELINK,V R PAWAR SAREES,ABHUSHAN,SAI LADLI DESIGNER,540754,5,0,2095,2,5,-523.75,2095,10475,5,507.51,10657.78,0725963,24,J.D.LOGISTICS,RATAN BHAI
160,02/04/2026,55,MANIBHADRA TRADELINK,V R PAWAR SAREES,LIGHT PARIDHAN,SAI LADLI DESIGNER,540754,4,0,2499,2,5,-499.8,2499,9996,5,484.31,10170.43,0725963,24,J.D.LOGISTICS,RATAN BHAI
161,02/04/2026,55,MANIBHADRA TRADELINK,V R PAWAR SAREES,VAR VADHU,SAI LADLI DESIGNER,540754,5,0,1865,2,5,-466.25,1865,9325,5,451.8,9487.72,0725963,24,J.D.LOGISTICS,RATAN BHAI
162,02/04/2026,55,MANIBHADRA TRADELINK,V R PAWAR SAREES,DWARKA,SAI LADLI DESIGNER,540754,7,0,1995,2,5,-698.25,1995,13965,5,676.6,14208.68,0725963,24,J.D.LOGISTICS,RATAN BHAI
163,02/04/2026,55,MANIBHADRA TRADELINK,V R PAWAR SAREES,DHRUVI,SAI LADLI DESIGNER,540754,5,0,1745,2,5,-436.25,1745,8725,5,422.73,8877.25,0725963,24,J.D.LOGISTICS,RATAN BHAI
164,02/04/2026,56,MANIBHADRA TRADELINK,V R PAWAR SAREES,URVASHI,MANVI CREATION,540754,72,0,625,2,2,-900,625,45000,5,2249.1,47231.1,0726495,5,J.D.LOGISTICS,AMAR BHAI
165,02/04/2026,57,MANIBHADRA TRADELINK,V R PAWAR SAREES,BALIKA,VAANI FASHION,540754,64,0,495,2,2,-633.6,495,31680,5,1583.37,33250.7,0726626,38,J.D.LOGISTICS,AMAR BHAI
166,02/04/2026,57,MANIBHADRA TRADELINK,V R PAWAR SAREES,SHIVRATRI,VAANI FASHION,540754,24,0,545,2,2,-261.6,545,13080,5,653.74,13728.51,0726626,38,J.D.LOGISTICS,AMAR BHAI
167,02/04/2026,58,MANIBHADRA TRADELINK,V R PAWAR SAREES,MOGRA SILK,ROZY SILK MILLS,540754,84,0,345,2,2,-579.6,345,28980,5,1448.42,30416.83,0726727,28,J.D.LOGISTICS,AMAR BHAI
168,02/04/2026,59,MANIBHADRA TRADELINK,V R PAWAR SAREES,MOGRA SILK,ROZY SILK MILLS,540754,84,0,345,2,2,-579.6,345,28980,5,1448.42,30416.83,0726731,29,J.D.LOGISTICS,AMAR BHAI
169,02/04/2026,60,MANIBHADRA TRADELINK,V R PAWAR SAREES,MOGRA SILK,ROZY SILK MILLS,540754,84,0,345,2,2,-579.6,345,28980,5,1448.42,30416.83,0726729,30,J.D.LOGISTICS,AMAR BHAI
170,02/04/2026,61,MANIBHADRA TRADELINK,V R PAWAR SAREES,MOGRA SILK,ROZY SILK MILLS,540754,84,0,345,2,2,-579.6,345,28980,5,1448.42,30416.83,0726734,31,J.D.LOGISTICS,AMAR BHAI
171,02/04/2026,62,MANIBHADRA TRADELINK,V R PAWAR SAREES,MOGRA SILK,ROZY SILK MILLS,540754,84,0,345,2,2,-579.6,345,28980,5,1448.42,30416.83,0726736,32,J.D.LOGISTICS,AMAR BHAI
172,02/04/2026,63,MANIBHADRA TRADELINK,V R PAWAR SAREES,LINEN SPECIAL,ROZY SILK MILLS,540754,84,0,225,2,2,-378,225,18900,5,944.62,19837.06,0726733,50,J.D.LOGISTICS,AMAR BHAI
173,02/04/2026,64,MANIBHADRA TRADELINK,V R PAWAR SAREES,LINEN SPECIAL,ROZY SILK MILLS,540754,84,0,225,2,2,-378,225,18900,5,944.62,19837.06,0726732,51,J.D.LOGISTICS,AMAR BHAI
174,02/04/2026,65,MANIBHADRA TRADELINK,V R PAWAR SAREES,LINEN SPECIAL,ROZY SILK MILLS,540754,84,0,225,2,2,-378,225,18900,5,944.62,19837.06,0726735,52,J.D.LOGISTICS,AMAR BHAI
175,02/04/2026,66,MANIBHADRA TRADELINK,V R PAWAR SAREES,LINEN SPECIAL,ROZY SILK MILLS,540754,84,0,225,2,2,-378,225,18900,5,944.62,19837.06,0726730,53,J.D.LOGISTICS,AMAR BHAI
176,02/04/2026,67,MANIBHADRA TRADELINK,V R PAWAR SAREES,LINEN SPECIAL,ROZY SILK MILLS,540754,84,0,225,2,2,-378,225,18900,5,944.62,19837.06,0726728,54,J.D.LOGISTICS,AMAR BHAI
177,02/04/2026,68,MANIBHADRA TRADELINK,V R PAWAR SAREES,PARVATI,SHILALEKH SAREES,540754,81,0,698,2,3,-1696.14,698,56538,5,2796.94,58735.64,0726266,1,J.D.LOGISTICS,AMAR BHAI
178,02/04/2026,69,MANIBHADRA TRADELINK,V R PAWAR SAREES,JALEBI SIROSKI,SHILALEKH SAREES,540754,90,0,405,2,3,-1093.5,405,36450,5,1803.18,37866.81,0726265,2,J.D.LOGISTICS,AMAR BHAI
179,02/04/2026,70,MANIBHADRA TRADELINK,V R PAWAR SAREES,AAM PANA,SHILALEKH SAREES,540754,96,0,455,2,3,-1310.4,455,43680,5,2160.85,45377.84,0726262,3,J.D.LOGISTICS,AMAR BHAI
180,02/04/2026,71,MANIBHADRA TRADELINK,V R PAWAR SAREES,BHAVIKA,SHIVA SAREES,540754,16,0,690,2,2,-220.8,690,11040,5,551.78,11587.36,0726256,37,J.D.LOGISTICS,AMAR BHAI
181,02/04/2026,71,MANIBHADRA TRADELINK,V R PAWAR SAREES,DIVYA,SHIVA SAREES,540754,12,0,790,2,2,-189.6,790,9480,5,473.81,9950.02,0726256,37,J.D.LOGISTICS,AMAR BHAI
182,02/04/2026,71,MANIBHADRA TRADELINK,V R PAWAR SAREES,RAJUL,SHIVA SAREES,540754,8,0,990,2,2,-158.4,990,7920,5,395.84,8312.67,0726256,37,J.D.LOGISTICS,AMAR BHAI
183,02/04/2026,71,MANIBHADRA TRADELINK,V R PAWAR SAREES,RISHIKA,SHIVA SAREES,540754,12,0,990,2,2,-237.6,990,11880,5,593.76,12469.01,0726256,37,J.D.LOGISTICS,AMAR BHAI
184,02/04/2026,72,MANIBHADRA TRADELINK,V R PAWAR SAREES,PADOSHAN BHABHI,SHREE SIDDHI SAREES,540754,24,0,425,2,2,-204,425,10200,5,509.8,10705.72,0727013,147,J.D.LOGISTICS,AMAR BHAI
185,02/04/2026,72,MANIBHADRA TRADELINK,V R PAWAR SAREES,CPL,SHREE SIDDHI SAREES,540754,51,0,325,2,2,-331.5,325,16575,5,828.42,17396.79,0727013,147,J.D.LOGISTICS,AMAR BHAI
186,02/04/2026,73,MANIBHADRA TRADELINK,V R PAWAR SAREES,NEW GANGA,SAI CREATION,540754,80,,285,2,2,-456,285,22800,5,1139.54,23930.42,0726494,25,J.D.LOGISTICS,AMAR BHAI
187,02/04/2026,74,MANIBHADRA TRADELINK,V R PAWAR SAREES,NEW GANGA,SAI CREATION,540754,58,,285,2,2,-330.6,285,16530,5,826.17,17349.56,0726493,74,J.D.LOGISTICS,AMAR BHAI
188,02/04/2026,75,MANIBHADRA TRADELINK,V R PAWAR SAREES,BABY BLANKET,RIDDHI SALES INDIA,540754,10,,721,2,10,-721,721,7210,5,330.94,6949.72,0726805,33,J.D.LOGISTICS,AMAR BHAI
189,02/04/2026,75,MANIBHADRA TRADELINK,V R PAWAR SAREES,FANCY BLANKET,RIDDHI SALES INDIA,540754,8,,495,2,10,-396,495,3960,5,181.76,3817.04,0726805,33,J.D.LOGISTICS,AMAR BHAI
190,02/04/2026,75,MANIBHADRA TRADELINK,V R PAWAR SAREES,BAMBOO SILK,RIDDHI SALES INDIA,540754,9,,635,2,10,-571.5,635,5715,5,262.32,5508.69,0726805,33,J.D.LOGISTICS,AMAR BHAI
191,02/04/2026,75,MANIBHADRA TRADELINK,V R PAWAR SAREES,LINEN BABY,RIDDHI SALES INDIA,540754,5,,895,2,10,-447.5,895,4475,5,205.4,4313.45,0726805,33,J.D.LOGISTICS,AMAR BHAI
192,02/04/2026,75,MANIBHADRA TRADELINK,V R PAWAR SAREES,DOVAD,RIDDHI SALES INDIA,540754,10,,375,2,10,-375,375,3750,5,172.13,3614.63,0726805,33,J.D.LOGISTICS,AMAR BHAI
193,02/04/2026,75,MANIBHADRA TRADELINK,V R PAWAR SAREES,BABY ROMPER,RIDDHI SALES INDIA,540754,21,,395,2,10,-829.5,395,8295,5,380.74,7995.55,0726805,33,J.D.LOGISTICS,AMAR BHAI
194,02/04/2026,76,MANIBHADRA TRADELINK,V R PAWAR SAREES,BLUE STAR,SUKH SAGAR PRINTS,540754,38,,225,2,4,-342,225,8550,5,418.61,8790.77,0726388,43,J.D.LOGISTICS,AMAR BHAI
195,02/04/2026,76,MANIBHADRA TRADELINK,V R PAWAR SAREES,PACKING,SUKH SAGAR PRINTS,540754,1,,157,2,4,-6.28,157,157,5,7.69,161.42,0726388,43,J.D.LOGISTICS,AMAR BHAI
196,02/04/2026,77,MANIBHADRA TRADELINK,V R PAWAR SAREES,NIMISHA,RIDDHI FASHIONS,540754,54,,690,2,2,-745.2,690,37260,5,1862.25,39107.34,0726806,64,J.D.LOGISTICS,AMAR BHAI
197,02/04/2026,77,MANIBHADRA TRADELINK,V R PAWAR SAREES,KALPSUTRA,RIDDHI FASHIONS,540754,16,,421,2,2,-134.72,421,6736,5,336.67,7069.98,0726806,64,J.D.LOGISTICS,AMAR BHAI
198,02/04/2026,78,MANIBHADRA TRADELINK,V R PAWAR SAREES,SHALIGRAM,RIDDHI FASHIONS,540754,72,,655,2,2,-943.2,655,47160,5,2357.06,49498.2,0726807,65,J.D.LOGISTICS,AMAR BHAI
199,02/04/2026,79,MANIBHADRA TRADELINK,V R PAWAR SAREES,ANKUSH,VEERVAANI SAREES,540754,78,,450,2,2,-702,450,35100,5,1754.3,36840.26,0726817,2,J.D.LOGISTICS,AMAR BHAI
200,02/04/2026,80,MANIBHADRA TRADELINK,V R PAWAR SAREES,DHADKAN,SHYAM TEX,540754,5,,535,2,2,-53.5,535,2675,5,133.7,2807.63,0726396,24,J.D.LOGISTICS,AMAR BHAI
201,02/04/2026,80,MANIBHADRA TRADELINK,V R PAWAR SAREES,UPKAR 8,SHYAM TEX,540754,5,,535,2,2,-53.5,535,2675,5,133.7,2807.63,0726396,24,J.D.LOGISTICS,AMAR BHAI
202,02/04/2026,80,MANIBHADRA TRADELINK,V R PAWAR SAREES,RAJ,SHYAM TEX,540754,30,,535,2,2,-321,535,16050,5,802.18,16845.76,0726396,24,J.D.LOGISTICS,AMAR BHAI
203,02/04/2026,81,MANIBHADRA TRADELINK,V R PAWAR SAREES,SONIKA,ASHOK TEX,540754,585,,182,2,2,-2129.4,182,106470,5,5321.37,111748.78,0726106,11,J.D.LOGISTICS,AMAR BHAI
204,03/04/2026,82,MANIBHADRA TRADELINK,V R PAWAR SAREES,NEW GANGA,SAI CREATION,540754,68,0,285,2,2,-387.6,285,19380,5,968.61,20340.86,0726492,27,J.D.LOGISTICS,AMAR BHAI
205,03/04/2026,83,MANIBHADRA TRADELINK,V R PAWAR SAREES,SUBH SANGAM,SHYAM SILK MILLS,540754,120,0,440,2,2,-1056,440,52800,5,2638.94,55417.82,0727878,3,J.D.LOGISTICS,RISHIKESH
206,03/04/2026,84,MANIBHADRA TRADELINK,V R PAWAR SAREES,SUBH SANGAM,SHYAM SILK MILLS,540754,120,0,440,2,2,-1056,440,52800,5,2638.94,55417.82,0727879,4,J.D.LOGISTICS,RISHIKESH
207,03/04/2026,85,MANIBHADRA TRADELINK,V R PAWAR SAREES,NARAYAN PETHANI,SHYAM SILK MILLS,540754,90,0,590,2,2,-1062,590,53100,5,2653.94,55732.7,0727880,5,J.D.LOGISTICS,RISHIKESH
208,03/04/2026,86,MANIBHADRA TRADELINK,V R PAWAR SAREES,SUBH SANGAM,SHYAM SILK MILLS,540754,120,0,440,2,2,-1056,440,52800,5,2638.94,55417.82,0727881,2,J.D.LOGISTICS,RISHIKESH
209,03/04/2026,87,MANIBHADRA TRADELINK,V R PAWAR SAREES,NARAYAN PETHANI,SHYAM SILK MILLS,540754,88,0,590,2,2,-1038.4,590,51920,5,2594.96,54494.19,0727877,6,J.D.LOGISTICS,RISHIKESH
210,03/04/2026,88,MANIBHADRA TRADELINK,V R PAWAR SAREES,SONIYA,SAI AASHA,540754,12,0,1365,2,,,1365,16380,5,835.38,17542.98,0726447,64,J.D.LOGISTICS,RATAN BHAI
211,03/04/2026,88,MANIBHADRA TRADELINK,V R PAWAR SAREES,CYNTHOL,SAI AASHA,540754,6,0,1115,2,,,1115,6690,5,341.19,7164.99,0726447,64,J.D.LOGISTICS,RATAN BHAI
212,03/04/2026,88,MANIBHADRA TRADELINK,V R PAWAR SAREES,SUNDAR NX,SAI AASHA,540754,6,0,1925,2,,,1925,11550,5,589.05,12370.05,0726447,64,J.D.LOGISTICS,RATAN BHAI
213,03/04/2026,88,MANIBHADRA TRADELINK,V R PAWAR SAREES,KERI NX,SAI AASHA,540754,5,0,2265,2,,,2265,11325,5,577.58,12129.08,0726447,64,J.D.LOGISTICS,RATAN BHAI
214,03/04/2026,89,MANIBHADRA TRADELINK,V R PAWAR SAREES,SN B VT 13177,BHAGYASHREE TEXTLIE,540754,17,0,931,2,2,-316.54,931,15827,5,791.03,16611.7,0726418,10,J.D.LOGISTICS,RATAN BHAI
215,03/04/2026,89,MANIBHADRA TRADELINK,V R PAWAR SAREES,SN B KB 13243,BHAGYASHREE TEXTLIE,540754,10,0,808,2,2,-161.6,808,8080,5,403.84,8480.61,0726418,10,J.D.LOGISTICS,RATAN BHAI
216,03/04/2026,90,MANIBHADRA TRADELINK,V R PAWAR SAREES,TL 8160,JAINAM CREATION,540754,8,0,1466,2,2,-234.56,1466,11728,5,586.17,12309.48,0726422,24,J.D.LOGISTICS,RATAN BHAI
217,03/04/2026,90,MANIBHADRA TRADELINK,V R PAWAR SAREES,VT 7082,JAINAM CREATION,540754,12,0,931,2,2,-223.44,931,11172,5,558.38,11725.91,0726422,24,J.D.LOGISTICS,RATAN BHAI
218,03/04/2026,90,MANIBHADRA TRADELINK,V R PAWAR SAREES,SN VT 7588,JAINAM CREATION,540754,7,0,1509,2,2,-211.26,1509,10563,5,527.94,11086.72,0726422,24,J.D.LOGISTICS,RATAN BHAI
219,03/04/2026,90,MANIBHADRA TRADELINK,V R PAWAR SAREES,VT 4754,JAINAM CREATION,540754,12,0,931,2,2,-223.44,931,11172,5,558.38,11725.91,0726422,24,J.D.LOGISTICS,RATAN BHAI
220,03/04/2026,90,MANIBHADRA TRADELINK,V R PAWAR SAREES,VT 4766,JAINAM CREATION,540754,3,0,978,2,2,-58.68,978,2934,5,146.64,3079.47,0726422,24,J.D.LOGISTICS,RATAN BHAI
221,03/04/2026,90,MANIBHADRA TRADELINK,V R PAWAR SAREES,VT 2081,JAINAM CREATION,540754,7,0,999,2,2,-139.86,999,6993,5,349.51,7339.71,0726422,24,J.D.LOGISTICS,RATAN BHAI
222,03/04/2026,90,MANIBHADRA TRADELINK,V R PAWAR SAREES,ST 4652,JAINAM CREATION,540754,4,0,1356,2,2,-108.48,1356,5424,5,271.09,5692.92,0726422,24,J.D.LOGISTICS,RATAN BHAI
223,03/04/2026,91,MANIBHADRA TRADELINK,V R PAWAR SAREES,VT 2081,JAINAM CREATION,540754,9,0,999,2,2,-179.82,999,8991,5,449.37,9436.77,0726420,25,J.D.LOGISTICS,RATAN BHAI
224,03/04/2026,91,MANIBHADRA TRADELINK,V R PAWAR SAREES,VT C 3052,JAINAM CREATION,540754,27,0,931,2,2,-502.74,931,25137,5,1256.35,26383.3,0726420,25,J.D.LOGISTICS,RATAN BHAI
225,03/04/2026,91,MANIBHADRA TRADELINK,V R PAWAR SAREES,VT 1824,JAINAM CREATION,540754,16,0,1016,2,2,-325.12,1016,16256,5,812.48,17061.98,0726420,25,J.D.LOGISTICS,RATAN BHAI
226,03/04/2026,91,MANIBHADRA TRADELINK,V R PAWAR SAREES,VT 6757,JAINAM CREATION,540754,5,0,829,2,2,-82.9,829,4145,5,207.17,4350.51,0726420,25,J.D.LOGISTICS,RATAN BHAI
227,03/04/2026,92,MANIBHADRA TRADELINK,V R PAWAR SAREES,VT 1824,JAINAM CREATION,540754,8,0,1016,2,2,-162.56,1016,8128,5,406.24,8530.99,0726421,26,J.D.LOGISTICS,RATAN BHAI
228,03/04/2026,92,MANIBHADRA TRADELINK,V R PAWAR SAREES,FD 8248,JAINAM CREATION,540754,5,0,1441,2,2,-144.1,1441,7205,5,360.11,7562.23,0726421,26,J.D.LOGISTICS,RATAN BHAI
229,03/04/2026,92,MANIBHADRA TRADELINK,V R PAWAR SAREES,NCM 8428,JAINAM CREATION,540754,7,0,893,2,2,-125.02,893,6251,5,312.43,6560.93,0726421,26,J.D.LOGISTICS,RATAN BHAI
230,03/04/2026,92,MANIBHADRA TRADELINK,V R PAWAR SAREES,KB 6996,JAINAM CREATION,540754,3,0,1488,2,2,-89.28,1488,4464,5,223.11,4685.32,0726421,26,J.D.LOGISTICS,RATAN BHAI
231,03/04/2026,92,MANIBHADRA TRADELINK,V R PAWAR SAREES,TL 8184,JAINAM CREATION,540754,4,0,1679,2,2,-134.32,1679,6716,5,335.67,7048.98,0726421,26,J.D.LOGISTICS,RATAN BHAI
232,03/04/2026,92,MANIBHADRA TRADELINK,V R PAWAR SAREES,KB 8168,JAINAM CREATION,540754,4,0,1526,2,2,-122.08,1526,6104,5,305.08,6406.64,0726421,26,J.D.LOGISTICS,RATAN BHAI
233,03/04/2026,92,MANIBHADRA TRADELINK,V R PAWAR SAREES,BS 7353,JAINAM CREATION,540754,5,0,2376,2,2,-237.6,2376,11880,5,593.76,12469.01,0726421,26,J.D.LOGISTICS,RATAN BHAI
234,03/04/2026,92,MANIBHADRA TRADELINK,V R PAWAR SAREES,SR 8129,JAINAM CREATION,540754,6,0,846,2,2,-101.52,846,5076,5,253.7,5327.67,0726421,26,J.D.LOGISTICS,RATAN BHAI
235,03/04/2026,92,MANIBHADRA TRADELINK,V R PAWAR SAREES,VT 6757,JAINAM CREATION,540754,10,0,829,2,2,-165.8,829,8290,5,414.33,8701.01,0726421,26,J.D.LOGISTICS,RATAN BHAI
236,03/04/2026,92,MANIBHADRA TRADELINK,V R PAWAR SAREES,FD 8464,JAINAM CREATION,540754,3,0,1318,2,2,-79.08,1318,3954,5,197.62,4150.04,0726421,26,J.D.LOGISTICS,RATAN BHAI
237,03/04/2026,92,MANIBHADRA TRADELINK,V R PAWAR SAREES,DP 8467,JAINAM CREATION,540754,3,0,1356,2,2,-81.36,1356,4068,5,203.32,4269.69,0726421,26,J.D.LOGISTICS,RATAN BHAI
238,03/04/2026,93,MANIBHADRA TRADELINK,V R PAWAR SAREES,VT 7635,JAINAM CREATION,540754,8,0,1594,2,2,-255.04,1594,12752,5,637.35,13384.25,0726417,27,J.D.LOGISTICS,RATAN BHAI
239,03/04/2026,93,MANIBHADRA TRADELINK,V R PAWAR SAREES,VT 7436,JAINAM CREATION,540754,8,0,1437,2,2,-229.92,1437,11496,5,574.57,12065.97,0726417,27,J.D.LOGISTICS,RATAN BHAI
240,03/04/2026,93,MANIBHADRA TRADELINK,V R PAWAR SAREES,GT 8454,JAINAM CREATION,540754,6,0,2104,2,2,-252.48,2104,12624,5,630.95,13249.9,0726417,27,J.D.LOGISTICS,RATAN BHAI
241,03/04/2026,93,MANIBHADRA TRADELINK,V R PAWAR SAREES,VT 3294,JAINAM CREATION,540754,32,0,846,2,2,-541.44,846,27072,5,1353.06,28414.23,0726417,27,J.D.LOGISTICS,RATAN BHAI
242,03/04/2026,94,MANIBHADRA TRADELINK,V R PAWAR SAREES,FD 6823,JAINAM CREATION,540754,4,0,2316,2,2,-185.28,2316,9264,5,463.01,9723.3,0726419,28,J.D.LOGISTICS,RATAN BHAI
243,03/04/2026,94,MANIBHADRA TRADELINK,V R PAWAR SAREES,NCM 7621,JAINAM CREATION,540754,4,0,2019,2,2,-161.52,2019,8076,5,403.64,8476.41,0726419,28,J.D.LOGISTICS,RATAN BHAI
244,03/04/2026,94,MANIBHADRA TRADELINK,V R PAWAR SAREES,TL 8439,JAINAM CREATION,540754,4,0,1862,2,2,-148.96,1862,7448,5,372.25,7817.27,0726419,28,J.D.LOGISTICS,RATAN BHAI
245,03/04/2026,94,MANIBHADRA TRADELINK,V R PAWAR SAREES,DP 6391,JAINAM CREATION,540754,7,0,1318,2,2,-184.52,1318,9226,5,461.12,9683.43,0726419,28,J.D.LOGISTICS,RATAN BHAI
246,03/04/2026,94,MANIBHADRA TRADELINK,V R PAWAR SAREES,FD 7806,JAINAM CREATION,540754,3,0,1551,2,2,-93.06,1551,4653,5,232.56,4883.7,0726419,28,J.D.LOGISTICS,RATAN BHAI
247,03/04/2026,94,MANIBHADRA TRADELINK,V R PAWAR SAREES,FD 8079,JAINAM CREATION,540754,3,0,1509,2,2,-90.54,1509,4527,5,226.26,4751.45,0726419,28,J.D.LOGISTICS,RATAN BHAI
248,03/04/2026,94,MANIBHADRA TRADELINK,V R PAWAR SAREES,VT 3294,JAINAM CREATION,540754,24,0,846,2,2,-406.08,846,20304,5,1014.79,21310.67,0726419,28,J.D.LOGISTICS,RATAN BHAI
249,03/04/2026,94,MANIBHADRA TRADELINK,V R PAWAR SAREES,KB 6868,JAINAM CREATION,540754,8,0,1509,2,2,-241.44,1509,12072,5,603.36,12670.53,0726419,28,J.D.LOGISTICS,RATAN BHAI
250,03/04/2026,94,MANIBHADRA TRADELINK,V R PAWAR SAREES,SF 6644,JAINAM CREATION,540754,5,0,978,2,2,-97.8,978,4890,5,244.4,5132.44,0726419,28,J.D.LOGISTICS,RATAN BHAI
251,03/04/2026,94,MANIBHADRA TRADELINK,V R PAWAR SAREES,FD 6870,JAINAM CREATION,540754,3,0,1679,2,2,-100.74,1679,5037,5,251.75,5286.74,0726419,28,J.D.LOGISTICS,RATAN BHAI
252,03/04/2026,94,MANIBHADRA TRADELINK,V R PAWAR SAREES,KB 8294,JAINAM CREATION,540754,2,0,1169,2,2,-46.76,1169,2338,5,116.85,2453.91,0726419,28,J.D.LOGISTICS,RATAN BHAI
253,03/04/2026,94,MANIBHADRA TRADELINK,V R PAWAR SAREES,NCM 7525,JAINAM CREATION,540754,4,0,1466,2,2,-117.28,1466,5864,5,293.08,6154.73,0726419,28,J.D.LOGISTICS,RATAN BHAI
254,03/04/2026,94,MANIBHADRA TRADELINK,V R PAWAR SAREES,DP 8214,JAINAM CREATION,540754,4,0,1271,2,2,-101.68,1271,5084,5,254.1,5336.07,0726419,28,J.D.LOGISTICS,RATAN BHAI
255,03/04/2026,95,MANIBHADRA TRADELINK,V R PAWAR SAREES,FD 8141,JAINAM CREATION,540754,7,0,2423,2,2,-339.22,2423,16961,5,847.71,17801.92,0726423,29,J.D.LOGISTICS,RATAN BHAI
256,03/04/2026,95,MANIBHADRA TRADELINK,V R PAWAR SAREES,DP 6385,JAINAM CREATION,540754,4,0,1318,2,2,-105.44,1318,5272,5,263.49,5533.38,0726423,29,J.D.LOGISTICS,RATAN BHAI
257,03/04/2026,95,MANIBHADRA TRADELINK,V R PAWAR SAREES,FD 8438,JAINAM CREATION,540754,8,0,1934,2,2,-309.44,1934,15472,5,773.29,16239.1,0726423,29,J.D.LOGISTICS,RATAN BHAI
258,03/04/2026,95,MANIBHADRA TRADELINK,V R PAWAR SAREES,FD 8453,JAINAM CREATION,540754,4,0,1573,2,2,-125.84,1573,6292,5,314.47,6603.95,0726423,29,J.D.LOGISTICS,RATAN BHAI
259,03/04/2026,95,MANIBHADRA TRADELINK,V R PAWAR SAREES,SR 4773,JAINAM CREATION,540754,6,0,1267,2,2,-152.04,1267,7602,5,379.95,7978.91,0726423,29,J.D.LOGISTICS,RATAN BHAI
260,03/04/2026,95,MANIBHADRA TRADELINK,V R PAWAR SAREES,FD 7999,JAINAM CREATION,540754,6,0,2202,2,2,-264.24,2202,13212,5,660.34,13867.05,0726423,29,J.D.LOGISTICS,RATAN BHAI
261,03/04/2026,95,MANIBHADRA TRADELINK,V R PAWAR SAREES,FD 7939,JAINAM CREATION,540754,5,0,1356,2,2,-135.6,1356,6780,5,338.86,7116.15,0726423,29,J.D.LOGISTICS,RATAN BHAI
262,03/04/2026,95,MANIBHADRA TRADELINK,V R PAWAR SAREES,FD 8298,JAINAM CREATION,540754,7,0,2083,2,2,-291.62,2083,14581,5,728.76,15303.93,0726423,29,J.D.LOGISTICS,RATAN BHAI
263,03/04/2026,95,MANIBHADRA TRADELINK,V R PAWAR SAREES,JC 6276,JAINAM CREATION,540754,6,0,1437,2,2,-172.44,1437,8622,5,430.93,9049.48,0726423,29,J.D.LOGISTICS,RATAN BHAI
264,03/04/2026,95,MANIBHADRA TRADELINK,V R PAWAR SAREES,DP 8400,JAINAM CREATION,540754,5,0,1339,2,2,-133.9,1339,6695,5,334.62,7026.94,0726423,29,J.D.LOGISTICS,RATAN BHAI
265,03/04/2026,95,MANIBHADRA TRADELINK,V R PAWAR SAREES,DP 8178,JAINAM CREATION,540754,2,0,1551,2,2,-62.04,1551,3102,5,155.04,3255.8,0726423,29,J.D.LOGISTICS,RATAN BHAI
266,03/04/2026,95,MANIBHADRA TRADELINK,V R PAWAR SAREES,FD 8465,JAINAM CREATION,540754,4,0,1658,2,2,-132.64,1658,6632,5,331.47,6960.82,0726423,29,J.D.LOGISTICS,RATAN BHAI
267,03/04/2026,95,MANIBHADRA TRADELINK,V R PAWAR SAREES,GT 7285,JAINAM CREATION,540754,10,0,1339,2,2,-267.8,1339,13390,5,669.23,14053.87,0726423,29,J.D.LOGISTICS,RATAN BHAI
268,03/04/2026,96,MANIBHADRA TRADELINK,V R PAWAR SAREES,DHAMAKA,VIVAAN PRINTS,540754,143,0,260,2,3,-1115.4,260,37180,5,1839.29,38625.18,0728024,16,J.D.LOGISTICS,AMAR BHAI
269,03/04/2026,97,MANIBHADRA TRADELINK,V R PAWAR SAREES,AGNI SAKSHI,VIMALNATH SAREES,540754,192,0,162,2,2,-622.08,162,31104,5,1554.58,32646.14,0726601,10,J.D.LOGISTICS,AMAR BHAI
270,03/04/2026,98,MANIBHADRA TRADELINK,V R PAWAR SAREES,AGNI SAKSHI,VIMALNATH SAREES,540754,192,0,162,2,2,-622.08,162,31104,5,1554.58,32646.14,0726600,9,J.D.LOGISTICS,AMAR BHAI
271,03/04/2026,99,MANIBHADRA TRADELINK,V R PAWAR SAREES,SELFY,MAHESH SAREES,540754,670,0,90,2,2,-1206,90,60300,5,3013.79,63289.67,0726835,6,J.D.LOGISTICS,AMAR BHAI
272,03/04/2026,100,MANIBHADRA TRADELINK,V R PAWAR SAREES,SELFY,MAHESH SAREES,540754,670,0,90,2,2,-1206,90,60300,5,3013.79,63289.67,0726836,7,J.D.LOGISTICS,AMAR BHAI
273,03/04/2026,101,MANIBHADRA TRADELINK,V R PAWAR SAREES,COPPER MAX,AAI ANANDA SYNTEX,540754,360,0,195,2,3,-2106,195,70200,5,3472.79,72928.67,0728228,95,J.D.LOGISTICS,AMAR BHAI
274,03/04/2026,102,MANIBHADRA TRADELINK,V R PAWAR SAREES,5664,JULAHAA EXCLUSIVE,540754,3,0,8970,2,10,-2691,8970,26910,5,1235.17,25938.55,BILL NO MT-103 BIL TO BILL GR (MAL NAHI GAYA THA),360193,J.D.LOGISTICS,RATAN BHAI
275,03/04/2026,103,MANIBHADRA TRADELINK,V R PAWAR SAREES,KRITIKA,AMRITWANI CREATION,540754,36,0,221,2,2,-159.12,221,7956,5,397.64,8350.46,0727011,11,J.D.LOGISTICS,AMAR BHAI
276,03/04/2026,103,MANIBHADRA TRADELINK,V R PAWAR SAREES,SAAVAN,AMRITWANI CREATION,540754,36,0,230,2,2,-165.6,230,8280,5,413.83,8690.52,0727011,11,J.D.LOGISTICS,AMAR BHAI
277,03/04/2026,104,MANIBHADRA TRADELINK,V R PAWAR SAREES,SILK SANDHYA,RIDDHI FASHIONS,540754,39,0,375,2,2,-292.5,375,14625,5,730.96,15350.11,0727093,93,J.D.LOGISTICS,AMAR BHAI
278,03/04/2026,104,MANIBHADRA TRADELINK,V R PAWAR SAREES,YAMINEE,RIDDHI FASHIONS,540754,40,0,555,2,2,-444,555,22200,5,1109.56,23300.68,0727093,93,J.D.LOGISTICS,AMAR BHAI
279,03/04/2026,105,MANIBHADRA TRADELINK,V R PAWAR SAREES,SIYA,VEERVAANI SAREES,540754,8,0,365,2,2.5,-73,365,2920,5,145.2,3049.14,0726816,6,J.D.LOGISTICS,AMAR BHAI
280,03/04/2026,105,MANIBHADRA TRADELINK,V R PAWAR SAREES,CRYSTAL SIROSKI,VEERVAANI SAREES,540754,8,0,375,2,2.5,-75,375,3000,5,149.18,3132.68,0726816,6,J.D.LOGISTICS,AMAR BHAI
281,03/04/2026,105,MANIBHADRA TRADELINK,V R PAWAR SAREES,CRYSTAL HAND,VEERVAANI SAREES,540754,8,0,411,2,2.5,-82.2,411,3288,5,163.5,3433.41,0726816,6,J.D.LOGISTICS,AMAR BHAI
282,03/04/2026,105,MANIBHADRA TRADELINK,V R PAWAR SAREES,OLIVE BUTTA,VEERVAANI SAREES,540754,10,0,495,2,2.5,-123.75,495,4950,5,246.14,5168.91,0726816,6,J.D.LOGISTICS,AMAR BHAI
283,03/04/2026,105,MANIBHADRA TRADELINK,V R PAWAR SAREES,SPUN HAND,VEERVAANI SAREES,540754,11,0,485,2,2.5,-133.38,485,5335,5,265.28,5570.94,0726816,6,J.D.LOGISTICS,AMAR BHAI
284,03/04/2026,105,MANIBHADRA TRADELINK,V R PAWAR SAREES,RANGILA,VEERVAANI SAREES,540754,3,0,411,2,2.5,-30.83,411,1233,5,61.31,1287.53,0726816,6,J.D.LOGISTICS,AMAR BHAI
285,03/04/2026,105,MANIBHADRA TRADELINK,V R PAWAR SAREES,S N KERI,VEERVAANI SAREES,540754,2,0,650,2,2.5,-32.5,650,1300,5,64.64,1357.49,0726816,6,J.D.LOGISTICS,AMAR BHAI
286,03/04/2026,105,MANIBHADRA TRADELINK,V R PAWAR SAREES,OLIVE ANCHOR,VEERVAANI SAREES,540754,2,0,650,2,2.5,-32.5,650,1300,5,64.64,1357.49,0726816,6,J.D.LOGISTICS,AMAR BHAI
287,03/04/2026,105,MANIBHADRA TRADELINK,V R PAWAR SAREES,LADER BUTTA,VEERVAANI SAREES,540754,2,0,525,2,2.5,-26.25,525,1050,5,52.21,1096.43,0726816,6,J.D.LOGISTICS,AMAR BHAI
288,03/04/2026,105,MANIBHADRA TRADELINK,V R PAWAR SAREES,BRUSH HAND,VEERVAANI SAREES,540754,1,0,675,2,2.5,-16.88,675,675,5,33.56,704.85,0726816,6,J.D.LOGISTICS,AMAR BHAI
289,03/04/2026,105,MANIBHADRA TRADELINK,V R PAWAR SAREES,GOOD CHOICE,VEERVAANI SAREES,540754,2,0,690,2,2.5,-34.5,690,1380,5,68.62,1441.03,0726816,6,J.D.LOGISTICS,AMAR BHAI
290,03/04/2026,105,MANIBHADRA TRADELINK,V R PAWAR SAREES,YODHA,VEERVAANI SAREES,540754,2,0,725,2,2.5,-36.25,725,1450,5,72.1,1514.12,0726816,6,J.D.LOGISTICS,AMAR BHAI
291,03/04/2026,105,MANIBHADRA TRADELINK,V R PAWAR SAREES,GOLD SIROSHKI,VEERVAANI SAREES,540754,2,0,550,2,2.5,-27.5,550,1100,5,54.7,1148.65,0726816,6,J.D.LOGISTICS,AMAR BHAI
292,03/04/2026,105,MANIBHADRA TRADELINK,V R PAWAR SAREES,APSARA BUTTA,VEERVAANI SAREES,540754,2,0,590,2,2.5,-29.5,590,1180,5,58.68,1232.19,0726816,6,J.D.LOGISTICS,AMAR BHAI
293,03/04/2026,105,MANIBHADRA TRADELINK,V R PAWAR SAREES,B PATCH,VEERVAANI SAREES,540754,2,0,525,2,2.5,-26.25,525,1050,5,52.21,1096.43,0726816,6,J.D.LOGISTICS,AMAR BHAI
294,03/04/2026,106,MANIBHADRA TRADELINK,V R PAWAR SAREES,4117,PAVITRA SAACHI DESIGNER SAREES PVT.LTD,540754,5,0,4630,2,2,-463,4630,23150,5,1157.04,24297.78,0726820,21,J.D.LOGISTICS,RATAN BHAI
295,03/04/2026,107,MANIBHADRA TRADELINK,V R PAWAR SAREES,ZILMIL,ROOPLAXMI FASHION,540754,20,0,1125,2,2,-450,1125,22500,5,1124.55,23615.55,0726987,9,J.D.LOGISTICS,RATAN BHAI
296,03/04/2026,107,MANIBHADRA TRADELINK,V R PAWAR SAREES,ZILMIL,ROOPLAXMI FASHION,540754,18,0,1125,2,2,-405,1125,20250,5,1012.1,21254,0726987,9,J.D.LOGISTICS,RATAN BHAI
297,03/04/2026,107,MANIBHADRA TRADELINK,V R PAWAR SAREES,HOUSEFULL,ROOPLAXMI FASHION,540754,10,0,1035,2,2,-207,1035,10350,5,517.29,10863.15,0726987,9,J.D.LOGISTICS,RATAN BHAI
298,03/04/2026,108,MANIBHADRA TRADELINK,V R PAWAR SAREES,PRIYANKA,VIVAAN PRINTS,540754,143,0,270,2,3,-1158.3,270,38610,5,1910.04,40110.77,0728023,25,J.D.LOGISTICS,AMAR BHAI
299,03/04/2026,109,MANIBHADRA TRADELINK,V R PAWAR SAREES,COCA COLA,ASHOK TEX,540754,158,0,215,2,2,-679.4,215,33970,5,1697.82,35654.23,0728336,20,J.D.LOGISTICS,AMAR BHAI
300,04/04/2026,110,MANIBHADRA TRADELINK,V R PAWAR SAREES,APPLE,ROZY SILK MILLS,540754,180,0,145,2,2,-522,145,26100,5,1304.48,27394.04,0726966,123,J.D.LOGISTICS,AMAR BHAI
301,04/04/2026,111,MANIBHADRA TRADELINK,V R PAWAR SAREES,APPLE,ROZY SILK MILLS,540754,179,0,145,2,2,-519.1,145,25955,5,1297.23,27241.85,0726965,124,J.D.LOGISTICS,AMAR BHAI
302,04/04/2026,112,MANIBHADRA TRADELINK,V R PAWAR SAREES,LAHERYA,VIVAAN PRINTS,540754,160,0,223,2,3,-1070.4,223,35680,5,1765.09,37066.88,0729116,32,J.D.LOGISTICS,AMAR BHAI
303,04/04/2026,113,MANIBHADRA TRADELINK,V R PAWAR SAREES,LAHERYA,VIVAAN PRINTS,540754,160,0,223,2,3,-1070.4,223,35680,5,1765.09,37066.88,0729667,33,J.D.LOGISTICS,AMAR BHAI
304,04/04/2026,114,MANIBHADRA TRADELINK,V R PAWAR SAREES,LAHERYA,VIVAAN PRINTS,540754,160,0,223,2,3,-1070.4,223,35680,5,1765.09,37066.88,0729666,34,J.D.LOGISTICS,AMAR BHAI
305,04/04/2026,115,MANIBHADRA TRADELINK,V R PAWAR SAREES,LAHERYA,VIVAAN PRINTS,540754,160,0,223,2,3,-1070.4,223,35680,5,1765.09,37066.88,0731852,35,J.D.LOGISTICS,AMAR BHAI
306,04/04/2026,116,MANIBHADRA TRADELINK,V R PAWAR SAREES,ROMA SLUB,GOVIND SILK MILLS,540754,1,20,58,2,4.5,-52.2,58,1160,5,56.5,1186.46,0727206,349,J.D.LOGISTICS,AMAR BHAI
307,04/04/2026,116,MANIBHADRA TRADELINK,V R PAWAR SAREES,TEXAS LINEN,GOVIND SILK MILLS,540754,1,20,55,2,4.5,-49.5,55,1100,5,53.58,1125.09,0727206,349,J.D.LOGISTICS,AMAR BHAI
308,04/04/2026,116,MANIBHADRA TRADELINK,V R PAWAR SAREES,BELGIUM,GOVIND SILK MILLS,540754,1,20,58,2,4.5,-52.2,58,1160,5,56.5,1186.46,0727206,349,J.D.LOGISTICS,AMAR BHAI
309,04/04/2026,116,MANIBHADRA TRADELINK,V R PAWAR SAREES,COOL LINEN,GOVIND SILK MILLS,540754,1,20,60,2,4.5,-54,60,1200,5,58.45,1227.37,0727206,349,J.D.LOGISTICS,AMAR BHAI
310,04/04/2026,116,MANIBHADRA TRADELINK,V R PAWAR SAREES,BRITANIA,GOVIND SILK MILLS,540754,3,52,55,2,4.5,-128.7,55,2860,5,139.3,2925.23,0727206,349,J.D.LOGISTICS,AMAR BHAI
311,04/04/2026,116,MANIBHADRA TRADELINK,V R PAWAR SAREES,RETRO LINEN,GOVIND SILK MILLS,540754,1,20,60,2,4.5,-54,60,1200,5,58.45,1227.37,0727206,349,J.D.LOGISTICS,AMAR BHAI
312,04/04/2026,116,MANIBHADRA TRADELINK,V R PAWAR SAREES,TESLA,GOVIND SILK MILLS,540754,1,20,58,2,4.5,-52.2,58,1160,5,56.5,1186.46,0727206,349,J.D.LOGISTICS,AMAR BHAI
313,04/04/2026,116,MANIBHADRA TRADELINK,V R PAWAR SAREES,SONET,GOVIND SILK MILLS,540754,1,14,58,2,4.5,-36.54,58,812,5,39.55,830.52,0727206,349,J.D.LOGISTICS,AMAR BHAI
314,04/04/2026,116,MANIBHADRA TRADELINK,V R PAWAR SAREES,AJANTA LINEN,GOVIND SILK MILLS,540754,1,20,55,2,4.5,-49.5,55,1100,5,53.58,1125.09,0727206,349,J.D.LOGISTICS,AMAR BHAI
315,04/04/2026,116,MANIBHADRA TRADELINK,V R PAWAR SAREES,OPERA,GOVIND SILK MILLS,540754,1,13.75,58,2,4.5,-35.89,58,797.5,5,38.84,815.68,0727206,349,J.D.LOGISTICS,AMAR BHAI
316,04/04/2026,116,MANIBHADRA TRADELINK,V R PAWAR SAREES,BLACK BERRY LUMP FOLD,GOVIND SILK MILLS,540754,2,222.75,69,2,4.5,-691.64,69,15369.75,5,748.58,15720.25,0727206,349,J.D.LOGISTICS,AMAR BHAI
317,04/04/2026,116,MANIBHADRA TRADELINK,V R PAWAR SAREES,SHRINGAAR LUMP FOLD,GOVIND SILK MILLS,540754,1,94.75,51,2,4.5,-217.45,51,4832.25,5,235.35,4942.44,0727206,349,J.D.LOGISTICS,AMAR BHAI
318,04/04/2026,117,MANIBHADRA TRADELINK,V R PAWAR SAREES,CHOKO CHIPS,S.N.S PRINTS,540754,125,0,215,2,2,-537.5,215,26875,5,1343.21,28207.46,0728371,101,J.D.LOGISTICS,AMAR BHAI
319,04/04/2026,118,MANIBHADRA TRADELINK,V R PAWAR SAREES,MOTICHOOR,SIDDHI VINAYAK PRINTS,540754,160,0,225,2,2,-720,225,36000,5,1799.28,37784.88,0727780,118,J.D.LOGISTICS,AMAR BHAI
320,04/04/2026,119,MANIBHADRA TRADELINK,V R PAWAR SAREES,MOTICHOOR,SIDDHI VINAYAK PRINTS,540754,160,0,225,2,2,-720,225,36000,5,1799.28,37784.88,0727779,119,J.D.LOGISTICS,AMAR BHAI
321,04/04/2026,120,MANIBHADRA TRADELINK,V R PAWAR SAREES,ITALIAN LINEN,GOVIND SILK MILLS,540754,4,64,130,2,4.5,-374.4,130,8320,5,405.23,8509.74,0727804,397,J.D.LOGISTICS,AMAR BHAI
322,04/04/2026,120,MANIBHADRA TRADELINK,V R PAWAR SAREES,LINEN COOL K.T FOLD,GOVIND SILK MILLS,540754,8,128,75,2,4.5,-432,75,9600,5,467.57,9818.93,0727804,397,J.D.LOGISTICS,AMAR BHAI
323,04/04/2026,120,MANIBHADRA TRADELINK,V R PAWAR SAREES,CENTURY LINEN K.T FOLD,GOVIND SILK MILLS,540754,4,62.5,75,2,4.5,-210.94,75,4687.5,5,228.3,4794.39,0727804,397,J.D.LOGISTICS,AMAR BHAI
324,04/04/2026,121,MANIBHADRA TRADELINK,V R PAWAR SAREES,ORGENJA SLUB HALF LUMP,GOVIND SILK MILLS,540754,1,50,56.5,2,4.5,-127.13,56.5,2825,5,137.59,2889.42,0727803,398,J.D.LOGISTICS,AMAR BHAI
325,04/04/2026,121,MANIBHADRA TRADELINK,V R PAWAR SAREES,5800,GOVIND SILK MILLS,540752,2,100,53,2,4.5,-238.5,53,5300,5,258.14,5420.87,0727803,398,J.D.LOGISTICS,AMAR BHAI
326,04/04/2026,121,MANIBHADRA TRADELINK,V R PAWAR SAREES,65000 HALF,GOVIND SILK MILLS,540754,5,228.25,60,2,4.5,-616.28,60,13695,5,667.02,14007.32,0727803,398,J.D.LOGISTICS,AMAR BHAI
327,04/04/2026,122,MANIBHADRA TRADELINK,V R PAWAR SAREES,TEX SPUN,GOVIND SILK MILLS,540754,12,197.5,65,2,4.5,-577.69,65,12837.5,5,625.25,13130.26,0727802,399,J.D.LOGISTICS,AMAR BHAI
328,04/04/2026,122,MANIBHADRA TRADELINK,V R PAWAR SAREES,ROMAN FABRICS,GOVIND SILK MILLS,540754,8,125.25,70,2,4.5,-394.54,70,8767.5,5,427.02,8967.44,0727802,399,J.D.LOGISTICS,AMAR BHAI
329,04/04/2026,123,MANIBHADRA TRADELINK,V R PAWAR SAREES,KALANJALI PAITHANI SILK,SHREE VINAYAKA FASHION,540754,80,0,595,2,2,-952,595,47600,5,2379.05,49960.01,0727825,36,J.D.LOGISTICS,AMAR BHAI
330,04/04/2026,124,MANIBHADRA TRADELINK,V R PAWAR SAREES,KALANJALI PAITHANI SILK,SHREE VINAYAKA FASHION,540754,80,0,595,2,2,-952,595,47600,5,2379.05,49960.01,0727824,35,J.D.LOGISTICS,AMAR BHAI
331,04/04/2026,125,MANIBHADRA TRADELINK,V R PAWAR SAREES,SONIYA,NAKODA PRINT,540754,42,0,895,2,2,-751.8,895,37590,5,1878.75,39453.71,0727475,44,J.D.LOGISTICS,RISHIKESH
332,04/04/2026,126,MANIBHADRA TRADELINK,V R PAWAR SAREES,SONIYA,NAKODA PRINT,540754,42,0,895,2,2,-751.8,895,37590,5,1878.75,39453.71,0727476,45,J.D.LOGISTICS,RISHIKESH
333,04/04/2026,127,MANIBHADRA TRADELINK,V R PAWAR SAREES,SONIKA,ASHOK TEX,540754,592,0,182,2,2,-2154.88,182,107744,5,5385.05,113085.95,0727515,26,J.D.LOGISTICS,AMAR BHAI
334,04/04/2026,128,MANIBHADRA TRADELINK,V R PAWAR SAREES,SONIKA,ASHOK TEX,540754,442,0,182,2,2,-1608.88,182,80444,5,4020.59,84432.41,0727516,29,J.D.LOGISTICS,AMAR BHAI
335,04/04/2026,129,MANIBHADRA TRADELINK,V R PAWAR SAREES,SWIZER,ROZY SILK MILLS,540754,144,0,175,2,2,-504,175,25200,5,1259.5,26449.42,0727254,168,J.D.LOGISTICS,AMAR BHAI
336,04/04/2026,130,MANIBHADRA TRADELINK,V R PAWAR SAREES,SWIZER,ROZY SILK MILLS,540754,144,0,175,2,2,-504,175,25200,5,1259.5,26449.42,0727257,169,J.D.LOGISTICS,AMAR BHAI
337,04/04/2026,131,MANIBHADRA TRADELINK,V R PAWAR SAREES,SWIZER,ROZY SILK MILLS,540754,144,0,175,2,2,-504,175,25200,5,1259.5,26449.42,0727255,170,J.D.LOGISTICS,AMAR BHAI
338,04/04/2026,132,MANIBHADRA TRADELINK,V R PAWAR SAREES,SWIZER,ROZY SILK MILLS,540754,144,0,175,2,2,-504,175,25200,5,1259.5,26449.42,0727261,171,J.D.LOGISTICS,AMAR BHAI
339,04/04/2026,133,MANIBHADRA TRADELINK,V R PAWAR SAREES,SWIZER,ROZY SILK MILLS,540754,144,0,175,2,2,-504,175,25200,5,1259.5,26449.42,0727253,172,J.D.LOGISTICS,AMAR BHAI
340,04/04/2026,134,MANIBHADRA TRADELINK,V R PAWAR SAREES,SWIZER,ROZY SILK MILLS,540754,144,0,175,2,2,-504,175,25200,5,1259.5,26449.42,0727260,173,J.D.LOGISTICS,AMAR BHAI
341,04/04/2026,135,MANIBHADRA TRADELINK,V R PAWAR SAREES,SWIZER,ROZY SILK MILLS,540754,144,0,175,2,2,-504,175,25200,5,1259.5,26449.42,0727258,174,J.D.LOGISTICS,AMAR BHAI
342,04/04/2026,136,MANIBHADRA TRADELINK,V R PAWAR SAREES,SWIZER,ROZY SILK MILLS,540754,144,0,175,2,2,-504,175,25200,5,1259.5,26449.42,0727256,175,J.D.LOGISTICS,AMAR BHAI
343,04/04/2026,137,MANIBHADRA TRADELINK,V R PAWAR SAREES,SWIZER,ROZY SILK MILLS,540754,144,0,175,2,2,-504,175,25200,5,1259.5,26449.42,0727265,176,J.D.LOGISTICS,AMAR BHAI
344,04/04/2026,138,MANIBHADRA TRADELINK,V R PAWAR SAREES,SWIZER,ROZY SILK MILLS,540754,144,0,175,2,2,-504,175,25200,5,1259.5,26449.42,0727262,177,J.D.LOGISTICS,AMAR BHAI
345,04/04/2026,139,MANIBHADRA TRADELINK,V R PAWAR SAREES,SWIZER,ROZY SILK MILLS,540754,138,0,175,2,2,-483,175,24150,5,1207.02,25347.36,0727259,178,J.D.LOGISTICS,AMAR BHAI
346,04/04/2026,140,MANIBHADRA TRADELINK,V R PAWAR SAREES,SWETANSHI,RIDDHI FASHIONS,540754,72,0,575,2,2,-828,575,41400,5,2069.17,43452.61,0728566,124,J.D.LOGISTICS,AMAR BHAI
347,04/04/2026,141,MANIBHADRA TRADELINK,V R PAWAR SAREES,SWETANSHI,RIDDHI FASHIONS,540754,72,0,575,2,2,-828,575,41400,5,2069.17,43452.61,0728565,125,J.D.LOGISTICS,AMAR BHAI
348,04/04/2026,142,MANIBHADRA TRADELINK,V R PAWAR SAREES,RIYANSHI,RIDDHI FASHIONS,540754,72,0,615,2,2,-885.6,615,44280,5,2213.11,46475.4,0728564,126,J.D.LOGISTICS,AMAR BHAI
349,04/04/2026,143,MANIBHADRA TRADELINK,V R PAWAR SAREES,RIYANSHI,RIDDHI FASHIONS,540754,72,0,615,2,2,-885.6,615,44280,5,2213.11,46475.4,0728563,127,J.D.LOGISTICS,AMAR BHAI
350,04/04/2026,144,MANIBHADRA TRADELINK,V R PAWAR SAREES,RAJAT,SHYAM TEX,540754,15,0,504,2,2,-151.2,504,7560,5,377.85,7934.83,0727440,47,J.D.LOGISTICS,AMAR BHAI
351,04/04/2026,144,MANIBHADRA TRADELINK,V R PAWAR SAREES,NISHA 1,SHYAM TEX,540754,20,0,436,2,2,-174.4,436,8720,5,435.83,9152.34,0727440,47,J.D.LOGISTICS,AMAR BHAI
352,04/04/2026,144,MANIBHADRA TRADELINK,V R PAWAR SAREES,VEERVANI,SHYAM TEX,540754,15,0,481,2,2,-144.3,481,7215,5,360.61,7572.72,0727440,47,J.D.LOGISTICS,AMAR BHAI
353,04/04/2026,144,MANIBHADRA TRADELINK,V R PAWAR SAREES,UPKAR 8,SHYAM TEX,540754,16,0,535,2,2,-171.2,535,8560,5,427.83,8984.41,0727440,47,J.D.LOGISTICS,AMAR BHAI
354,04/04/2026,144,MANIBHADRA TRADELINK,V R PAWAR SAREES,MEETING 2,SHYAM TEX,540754,15,0,585,2,2,-175.5,585,8775,5,438.57,9210.06,0727440,47,J.D.LOGISTICS,AMAR BHAI
355,04/04/2026,144,MANIBHADRA TRADELINK,V R PAWAR SAREES,RAJ 12,SHYAM TEX,540754,11,0,535,2,2,-117.7,535,5885,5,294.13,6176.78,0727440,47,J.D.LOGISTICS,AMAR BHAI
356,04/04/2026,145,MANIBHADRA TRADELINK,V R PAWAR SAREES,BANI 3,SHYAM TEX,540754,12,0,391,2,2,-93.84,391,4692,5,234.51,4924.63,0727441,48,J.D.LOGISTICS,AMAR BHAI
357,04/04/2026,145,MANIBHADRA TRADELINK,V R PAWAR SAREES,RAJ 1,SHYAM TEX,540754,21,0,535,2,2,-224.7,535,11235,5,561.53,11792.04,0727441,48,J.D.LOGISTICS,AMAR BHAI
358,04/04/2026,145,MANIBHADRA TRADELINK,V R PAWAR SAREES,SUNDAY 1,SHYAM TEX,540754,15,0,535,2,2,-160.5,535,8025,5,401.09,8422.88,0727441,48,J.D.LOGISTICS,AMAR BHAI
359,04/04/2026,145,MANIBHADRA TRADELINK,V R PAWAR SAREES,MASTER 1,SHYAM TEX,540754,18,0,423,2,2,-152.28,423,7614,5,380.55,7991.51,0727441,48,J.D.LOGISTICS,AMAR BHAI
360,04/04/2026,145,MANIBHADRA TRADELINK,V R PAWAR SAREES,RADIO,SHYAM TEX,540754,12,0,539,2,2,-129.36,539,6468,5,323.27,6788.68,0727441,48,J.D.LOGISTICS,AMAR BHAI
361,04/04/2026,146,MANIBHADRA TRADELINK,V R PAWAR SAREES,RAJ 3,SHYAM TEX,540754,12,0,535,2,2,-128.4,535,6420,5,320.87,6738.3,0727438,49,J.D.LOGISTICS,AMAR BHAI
362,04/04/2026,146,MANIBHADRA TRADELINK,V R PAWAR SAREES,RAJ 2,SHYAM TEX,540754,20,0,535,2,2,-214,535,10700,5,534.79,11230.51,0727438,49,J.D.LOGISTICS,AMAR BHAI
363,04/04/2026,146,MANIBHADRA TRADELINK,V R PAWAR SAREES,BANI 6,SHYAM TEX,540754,20,0,391,2,2,-156.4,391,7820,5,390.84,8207.71,0727438,49,J.D.LOGISTICS,AMAR BHAI
364,04/04/2026,146,MANIBHADRA TRADELINK,V R PAWAR SAREES,MEETING,SHYAM TEX,540754,12,0,585,2,2,-140.4,585,7020,5,350.86,7368.05,0727438,49,J.D.LOGISTICS,AMAR BHAI
365,04/04/2026,146,MANIBHADRA TRADELINK,V R PAWAR SAREES,SUNDAY 2,SHYAM TEX,540754,15,0,535,2,2,-160.5,535,8025,5,401.09,8422.88,0727438,49,J.D.LOGISTICS,AMAR BHAI
366,04/04/2026,146,MANIBHADRA TRADELINK,V R PAWAR SAREES,RAJ 4,SHYAM TEX,540754,20,0,535,2,2,-214,535,10700,5,534.79,11230.51,0727438,49,J.D.LOGISTICS,AMAR BHAI
367,04/04/2026,146,MANIBHADRA TRADELINK,V R PAWAR SAREES,VANDANA,SHYAM TEX,540754,12,0,585,2,2,-140.4,585,7020,5,350.86,7368.05,0727438,49,J.D.LOGISTICS,AMAR BHAI
368,04/04/2026,146,MANIBHADRA TRADELINK,V R PAWAR SAREES,PRITAM,SHYAM TEX,540754,13,0,535,2,2,-139.1,535,6955,5,347.61,7299.83,0727438,49,J.D.LOGISTICS,AMAR BHAI
369,04/04/2026,147,MANIBHADRA TRADELINK,V R PAWAR SAREES,ARPAN,ROZY SILK MILLS,540754,120,0,190,2,2,-456,190,22800,5,1139.54,23930.42,0727248,187,J.D.LOGISTICS,AMAR BHAI
370,04/04/2026,148,MANIBHADRA TRADELINK,V R PAWAR SAREES,ARPAN,ROZY SILK MILLS,540754,120,0,190,2,2,-456,190,22800,5,1139.54,23930.42,0727242,188,J.D.LOGISTICS,AMAR BHAI
371,04/04/2026,149,MANIBHADRA TRADELINK,V R PAWAR SAREES,ARPAN,ROZY SILK MILLS,540754,120,0,190,2,2,-456,190,22800,5,1139.54,23930.42,0727249,189,J.D.LOGISTICS,AMAR BHAI
372,04/04/2026,150,MANIBHADRA TRADELINK,V R PAWAR SAREES,ARPAN,ROZY SILK MILLS,540754,120,0,190,2,2,-456,190,22800,5,1139.54,23930.42,0727245,190,J.D.LOGISTICS,AMAR BHAI
373,04/04/2026,151,MANIBHADRA TRADELINK,V R PAWAR SAREES,ARPAN,ROZY SILK MILLS,540754,120,0,190,2,2,-456,190,22800,5,1139.54,23930.42,0727252,191,J.D.LOGISTICS,AMAR BHAI
374,04/04/2026,152,MANIBHADRA TRADELINK,V R PAWAR SAREES,ARPAN,ROZY SILK MILLS,540754,120,0,190,2,2,-456,190,22800,5,1139.54,23930.42,0727251,192,J.D.LOGISTICS,AMAR BHAI
375,04/04/2026,153,MANIBHADRA TRADELINK,V R PAWAR SAREES,ARPAN,ROZY SILK MILLS,540754,120,0,190,2,2,-456,190,22800,5,1139.54,23930.42,0727250,193,J.D.LOGISTICS,AMAR BHAI
376,04/04/2026,154,MANIBHADRA TRADELINK,V R PAWAR SAREES,ARPAN,ROZY SILK MILLS,540754,120,0,190,2,2,-456,190,22800,5,1139.54,23930.42,0727247,194,J.D.LOGISTICS,AMAR BHAI
377,04/04/2026,155,MANIBHADRA TRADELINK,V R PAWAR SAREES,ARPAN,ROZY SILK MILLS,540754,120,0,190,2,2,-456,190,22800,5,1139.54,23930.42,0727244,195,J.D.LOGISTICS,AMAR BHAI
378,04/04/2026,156,MANIBHADRA TRADELINK,V R PAWAR SAREES,ARPAN,ROZY SILK MILLS,540754,120,0,190,2,2,-456,190,22800,5,1139.54,23930.42,0727246,196,J.D.LOGISTICS,AMAR BHAI
379,04/04/2026,157,MANIBHADRA TRADELINK,V R PAWAR SAREES,ARPAN,ROZY SILK MILLS,540754,120,0,190,2,2,-456,190,22800,5,1139.54,23930.42,0727243,197,J.D.LOGISTICS,AMAR BHAI
380,04/04/2026,158,MANIBHADRA TRADELINK,V R PAWAR SAREES,KERI NX,SAI AASHA,540754,6,0,2265,2,,,2265,13590,5,693.09,14554.89,0727584,112,J.D.LOGISTICS,RATAN BHAI
381,04/04/2026,158,MANIBHADRA TRADELINK,V R PAWAR SAREES,FANCY SONA,SAI AASHA,540754,6,0,1725,2,,,1725,10350,5,527.85,11084.85,0727584,112,J.D.LOGISTICS,RATAN BHAI
382,04/04/2026,158,MANIBHADRA TRADELINK,V R PAWAR SAREES,FANCY KUSUM,SAI AASHA,540754,6,0,1795,2,,,1795,10770,5,549.27,11534.67,0727584,112,J.D.LOGISTICS,RATAN BHAI
383,04/04/2026,158,MANIBHADRA TRADELINK,V R PAWAR SAREES,FANCY CUT WORK 2,SAI AASHA,540754,6,0,1375,2,,,1375,8250,5,420.75,8835.75,0727584,112,J.D.LOGISTICS,RATAN BHAI
384,04/04/2026,159,MANIBHADRA TRADELINK,V R PAWAR SAREES,SAMARA,ABHIRANG TEXTILES,540754,145,0,235,2,2,-681.5,235,34075,5,1703.07,35764.44,0727632,42,J.D.LOGISTICS,AMAR BHAI
385,04/04/2026,160,MANIBHADRA TRADELINK,V R PAWAR SAREES,SAMARA,ABHIRANG TEXTILES,540754,145,0,235,2,2,-681.5,235,34075,5,1703.07,35764.44,0727630,43,J.D.LOGISTICS,AMAR BHAI
386,04/04/2026,161,MANIBHADRA TRADELINK,V R PAWAR SAREES,SAMARA,ABHIRANG TEXTILES,540754,145,0,235,2,2,-681.5,235,34075,5,1703.07,35764.44,0727629,44,J.D.LOGISTICS,AMAR BHAI
387,04/04/2026,162,MANIBHADRA TRADELINK,V R PAWAR SAREES,SAMARA,ABHIRANG TEXTILES,540754,145,0,235,2,2,-681.5,235,34075,5,1703.07,35764.44,0727631,45,J.D.LOGISTICS,AMAR BHAI
388,04/04/2026,163,MANIBHADRA TRADELINK,V R PAWAR SAREES,SAMARA,ABHIRANG TEXTILES,540754,145,0,235,2,2,-681.5,235,34075,5,1703.07,35764.44,0728139,46,J.D.LOGISTICS,AMAR BHAI
389,06/04/2026,164,MANIBHADRA TRADELINK,V R PAWAR SAREES,SOFT FEEL,ABHIRANG TEXTILES,540754,144,0,190,2,2,-547.2,190,27360,5,1367.45,28716.51,0728144,57,J.D.LOGISTICS,AMAR BHAI
390,06/04/2026,165,MANIBHADRA TRADELINK,V R PAWAR SAREES,SOFT FEEL,ABHIRANG TEXTILES,540754,144,0,190,2,2,-547.2,190,27360,5,1367.45,28716.51,0728142,58,J.D.LOGISTICS,AMAR BHAI
391,06/04/2026,166,MANIBHADRA TRADELINK,V R PAWAR SAREES,SOFT FEEL,ABHIRANG TEXTILES,540754,145,0,190,2,2,-551,190,27550,5,1376.95,28915.93,0728141,59,J.D.LOGISTICS,AMAR BHAI
392,06/04/2026,167,MANIBHADRA TRADELINK,V R PAWAR SAREES,SOFT FEEL,ABHIRANG TEXTILES,540754,145,0,190,2,2,-551,190,27550,5,1376.95,28915.93,0728140,60,J.D.LOGISTICS,AMAR BHAI
393,06/04/2026,168,MANIBHADRA TRADELINK,V R PAWAR SAREES,SOFT FEEL,ABHIRANG TEXTILES,540754,147,0,190,2,2,-558.6,190,27930,5,1395.94,29314.77,0728143,61,J.D.LOGISTICS,AMAR BHAI
394,06/04/2026,169,MANIBHADRA TRADELINK,V R PAWAR SAREES,CHAMELI,VAANI FASHION,540754,90,0,315,2,2,-567,315,28350,5,1416.93,29755.59,0728678,97,J.D.LOGISTICS,AMAR BHAI
395,06/04/2026,170,MANIBHADRA TRADELINK,V R PAWAR SAREES,ARMANI NX,SHREE SIDDHI SAREES,540754,90,0,320,2,2,-576,320,28800,5,1439.42,30227.9,0728303,181,J.D.LOGISTICS,AMAR BHAI
396,06/04/2026,171,MANIBHADRA TRADELINK,V R PAWAR SAREES,ARMANI NX,SHREE SIDDHI SAREES,540754,90,0,320,2,2,-576,320,28800,5,1439.42,30227.9,0728302,182,J.D.LOGISTICS,AMAR BHAI
397,06/04/2026,172,MANIBHADRA TRADELINK,V R PAWAR SAREES,31201,VRAJGOPI CREATION,540754,3,0,5295,2,4,-635.4,5295,15885,5,777.73,16332.32,0728682,279,J.D.LOGISTICS,RATAN BHAI
398,06/04/2026,172,MANIBHADRA TRADELINK,V R PAWAR SAREES,31203,VRAJGOPI CREATION,540754,3,0,4295,2,4,-515.4,4295,12885,5,630.85,13247.84,0728682,279,J.D.LOGISTICS,RATAN BHAI
399,06/04/2026,172,MANIBHADRA TRADELINK,V R PAWAR SAREES,31205,VRAJGOPI CREATION,540754,3,0,4995,2,4,-599.4,4995,14985,5,733.67,15406.98,0728682,279,J.D.LOGISTICS,RATAN BHAI
400,06/04/2026,172,MANIBHADRA TRADELINK,V R PAWAR SAREES,31207,VRAJGOPI CREATION,540754,7,0,4695,2,4,-1314.6,4695,32865,5,1609.07,33790.48,0728682,279,J.D.LOGISTICS,RATAN BHAI
401,06/04/2026,172,MANIBHADRA TRADELINK,V R PAWAR SAREES,31209,VRAJGOPI CREATION,540754,4,0,4995,2,4,-799.2,4995,19980,5,978.22,20542.64,0728682,279,J.D.LOGISTICS,RATAN BHAI
402,06/04/2026,172,MANIBHADRA TRADELINK,V R PAWAR SAREES,31211,VRAJGOPI CREATION,540754,5,0,3295,2,4,-659,3295,16475,5,806.62,16938.94,0728682,279,J.D.LOGISTICS,RATAN BHAI
403,06/04/2026,173,MANIBHADRA TRADELINK,V R PAWAR SAREES,7273,VRAJGOPI CREATION,540754,12,0,3995,2,4,-1917.6,3995,47940,5,2347.14,49289.99,0728680,284,J.D.LOGISTICS,RATAN BHAI
404,06/04/2026,173,MANIBHADRA TRADELINK,V R PAWAR SAREES,8508,VRAJGOPI CREATION,540754,7,0,8495,2,4,-2378.6,8495,59465,5,2911.41,61139.54,0728680,284,J.D.LOGISTICS,RATAN BHAI
405,06/04/2026,174,MANIBHADRA TRADELINK,V R PAWAR SAREES,NAINA,SANJYOTI EXCLUSIVES,540754,72,0,570,2,2,-820.8,570,41040,5,2051.18,43074.76,0728582,97,J.D.LOGISTICS,AMAR BHAI
406,06/04/2026,175,MANIBHADRA TRADELINK,V R PAWAR SAREES,NAZAAKAT,SANJYOTI EXCLUSIVES,540754,72,0,510,2,2,-734.4,510,36720,5,1835.27,38540.58,0728578,95,J.D.LOGISTICS,AMAR BHAI
407,06/04/2026,176,MANIBHADRA TRADELINK,V R PAWAR SAREES,NAZAAKAT,SANJYOTI EXCLUSIVES,540754,60,0,510,2,2,-612,510,30600,5,1529.39,32117.15,0728583,96,J.D.LOGISTICS,AMAR BHAI
408,06/04/2026,176,MANIBHADRA TRADELINK,V R PAWAR SAREES,CHERRY BRASSO,SANJYOTI EXCLUSIVES,540754,12,0,660,2,2,-158.4,660,7920,5,395.84,8312.67,0728583,96,J.D.LOGISTICS,AMAR BHAI
409,06/04/2026,177,MANIBHADRA TRADELINK,V R PAWAR SAREES,NAZAAKAT,SANJYOTI EXCLUSIVES,540754,24,0,510,2,2,-244.8,510,12240,5,611.76,12846.86,0727798,93,J.D.LOGISTICS,AMAR BHAI
410,06/04/2026,177,MANIBHADRA TRADELINK,V R PAWAR SAREES,MELODY,SANJYOTI EXCLUSIVES,540754,18,0,611,2,2,-219.96,611,10998,5,549.68,11543.28,0727798,93,J.D.LOGISTICS,AMAR BHAI
411,06/04/2026,177,MANIBHADRA TRADELINK,V R PAWAR SAREES,CHERRY BRASSO,SANJYOTI EXCLUSIVES,540754,18,0,660,2,2,-237.6,660,11880,5,593.76,12469.01,0727798,93,J.D.LOGISTICS,AMAR BHAI
412,06/04/2026,178,MANIBHADRA TRADELINK,V R PAWAR SAREES,CHANDNI,B. SUMIT & CO.,540754,72,0,280,2,2,-403.2,280,20160,5,1007.6,21159.54,0728038,99,J.D.LOGISTICS,AMAR BHAI
413,06/04/2026,179,MANIBHADRA TRADELINK,V R PAWAR SAREES,CHANDNI,B. SUMIT & CO.,540754,72,0,280,2,2,-403.2,280,20160,5,1007.6,21159.54,0728036,100,J.D.LOGISTICS,AMAR BHAI
414,06/04/2026,180,MANIBHADRA TRADELINK,V R PAWAR SAREES,CHANDNI,B. SUMIT & CO.,540754,70,0,280,2,2,-392,280,19600,5,979.61,20571.77,0728040,101,J.D.LOGISTICS,AMAR BHAI
415,06/04/2026,181,MANIBHADRA TRADELINK,V R PAWAR SAREES,CHANDNI,B. SUMIT & CO.,540754,72,0,280,2,2,-403.2,280,20160,5,1007.6,21159.54,0728043,102,J.D.LOGISTICS,AMAR BHAI
416,06/04/2026,182,MANIBHADRA TRADELINK,V R PAWAR SAREES,CHANDNI,B. SUMIT & CO.,540754,72,0,280,2,2,-403.2,280,20160,5,1007.6,21159.54,0728041,103,J.D.LOGISTICS,AMAR BHAI
417,06/04/2026,183,MANIBHADRA TRADELINK,V R PAWAR SAREES,SHRIMATI,B. SUMIT & CO.,540754,72,0,375,2,2,-540,375,27000,5,1349.46,28338.66,0728034,104,J.D.LOGISTICS,AMAR BHAI
418,06/04/2026,184,MANIBHADRA TRADELINK,V R PAWAR SAREES,SHRIMATI,B. SUMIT & CO.,540754,72,0,375,2,2,-540,375,27000,5,1349.46,28338.66,0728042,105,J.D.LOGISTICS,AMAR BHAI
419,06/04/2026,185,MANIBHADRA TRADELINK,V R PAWAR SAREES,SHRIMATI,B. SUMIT & CO.,540754,71,0,375,2,2,-532.5,375,26625,5,1330.72,27945.07,0728039,106,J.D.LOGISTICS,AMAR BHAI
420,06/04/2026,186,MANIBHADRA TRADELINK,V R PAWAR SAREES,SHRIMATI,B. SUMIT & CO.,540754,72,0,375,2,2,-540,375,27000,5,1349.46,28338.66,0728035,107,J.D.LOGISTICS,AMAR BHAI
421,06/04/2026,187,MANIBHADRA TRADELINK,V R PAWAR SAREES,SHRIMATI,B. SUMIT & CO.,540754,72,0,375,2,2,-540,375,27000,5,1349.46,28338.66,0728037,108,J.D.LOGISTICS,AMAR BHAI
422,06/04/2026,188,MANIBHADRA TRADELINK,V R PAWAR SAREES,CHITRA,SHIVA SAREES,540754,12,0,740,2,2,-177.6,740,8880,5,443.82,9320.27,0729206,110,J.D.LOGISTICS,AMAR BHAI
423,06/04/2026,188,MANIBHADRA TRADELINK,V R PAWAR SAREES,DIVITA,SHIVA SAREES,540754,12,0,790,2,2,-189.6,790,9480,5,473.81,9950.02,0729206,110,J.D.LOGISTICS,AMAR BHAI
424,06/04/2026,188,MANIBHADRA TRADELINK,V R PAWAR SAREES,MITALI,SHIVA SAREES,540754,12,0,890,2,2,-213.6,890,10680,5,533.79,11209.52,0729206,110,J.D.LOGISTICS,AMAR BHAI
425,06/04/2026,188,MANIBHADRA TRADELINK,V R PAWAR SAREES,TRIPTI,SHIVA SAREES,540754,12,0,1090,2,2,-261.6,1090,13080,5,653.74,13728.51,0729206,110,J.D.LOGISTICS,AMAR BHAI
426,06/04/2026,189,MANIBHADRA TRADELINK,V R PAWAR SAREES,LILLY,TANISTHA FASHION,540754,32,0,483,2,2,-309.12,483,15456,5,772.49,16222.31,0728984,44,J.D.LOGISTICS,AMAR BHAI
427,06/04/2026,189,MANIBHADRA TRADELINK,V R PAWAR SAREES,ANANYA,TANISTHA FASHION,540754,16,0,483,2,2,-154.56,483,7728,5,386.25,8111.16,0728984,44,J.D.LOGISTICS,AMAR BHAI
428,06/04/2026,189,MANIBHADRA TRADELINK,V R PAWAR SAREES,BLOSSOM,TANISTHA FASHION,540754,24,0,501,2,2,-240.48,501,12024,5,600.96,12620.15,0728984,44,J.D.LOGISTICS,AMAR BHAI
429,06/04/2026,190,MANIBHADRA TRADELINK,V R PAWAR SAREES,JACKPOT,SHILALEKH SAREES,540754,110,0,575,2,3,-1897.5,575,63250,5,3128.98,65708.53,0728836,30,J.D.LOGISTICS,AMAR BHAI
430,06/04/2026,191,MANIBHADRA TRADELINK,V R PAWAR SAREES,NEW ARRIVAL,SHILALEKH SAREES,540754,100,0,398,2,3,-1194,398,39800,5,1968.91,41347.03,0728837,31,J.D.LOGISTICS,AMAR BHAI
431,06/04/2026,192,MANIBHADRA TRADELINK,V R PAWAR SAREES,COCA COLA,ASHOK TEX,540754,589,0,215,2,2,-2532.7,215,126635,5,6329.22,132913.57,0728335,33,J.D.LOGISTICS,AMAR BHAI
432,06/04/2026,193,MANIBHADRA TRADELINK,V R PAWAR SAREES,DHRUVI 1476,ARTI CREATION,540754,6,0,3795,2,12,-2732.4,3795,22770,5,1021.92,21460.27,0728333,35,J.D.LOGISTICS,RATAN BHAI
433,06/04/2026,193,MANIBHADRA TRADELINK,V R PAWAR SAREES,1425,ARTI CREATION,540754,4,0,3795,2,12,-1821.6,3795,15180,5,681.28,14306.85,0728333,35,J.D.LOGISTICS,RATAN BHAI
434,06/04/2026,193,MANIBHADRA TRADELINK,V R PAWAR SAREES,1396,ARTI CREATION,540754,2,0,3795,2,12,-910.8,3795,7590,5,340.64,7153.42,0728333,35,J.D.LOGISTICS,RATAN BHAI
435,06/04/2026,193,MANIBHADRA TRADELINK,V R PAWAR SAREES,1382,ARTI CREATION,540754,1,0,6250,2,12,-750,6250,6250,5,280.5,5890.5,0728333,35,J.D.LOGISTICS,RATAN BHAI
436,06/04/2026,193,MANIBHADRA TRADELINK,V R PAWAR SAREES,1386,ARTI CREATION,540754,2,0,5295,2,12,-1270.8,5295,10590,5,475.28,9980.86,0728333,35,J.D.LOGISTICS,RATAN BHAI
437,07/04/2026,194,MANIBHADRA TRADELINK,V R PAWAR SAREES,7260,VRAJGOPI CREATION,540754,3,0,10495,2,4,-1259.4,10495,31485,5,1541.51,32371.62,0728679,289,J.D.LOGISTICS,RATAN BHAI
438,07/04/2026,194,MANIBHADRA TRADELINK,V R PAWAR SAREES,8617,VRAJGOPI CREATION,540754,3,0,3295,2,4,-395.4,3295,9885,5,483.97,10163.36,0728679,289,J.D.LOGISTICS,RATAN BHAI
439,07/04/2026,194,MANIBHADRA TRADELINK,V R PAWAR SAREES,6530,VRAJGOPI CREATION,540754,2,0,7995,2,4,-639.6,7995,15990,5,782.87,16440.28,0728679,289,J.D.LOGISTICS,RATAN BHAI
440,07/04/2026,194,MANIBHADRA TRADELINK,V R PAWAR SAREES,7139,VRAJGOPI CREATION,540754,1,0,9495,2,4,-379.8,9495,9495,5,464.88,9762.38,0728679,289,J.D.LOGISTICS,RATAN BHAI
441,07/04/2026,194,MANIBHADRA TRADELINK,V R PAWAR SAREES,7206,VRAJGOPI CREATION,540754,2,0,8995,2,4,-719.6,8995,17990,5,880.79,18496.6,0728679,289,J.D.LOGISTICS,RATAN BHAI
442,07/04/2026,194,MANIBHADRA TRADELINK,V R PAWAR SAREES,7209,VRAJGOPI CREATION,540754,2,0,5995,2,4,-479.6,5995,11990,5,587.03,12327.64,0728679,289,J.D.LOGISTICS,RATAN BHAI
443,07/04/2026,194,MANIBHADRA TRADELINK,V R PAWAR SAREES,7766,VRAJGOPI CREATION,540754,1,0,6495,2,4,-259.8,6495,6495,5,318,6677.9,0728679,289,J.D.LOGISTICS,RATAN BHAI
444,07/04/2026,194,MANIBHADRA TRADELINK,V R PAWAR SAREES,7979,VRAJGOPI CREATION,540754,4,0,9495,2,4,-1519.2,9495,37980,5,1859.5,39049.52,0728679,289,J.D.LOGISTICS,RATAN BHAI
445,07/04/2026,194,MANIBHADRA TRADELINK,V R PAWAR SAREES,8025,VRAJGOPI CREATION,540754,2,0,8995,2,4,-719.6,8995,17990,5,880.79,18496.6,0728679,289,J.D.LOGISTICS,RATAN BHAI
446,07/04/2026,194,MANIBHADRA TRADELINK,V R PAWAR SAREES,5334,VRAJGOPI CREATION,540754,3,0,4195,2,4,-503.4,4195,12585,5,616.16,12939.39,0728679,289,J.D.LOGISTICS,RATAN BHAI
447,07/04/2026,194,MANIBHADRA TRADELINK,V R PAWAR SAREES,7140,VRAJGOPI CREATION,540754,3,0,8995,2,4,-1079.4,8995,26985,5,1321.19,27744.9,0728679,289,J.D.LOGISTICS,RATAN BHAI
448,07/04/2026,194,MANIBHADRA TRADELINK,V R PAWAR SAREES,8347,VRAJGOPI CREATION,540754,3,0,9995,2,4,-1199.4,9995,29985,5,1468.07,30829.38,0728679,289,J.D.LOGISTICS,RATAN BHAI
449,07/04/2026,194,MANIBHADRA TRADELINK,V R PAWAR SAREES,8871,VRAJGOPI CREATION,540754,4,0,3295,2,4,-527.2,3295,13180,5,645.29,13551.15,0728679,289,J.D.LOGISTICS,RATAN BHAI
450,07/04/2026,195,MANIBHADRA TRADELINK,V R PAWAR SAREES,ZEEL,NAKODA PRINT,540754,42,0,1050,2,2,-882,1050,44100,5,2204.12,46286.48,0729525,80,J.D.LOGISTICS,RISHIKESH
451,07/04/2026,196,MANIBHADRA TRADELINK,V R PAWAR SAREES,BISCUIT,VIVAAN PRINTS,540754,160,0,173,2,3,-830.4,173,27680,5,1369.33,28755.92,0730465,53,J.D.LOGISTICS,AMAR BHAI
452,07/04/2026,197,MANIBHADRA TRADELINK,V R PAWAR SAREES,BISCUIT,VIVAAN PRINTS,540754,160,0,173,2,3,-830.4,173,27680,5,1369.33,28755.92,0732006,54,J.D.LOGISTICS,AMAR BHAI
453,07/04/2026,198,MANIBHADRA TRADELINK,V R PAWAR SAREES,BISCUIT,VIVAAN PRINTS,540754,160,0,173,2,3,-830.4,173,27680,5,1369.33,28755.92,0731853,55,J.D.LOGISTICS,AMAR BHAI
454,07/04/2026,199,MANIBHADRA TRADELINK,V R PAWAR SAREES,BANDHANI,VIVAAN PRINTS,540754,160,0,173,2,3,-830.4,173,27680,5,1369.33,28755.92,0730463,56,J.D.LOGISTICS,AMAR BHAI
455,07/04/2026,200,MANIBHADRA TRADELINK,V R PAWAR SAREES,BANDHANI,VIVAAN PRINTS,540754,160,0,173,2,3,-830.4,173,27680,5,1369.33,28755.92,0730461,57,J.D.LOGISTICS,AMAR BHAI
456,07/04/2026,201,MANIBHADRA TRADELINK,V R PAWAR SAREES,BANDHANI,VIVAAN PRINTS,540754,160,0,173,2,3,-830.4,173,27680,5,1369.33,28755.92,0731855,58,J.D.LOGISTICS,AMAR BHAI
457,07/04/2026,202,MANIBHADRA TRADELINK,V R PAWAR SAREES,MONOPOLEY,VINAYAK FASHION,540754,146,0,200,2,2,-584,200,29200,5,1459.42,30647.74,0728686,43,J.D.LOGISTICS,AMAR BHAI
458,07/04/2026,203,MANIBHADRA TRADELINK,V R PAWAR SAREES,MONOPOLEY,VINAYAK FASHION,540754,146,0,200,2,2,-584,200,29200,5,1459.42,30647.74,0728687,44,J.D.LOGISTICS,AMAR BHAI
459,07/04/2026,204,MANIBHADRA TRADELINK,V R PAWAR SAREES,MARBLE BMW,SILVER TEXTILES,540754,437,0,152,2,2,-1328.48,152,66424,5,3319.87,69717.3,0728593,11,J.D.LOGISTICS,AMAR BHAI
460,07/04/2026,205,MANIBHADRA TRADELINK,V R PAWAR SAREES,MARBLE,SILVER TEXTILES,540754,442,0,152,2,2,-1343.68,152,67184,5,3357.86,70514.99,0728592,10,J.D.LOGISTICS,AMAR BHAI
461,07/04/2026,206,MANIBHADRA TRADELINK,V R PAWAR SAREES,SWIZER,ROZY SILK MILLS,540754,144,0,175,2,2,-504,175,25200,5,1259.5,26449.42,0728477,331,J.D.LOGISTICS,AMAR BHAI
462,07/04/2026,207,MANIBHADRA TRADELINK,V R PAWAR SAREES,SWIZER,ROZY SILK MILLS,540754,144,0,175,2,2,-504,175,25200,5,1259.5,26449.42,0728473,332,J.D.LOGISTICS,AMAR BHAI
463,07/04/2026,208,MANIBHADRA TRADELINK,V R PAWAR SAREES,SWIZER,ROZY SILK MILLS,540754,144,0,175,2,2,-504,175,25200,5,1259.5,26449.42,0728472,333,J.D.LOGISTICS,AMAR BHAI
464,07/04/2026,209,MANIBHADRA TRADELINK,V R PAWAR SAREES,SWIZER,ROZY SILK MILLS,540754,144,0,175,2,2,-504,175,25200,5,1259.5,26449.42,0728474,334,J.D.LOGISTICS,AMAR BHAI
465,07/04/2026,210,MANIBHADRA TRADELINK,V R PAWAR SAREES,SWIZER,ROZY SILK MILLS,540754,144,0,175,2,2,-504,175,25200,5,1259.5,26449.42,0728478,335,J.D.LOGISTICS,AMAR BHAI
466,07/04/2026,211,MANIBHADRA TRADELINK,V R PAWAR SAREES,SWIZER,ROZY SILK MILLS,540754,144,0,175,2,2,-504,175,25200,5,1259.5,26449.42,0728468,336,J.D.LOGISTICS,AMAR BHAI
467,07/04/2026,212,MANIBHADRA TRADELINK,V R PAWAR SAREES,SWIZER,ROZY SILK MILLS,540754,144,0,175,2,2,-504,175,25200,5,1259.5,26449.42,0728471,337,J.D.LOGISTICS,AMAR BHAI
468,07/04/2026,213,MANIBHADRA TRADELINK,V R PAWAR SAREES,SWIZER,ROZY SILK MILLS,540754,144,0,175,2,2,-504,175,25200,5,1259.5,26449.42,0728469,338,J.D.LOGISTICS,AMAR BHAI
469,07/04/2026,214,MANIBHADRA TRADELINK,V R PAWAR SAREES,SWIZER,ROZY SILK MILLS,540754,144,0,175,2,2,-504,175,25200,5,1259.5,26449.42,0728470,339,J.D.LOGISTICS,AMAR BHAI
470,07/04/2026,215,MANIBHADRA TRADELINK,V R PAWAR SAREES,SWIZER,ROZY SILK MILLS,540754,144,0,175,2,2,-504,175,25200,5,1259.5,26449.42,0728475,340,J.D.LOGISTICS,AMAR BHAI
471,07/04/2026,216,MANIBHADRA TRADELINK,V R PAWAR SAREES,SWIZER,ROZY SILK MILLS,540754,146,0,175,2,2,-511,175,25550,5,1276.99,26816.77,0728476,341,J.D.LOGISTICS,AMAR BHAI
472,07/04/2026,217,MANIBHADRA TRADELINK,V R PAWAR SAREES,MOGRA SILK,ROZY SILK MILLS,540754,84,0,345,2,2,-579.6,345,28980,5,1448.42,30416.83,0728716,362,J.D.LOGISTICS,AMAR BHAI
473,07/04/2026,218,MANIBHADRA TRADELINK,V R PAWAR SAREES,MOGRA SILK,ROZY SILK MILLS,540754,84,0,345,2,2,-579.6,345,28980,5,1448.42,30416.83,0728715,363,J.D.LOGISTICS,AMAR BHAI
474,07/04/2026,219,MANIBHADRA TRADELINK,V R PAWAR SAREES,MOGRA SILK,ROZY SILK MILLS,540754,84,0,345,2,2,-579.6,345,28980,5,1448.42,30416.83,0728714,364,J.D.LOGISTICS,AMAR BHAI
475,07/04/2026,220,MANIBHADRA TRADELINK,V R PAWAR SAREES,MOGRA SILK,ROZY SILK MILLS,540754,84,0,345,2,2,-579.6,345,28980,5,1448.42,30416.83,0728723,365,J.D.LOGISTICS,AMAR BHAI
476,07/04/2026,221,MANIBHADRA TRADELINK,V R PAWAR SAREES,MOGRA SILK,ROZY SILK MILLS,540754,84,0,345,2,2,-579.6,345,28980,5,1448.42,30416.83,0728726,366,J.D.LOGISTICS,AMAR BHAI
477,07/04/2026,222,MANIBHADRA TRADELINK,V R PAWAR SAREES,MOGRA SILK,ROZY SILK MILLS,540754,84,0,345,2,2,-579.6,345,28980,5,1448.42,30416.83,0728728,367,J.D.LOGISTICS,AMAR BHAI
478,07/04/2026,223,MANIBHADRA TRADELINK,V R PAWAR SAREES,LINEN SPECIAL,ROZY SILK MILLS,540754,84,0,225,2,2,-378,225,18900,5,944.62,19837.06,0728727,369,J.D.LOGISTICS,AMAR BHAI
479,07/04/2026,224,MANIBHADRA TRADELINK,V R PAWAR SAREES,LINEN SPECIAL,ROZY SILK MILLS,540754,84,0,225,2,2,-378,225,18900,5,944.62,19837.06,0728711,370,J.D.LOGISTICS,AMAR BHAI
480,07/04/2026,225,MANIBHADRA TRADELINK,V R PAWAR SAREES,LINEN SPECIAL,ROZY SILK MILLS,540754,84,0,225,2,2,-378,225,18900,5,944.62,19837.06,0728724,371,J.D.LOGISTICS,AMAR BHAI
481,07/04/2026,226,MANIBHADRA TRADELINK,V R PAWAR SAREES,LINEN SPECIAL,ROZY SILK MILLS,540754,84,0,225,2,2,-378,225,18900,5,944.62,19837.06,0728725,372,J.D.LOGISTICS,AMAR BHAI
482,07/04/2026,227,MANIBHADRA TRADELINK,V R PAWAR SAREES,LINEN SPECIAL,ROZY SILK MILLS,540754,84,0,225,2,2,-378,225,18900,5,944.62,19837.06,0728712,373,J.D.LOGISTICS,AMAR BHAI
483,07/04/2026,228,MANIBHADRA TRADELINK,V R PAWAR SAREES,LINEN SPECIAL,ROZY SILK MILLS,540754,84,0,225,2,2,-378,225,18900,5,944.62,19837.06,0728713,374,J.D.LOGISTICS,AMAR BHAI
484,07/04/2026,229,MANIBHADRA TRADELINK,V R PAWAR SAREES,ARPAN,ROZY SILK MILLS,540754,120,0,190,2,2,-456,190,22800,5,1139.54,23930.42,0728719,375,J.D.LOGISTICS,AMAR BHAI
485,07/04/2026,230,MANIBHADRA TRADELINK,V R PAWAR SAREES,ARPAN,ROZY SILK MILLS,540754,120,0,190,2,2,-456,190,22800,5,1139.54,23930.42,0728709,376,J.D.LOGISTICS,
486,07/04/2026,231,MANIBHADRA TRADELINK,V R PAWAR SAREES,ARPAN,ROZY SILK MILLS,540754,120,0,190,2,2,-456,190,22800,5,1139.54,23930.42,0728722,377,J.D.LOGISTICS,AMAR BHAI
487,07/04/2026,232,MANIBHADRA TRADELINK,V R PAWAR SAREES,ARPAN,ROZY SILK MILLS,540754,120,0,190,2,2,-456,190,22800,5,1139.54,23930.42,0728721,378,J.D.LOGISTICS,AMAR BHAI
488,07/04/2026,233,MANIBHADRA TRADELINK,V R PAWAR SAREES,ARPAN,ROZY SILK MILLS,540754,120,0,190,2,2,-456,190,22800,5,1139.54,23930.42,0728708,379,J.D.LOGISTICS,AMAR BHAI
489,07/04/2026,234,MANIBHADRA TRADELINK,V R PAWAR SAREES,ARPAN,ROZY SILK MILLS,540754,120,0,190,2,2,-456,190,22800,5,1139.54,23930.42,0728720,380,J.D.LOGISTICS,AMAR BHAI
490,07/04/2026,235,MANIBHADRA TRADELINK,V R PAWAR SAREES,ARPAN,ROZY SILK MILLS,540754,120,0,190,2,2,-456,190,22800,5,1139.54,23930.42,0728710,381,J.D.LOGISTICS,AMAR BHAI
491,07/04/2026,236,MANIBHADRA TRADELINK,V R PAWAR SAREES,ARPAN,ROZY SILK MILLS,540754,120,0,190,2,2,-456,190,22800,5,1139.54,23930.42,0728718,382,J.D.LOGISTICS,AMAR BHAI
492,07/04/2026,237,MANIBHADRA TRADELINK,V R PAWAR SAREES,ARPAN,ROZY SILK MILLS,540754,120,0,190,2,2,-456,190,22800,5,1139.54,23930.42,0728706,383,J.D.LOGISTICS,AMAR BHAI
493,07/04/2026,238,MANIBHADRA TRADELINK,V R PAWAR SAREES,ARPAN,ROZY SILK MILLS,540754,120,0,190,2,2,-456,190,22800,5,1139.54,23930.42,0728707,384,J.D.LOGISTICS,AMAR BHAI
494,07/04/2026,239,MANIBHADRA TRADELINK,V R PAWAR SAREES,ARPAN,ROZY SILK MILLS,540754,120,0,190,2,2,-456,190,22800,5,1139.54,23930.42,0728717,385,J.D.LOGISTICS,AMAR BHAI
495,07/04/2026,240,MANIBHADRA TRADELINK,V R PAWAR SAREES,RICH BEAUTY,CHIRAG PRINTS,540754,180,0,220,2,2,-792,220,39600,5,1979.21,41563.37,0728695,50,J.D.LOGISTICS,AMAR BHAI
496,07/04/2026,241,MANIBHADRA TRADELINK,V R PAWAR SAREES,RICH BEAUTY,CHIRAG PRINTS,540754,180,0,220,2,2,-792,220,39600,5,1979.21,41563.37,0728696,51,J.D.LOGISTICS,AMAR BHAI
497,07/04/2026,242,MANIBHADRA TRADELINK,V R PAWAR SAREES,RICH BEAUTY,CHIRAG PRINTS,540754,180,0,220,2,2,-792,220,39600,5,1979.21,41563.37,0728694,52,J.D.LOGISTICS,AMAR BHAI
498,07/04/2026,243,MANIBHADRA TRADELINK,V R PAWAR SAREES,DOLA RICO JARI,CHIRAG PRINTS,540754,180,0,225,2,2,-810,225,40500,5,2024.19,42507.99,0728698,53,J.D.LOGISTICS,AMAR BHAI
499,07/04/2026,244,MANIBHADRA TRADELINK,V R PAWAR SAREES,DOLA RICO JARI,CHIRAG PRINTS,540754,180,0,225,2,2,-810,225,40500,5,2024.19,42507.99,0728699,54,J.D.LOGISTICS,AMAR BHAI
500,07/04/2026,245,MANIBHADRA TRADELINK,V R PAWAR SAREES,DOLA RICO JARI,CHIRAG PRINTS,540754,180,0,225,2,2,-810,225,40500,5,2024.19,42507.99,0728697,55,J.D.LOGISTICS,AMAR BHAI
501,07/04/2026,246,MANIBHADRA TRADELINK,V R PAWAR SAREES,SUKANYA 620,JORRIZ LIFESTYLE,540754,24,0,2395,2,2,-1149.6,2395,57480,5,2872.85,60329.86,0729488,128,J.D.LOGISTICS,RISHIKESH
502,07/04/2026,246,MANIBHADRA TRADELINK,V R PAWAR SAREES,SUKANYA 619,JORRIZ LIFESTYLE,540754,12,0,2395,2,2,-574.8,2395,28740,5,1436.43,30164.93,0729488,128,J.D.LOGISTICS,RISHIKESH
503,07/04/2026,247,MANIBHADRA TRADELINK,V R PAWAR SAREES,SON PARI,DHAN GURU NANK SYNTHETICS,540754,40,0,250,2,2,-200,250,10000,5,499.8,10495.8,0728895,50,J.D.LOGISTICS,AMAR BHAI
504,07/04/2026,247,MANIBHADRA TRADELINK,V R PAWAR SAREES,SON PARI,DHAN GURU NANK SYNTHETICS,540754,45,0,250,2,2,-225,250,11250,5,562.28,11807.78,0728895,50,J.D.LOGISTICS,AMAR BHAI
505,07/04/2026,248,MANIBHADRA TRADELINK,V R PAWAR SAREES,SUJAL,DHAN GURU NANK SYNTHETICS,540754,90,0,255,2,2,-459,255,22950,5,1147.04,24087.86,0728894,49,J.D.LOGISTICS,AMAR BHAI
506,07/04/2026,249,MANIBHADRA TRADELINK,V R PAWAR SAREES,MANJARI,NARESHWARI FASHION,540754,60,0,485,2,2,-582,485,29100,5,1454.42,30542.78,0728730,69,J.D.LOGISTICS,AMAR BHAI
507,07/04/2026,250,MANIBHADRA TRADELINK,V R PAWAR SAREES,MANJARI,NARESHWARI FASHION,540754,60,0,485,2,2,-582,485,29100,5,1454.42,30542.78,0728735,70,J.D.LOGISTICS,AMAR BHAI
508,07/04/2026,251,MANIBHADRA TRADELINK,V R PAWAR SAREES,KANAK,NARESHWARI FASHION,540754,60,0,475,2,2,-570,475,28500,5,1424.43,29913.03,0728737,71,J.D.LOGISTICS,AMAR BHAI
509,07/04/2026,252,MANIBHADRA TRADELINK,V R PAWAR SAREES,KANAK,NARESHWARI FASHION,540754,60,0,475,2,2,-570,475,28500,5,1424.43,29913.03,0728732,72,J.D.LOGISTICS,AMAR BHAI
510,07/04/2026,253,MANIBHADRA TRADELINK,V R PAWAR SAREES,NEELAXI,NARESHWARI FASHION,540754,60,0,495,2,2,-594,495,29700,5,1484.41,31172.53,0728733,73,J.D.LOGISTICS,AMAR BHAI
511,07/04/2026,254,MANIBHADRA TRADELINK,V R PAWAR SAREES,NEELAXI,NARESHWARI FASHION,540754,30,0,495,2,2,-297,495,14850,5,742.2,15586.26,0728731,74,J.D.LOGISTICS,AMAR BHAI
512,07/04/2026,254,MANIBHADRA TRADELINK,V R PAWAR SAREES,SANVITA,NARESHWARI FASHION,540754,30,0,475,2,2,-285,475,14250,5,712.22,14956.52,0728731,74,J.D.LOGISTICS,AMAR BHAI
513,07/04/2026,255,MANIBHADRA TRADELINK,V R PAWAR SAREES,MANJARI,NARESHWARI FASHION,540754,36,0,485,2,2,-349.2,485,17460,5,872.65,18325.67,0728736,75,J.D.LOGISTICS,AMAR BHAI
514,07/04/2026,255,MANIBHADRA TRADELINK,V R PAWAR SAREES,KAVYANSHI,NARESHWARI FASHION,540754,18,0,415,2,2,-149.4,415,7470,5,373.35,7840.36,0728736,75,J.D.LOGISTICS,AMAR BHAI
515,07/04/2026,255,MANIBHADRA TRADELINK,V R PAWAR SAREES,SANVITA,NARESHWARI FASHION,540754,6,0,475,2,2,-57,475,2850,5,142.44,2991.3,0728736,75,J.D.LOGISTICS,AMAR BHAI
516,07/04/2026,256,MANIBHADRA TRADELINK,V R PAWAR SAREES,DEVANSHI,NARESHWARI FASHION,540754,43,0,490,2,2,-421.4,490,21070,5,1053.08,22114.65,0728734,76,J.D.LOGISTICS,AMAR BHAI
517,07/04/2026,256,MANIBHADRA TRADELINK,V R PAWAR SAREES,KAVYANSHI,NARESHWARI FASHION,540754,18,0,415,2,2,-149.4,415,7470,5,373.35,7840.36,0728734,76,J.D.LOGISTICS,AMAR BHAI
518,08/04/2026,257,MANIBHADRA TRADELINK,V R PAWAR SAREES,MOTI  ,SHYAM TEX,540754,7,0,472,2,2,-66.08,472,3304,5,165.13,3467.81,0729634,66,J.D.LOGISTICS,AMAR BHAI
519,08/04/2026,257,MANIBHADRA TRADELINK,V R PAWAR SAREES,SARKAR,SHYAM TEX,540754,11,0,719,2,2,-158.18,719,7909,5,395.29,8301.13,0729634,66,J.D.LOGISTICS,AMAR BHAI
520,08/04/2026,257,MANIBHADRA TRADELINK,V R PAWAR SAREES,INDIAN 1,SHYAM TEX,540754,5,0,895,2,2,-89.5,895,4475,5,223.66,4696.87,0729634,66,J.D.LOGISTICS,AMAR BHAI
521,08/04/2026,257,MANIBHADRA TRADELINK,V R PAWAR SAREES,BSNL 3,SHYAM TEX,540754,5,0,963,2,2,-96.3,963,4815,5,240.65,5053.72,0729634,66,J.D.LOGISTICS,AMAR BHAI
522,08/04/2026,257,MANIBHADRA TRADELINK,V R PAWAR SAREES,TANA 4,SHYAM TEX,540754,4,0,535,2,2,-42.8,535,2140,5,106.96,2246.1,0729634,66,J.D.LOGISTICS,AMAR BHAI
523,08/04/2026,257,MANIBHADRA TRADELINK,V R PAWAR SAREES,TANA 3,SHYAM TEX,540754,5,0,535,2,2,-53.5,535,2675,5,133.7,2807.63,0729634,66,J.D.LOGISTICS,AMAR BHAI
524,08/04/2026,257,MANIBHADRA TRADELINK,V R PAWAR SAREES,KIRTI 1,SHYAM TEX,540754,9,0,706,2,2,-127.08,706,6354,5,317.57,6669.03,0729634,66,J.D.LOGISTICS,AMAR BHAI
525,08/04/2026,258,MANIBHADRA TRADELINK,V R PAWAR SAREES,TIP TOP,ABHIRANG TEXTILES,540754,162,0,185,2,2,-599.4,185,29970,5,1497.9,31455.91,0728902,70,J.D.LOGISTICS,AMAR BHAI
526,08/04/2026,259,MANIBHADRA TRADELINK,V R PAWAR SAREES,TIP TOP,ABHIRANG TEXTILES,540754,144,0,185,2,2,-532.8,185,26640,5,1331.47,27960.81,0728901,71,J.D.LOGISTICS,AMAR BHAI
527,08/04/2026,260,MANIBHADRA TRADELINK,V R PAWAR SAREES,SOFT COOL,ABHIRANG TEXTILES,540754,144,0,185,2,2,-532.8,185,26640,5,1331.47,27960.81,0728899,72,J.D.LOGISTICS,AMAR BHAI
528,08/04/2026,261,MANIBHADRA TRADELINK,V R PAWAR SAREES,SOFT COOL,ABHIRANG TEXTILES,540754,144,0,185,2,2,-532.8,185,26640,5,1331.47,27960.81,0728903,73,J.D.LOGISTICS,AMAR BHAI
529,08/04/2026,262,MANIBHADRA TRADELINK,V R PAWAR SAREES,SOFT COOL,ABHIRANG TEXTILES,540754,143,0,185,2,2,-529.1,185,26455,5,1322.22,27766.64,0728905,74,J.D.LOGISTICS,AMAR BHAI
530,08/04/2026,263,MANIBHADRA TRADELINK,V R PAWAR SAREES,SOFT COOL,ABHIRANG TEXTILES,540754,143,0,185,2,2,-529.1,185,26455,5,1322.22,27766.64,0728904,75,J.D.LOGISTICS,AMAR BHAI
531,08/04/2026,264,MANIBHADRA TRADELINK,V R PAWAR SAREES,SOFT COOL,ABHIRANG TEXTILES,540754,144,0,185,2,2,-532.8,185,26640,5,1331.47,27960.81,0728900,76,J.D.LOGISTICS,AMAR BHAI
532,08/04/2026,265,MANIBHADRA TRADELINK,V R PAWAR SAREES,DOLA RICH JARI,CHIRAG PRINTS,540754,180,0,225,2,2,-810,225,40500,5,2024.19,42507.99,0729415,60,J.D.LOGISTICS,AMAR BHAI
533,08/04/2026,266,MANIBHADRA TRADELINK,V R PAWAR SAREES,DOLA RICH JARI,CHIRAG PRINTS,540754,180,0,225,2,2,-810,225,40500,5,2024.19,42507.99,0729419,61,J.D.LOGISTICS,AMAR BHAI
534,08/04/2026,267,MANIBHADRA TRADELINK,V R PAWAR SAREES,DOLA RICH JARI,CHIRAG PRINTS,540754,180,0,225,2,2,-810,225,40500,5,2024.19,42507.99,0729416,62,J.D.LOGISTICS,AMAR BHAI
535,08/04/2026,268,MANIBHADRA TRADELINK,V R PAWAR SAREES,RICH BEAUTY,CHIRAG PRINTS,540754,180,0,220,2,2,-792,220,39600,5,1979.21,41563.37,0729420,63,J.D.LOGISTICS,AMAR BHAI
536,08/04/2026,269,MANIBHADRA TRADELINK,V R PAWAR SAREES,RICH BEAUTY,CHIRAG PRINTS,540754,180,0,220,2,2,-792,220,39600,5,1979.21,41563.37,0729418,64,J.D.LOGISTICS,AMAR BHAI
537,08/04/2026,270,MANIBHADRA TRADELINK,V R PAWAR SAREES,RICH BEAUTY,CHIRAG PRINTS,540754,180,0,220,2,2,-792,220,39600,5,1979.21,41563.37,0729414,65,J.D.LOGISTICS,AMAR BHAI
538,08/04/2026,271,MANIBHADRA TRADELINK,V R PAWAR SAREES,CHANCHAL,B. SUMIT & CO.,540754,69,0,375,2,2,-517.5,375,25875,5,1293.23,27157.88,0729292,160,J.D.LOGISTICS,AMAR BHAI
539,08/04/2026,272,MANIBHADRA TRADELINK,V R PAWAR SAREES,CHANCHAL,B. SUMIT & CO.,540754,72,0,375,2,2,-540,375,27000,5,1349.46,28338.66,0729286,161,J.D.LOGISTICS,AMAR BHAI
540,08/04/2026,273,MANIBHADRA TRADELINK,V R PAWAR SAREES,CHANCHAL,B. SUMIT & CO.,540754,70,0,375,2,2,-525,375,26250,5,1311.98,27551.48,0729285,162,J.D.LOGISTICS,AMAR BHAI
541,08/04/2026,274,MANIBHADRA TRADELINK,V R PAWAR SAREES,CHANCHAL,B. SUMIT & CO.,540754,70,0,375,2,2,-525,375,26250,5,1311.98,27551.48,0729290,163,J.D.LOGISTICS,AMAR BHAI
542,08/04/2026,275,MANIBHADRA TRADELINK,V R PAWAR SAREES,CHANCHAL,B. SUMIT & CO.,540754,72,0,375,2,2,-540,375,27000,5,1349.46,28338.66,0729287,164,J.D.LOGISTICS,AMAR BHAI
543,08/04/2026,276,MANIBHADRA TRADELINK,V R PAWAR SAREES,CHANCHAL,B. SUMIT & CO.,540754,63,0,375,2,2,-472.5,375,23625,5,1180.78,24796.33,0729284,165,J.D.LOGISTICS,AMAR BHAI
544,08/04/2026,277,MANIBHADRA TRADELINK,V R PAWAR SAREES,CHANCHAL,B. SUMIT & CO.,540754,66,0,375,2,2,-495,375,24750,5,1237.01,25977.11,0729283,166,J.D.LOGISTICS,AMAR BHAI
545,08/04/2026,278,MANIBHADRA TRADELINK,V R PAWAR SAREES,CHANCHAL,B. SUMIT & CO.,540754,65,0,375,2,2,-487.5,375,24375,5,1218.26,25583.51,0729289,167,J.D.LOGISTICS,AMAR BHAI
546,08/04/2026,279,MANIBHADRA TRADELINK,V R PAWAR SAREES,CHANCHAL,B. SUMIT & CO.,540754,72,0,375,2,2,-540,375,27000,5,1349.46,28338.66,0729291,168,J.D.LOGISTICS,AMAR BHAI
547,08/04/2026,280,MANIBHADRA TRADELINK,V R PAWAR SAREES,CHANCHAL,B. SUMIT & CO.,540754,72,0,375,2,2,-540,375,27000,5,1349.46,28338.66,0729288,169,J.D.LOGISTICS,AMAR BHAI
548,08/04/2026,281,MANIBHADRA TRADELINK,V R PAWAR SAREES,MONOPOLEY,VINAYAK FASHION,540754,144,0,200,2,2,-576,200,28800,5,1439.42,30227.9,0729332,50,J.D.LOGISTICS,AMAR BHAI
549,08/04/2026,282,MANIBHADRA TRADELINK,V R PAWAR SAREES,MONOPOLEY,VINAYAK FASHION,540754,145,0,200,2,2,-580,200,29000,5,1449.42,30437.82,0729328,51,J.D.LOGISTICS,AMAR BHAI
550,08/04/2026,283,MANIBHADRA TRADELINK,V R PAWAR SAREES,MONOPOLEY,VINAYAK FASHION,540754,144,0,200,2,2,-576,200,28800,5,1439.42,30227.9,0729331,52,J.D.LOGISTICS,AMAR BHAI
551,08/04/2026,284,MANIBHADRA TRADELINK,V R PAWAR SAREES,DIPTI,ROHAN FABRICS,540754,8,0,876,2,2,-140.16,876,7008,5,350.26,7355.46,0729689,174,J.D.LOGISTICS,AMAR BHAI
552,08/04/2026,284,MANIBHADRA TRADELINK,V R PAWAR SAREES,NAVYA,ROHAN FABRICS,540754,8,0,905,2,2,-144.8,905,7240,5,361.86,7598.96,0729689,174,J.D.LOGISTICS,AMAR BHAI
553,08/04/2026,284,MANIBHADRA TRADELINK,V R PAWAR SAREES,MAYURI,ROHAN FABRICS,540754,12,0,476,2,2,-114.24,476,5712,5,285.49,5995.21,0729689,174,J.D.LOGISTICS,AMAR BHAI
554,08/04/2026,284,MANIBHADRA TRADELINK,V R PAWAR SAREES,BANI,ROHAN FABRICS,540754,24,0,853,2,2,-409.44,853,20472,5,1023.19,21487,0729689,174,J.D.LOGISTICS,AMAR BHAI
555,08/04/2026,284,MANIBHADRA TRADELINK,V R PAWAR SAREES,MILK CAKE,ROHAN FABRICS,540754,24,0,560,2,2,-268.8,560,13440,5,671.73,14106.35,0729689,174,J.D.LOGISTICS,AMAR BHAI
556,08/04/2026,284,MANIBHADRA TRADELINK,V R PAWAR SAREES,SITAFAL,ROHAN FABRICS,540754,8,0,850,2,2,-136,850,6800,5,339.86,7137.14,0729689,174,J.D.LOGISTICS,AMAR BHAI
557,08/04/2026,284,MANIBHADRA TRADELINK,V R PAWAR SAREES,MONA LISHA,ROHAN FABRICS,540754,20,0,725,2,2,-290,725,14500,5,724.71,15218.91,0729689,174,J.D.LOGISTICS,AMAR BHAI
558,08/04/2026,285,MANIBHADRA TRADELINK,V R PAWAR SAREES,KALPANA,SHIVA SAREES,540754,16,0,590,2,2,-188.8,590,9440,5,471.81,9908.03,0729742,212,J.D.LOGISTICS,AMAR BHAI
559,08/04/2026,285,MANIBHADRA TRADELINK,V R PAWAR SAREES,ALIA,SHIVA SAREES,540754,8,0,640,2,2,-102.4,640,5120,5,255.9,5373.85,0729742,212,J.D.LOGISTICS,AMAR BHAI
560,08/04/2026,285,MANIBHADRA TRADELINK,V R PAWAR SAREES,RASHMI,SHIVA SAREES,540754,8,0,990,2,2,-158.4,990,7920,5,395.84,8312.67,0729742,212,J.D.LOGISTICS,AMAR BHAI
561,08/04/2026,285,MANIBHADRA TRADELINK,V R PAWAR SAREES,SURBHI,SHIVA SAREES,540754,8,0,1040,2,2,-166.4,1040,8320,5,415.83,8732.5,0729742,212,J.D.LOGISTICS,AMAR BHAI
562,08/04/2026,285,MANIBHADRA TRADELINK,V R PAWAR SAREES,SAHELI,SHIVA SAREES,540754,8,0,1040,2,2,-166.4,1040,8320,5,415.83,8732.5,0729742,212,J.D.LOGISTICS,AMAR BHAI
563,08/04/2026,286,MANIBHADRA TRADELINK,V R PAWAR SAREES,VAANI,SANJYOTI EXCLUSIVES,540754,72,0,330,2,2,-475.2,330,23760,5,1187.53,24938.03,0729737,158,J.D.LOGISTICS,AMAR BHAI
564,08/04/2026,287,MANIBHADRA TRADELINK,V R PAWAR SAREES,MITAL,SAI DESIGNER CREATIVE,540754,6,0,1555,2,,,1555,9330,5,475.83,9992.43,0729264,222,J.D.LOGISTICS,RATAN BHAI
565,08/04/2026,287,MANIBHADRA TRADELINK,V R PAWAR SAREES,SHITAL,SAI DESIGNER CREATIVE,540754,5,0,1665,2,,,1665,8325,5,424.58,8916.08,0729264,222,J.D.LOGISTICS,RATAN BHAI
566,08/04/2026,287,MANIBHADRA TRADELINK,V R PAWAR SAREES,REVATI 2,SAI DESIGNER CREATIVE,540754,5,0,1695,2,,,1695,8475,5,432.23,9076.73,0729264,222,J.D.LOGISTICS,RATAN BHAI
567,08/04/2026,287,MANIBHADRA TRADELINK,V R PAWAR SAREES,GORILI ZALL,SAI DESIGNER CREATIVE,540754,4,0,1175,2,,,1175,4700,5,239.7,5033.7,0729264,222,J.D.LOGISTICS,RATAN BHAI
568,08/04/2026,287,MANIBHADRA TRADELINK,V R PAWAR SAREES,SALINI 2 NET,SAI DESIGNER CREATIVE,540754,5,0,2585,2,,,2585,12925,5,659.18,13842.68,0729264,222,J.D.LOGISTICS,RATAN BHAI
569,08/04/2026,287,MANIBHADRA TRADELINK,V R PAWAR SAREES,RUPAL 4,SAI DESIGNER CREATIVE,540754,6,0,775,2,,,775,4650,5,237.15,4980.15,0729264,222,J.D.LOGISTICS,RATAN BHAI
570,08/04/2026,287,MANIBHADRA TRADELINK,V R PAWAR SAREES,SUBHADRA NET,SAI DESIGNER CREATIVE,540754,6,0,625,2,,,625,3750,5,191.25,4016.25,0729264,222,J.D.LOGISTICS,RATAN BHAI
571,08/04/2026,287,MANIBHADRA TRADELINK,V R PAWAR SAREES,YAMUNA ZALL,SAI DESIGNER CREATIVE,540754,5,0,999,2,,,999,4995,5,254.75,5349.65,0729264,222,J.D.LOGISTICS,RATAN BHAI
572,08/04/2026,287,MANIBHADRA TRADELINK,V R PAWAR SAREES,EKTA,SAI DESIGNER CREATIVE,540754,5,0,1665,2,,,1665,8325,5,424.58,8916.08,0729264,222,J.D.LOGISTICS,RATAN BHAI
573,08/04/2026,287,MANIBHADRA TRADELINK,V R PAWAR SAREES,AADI DEV,SAI DESIGNER CREATIVE,540754,5,0,975,2,,,975,4875,5,248.63,5221.13,0729264,222,J.D.LOGISTICS,RATAN BHAI
574,08/04/2026,288,MANIBHADRA TRADELINK,V R PAWAR SAREES,YAMIKA YELLOW,SAI DESIGNER CREATIVE,540754,4,0,999,2,,,999,3996,5,203.8,4279.72,0729259,223,J.D.LOGISTICS,RATAN BHAI
575,08/04/2026,288,MANIBHADRA TRADELINK,V R PAWAR SAREES,JASHMINE YELLOW,SAI DESIGNER CREATIVE,540754,2,0,999,2,,,999,1998,5,101.9,2139.86,0729259,223,J.D.LOGISTICS,RATAN BHAI
576,08/04/2026,288,MANIBHADRA TRADELINK,V R PAWAR SAREES,YAGNIK,SAI DESIGNER CREATIVE,540754,5,0,999,2,,,999,4995,5,254.75,5349.65,0729259,223,J.D.LOGISTICS,RATAN BHAI
577,08/04/2026,288,MANIBHADRA TRADELINK,V R PAWAR SAREES,KUNTI YELLOW,SAI DESIGNER CREATIVE,540754,4,0,999,2,,,999,3996,5,203.8,4279.72,0729259,223,J.D.LOGISTICS,RATAN BHAI
578,08/04/2026,288,MANIBHADRA TRADELINK,V R PAWAR SAREES,YANVI Y,SAI DESIGNER CREATIVE,540754,2,0,999,2,,,999,1998,5,101.9,2139.86,0729259,223,J.D.LOGISTICS,RATAN BHAI
579,08/04/2026,288,MANIBHADRA TRADELINK,V R PAWAR SAREES,SWAMI,SAI DESIGNER CREATIVE,540754,1,0,1015,2,,,1015,1015,5,51.77,1087.07,0729259,223,J.D.LOGISTICS,RATAN BHAI
580,08/04/2026,288,MANIBHADRA TRADELINK,V R PAWAR SAREES,AGNI SIFFONE,SAI DESIGNER CREATIVE,540754,1,0,1445,2,,,1445,1445,5,73.7,1547.6,0729259,223,J.D.LOGISTICS,RATAN BHAI
581,08/04/2026,288,MANIBHADRA TRADELINK,V R PAWAR SAREES,GIRIJA SIFFONE,SAI DESIGNER CREATIVE,540754,1,0,1325,2,,,1325,1325,5,67.58,1419.08,0729259,223,J.D.LOGISTICS,RATAN BHAI
582,08/04/2026,288,MANIBHADRA TRADELINK,V R PAWAR SAREES,REVATI Y,SAI DESIGNER CREATIVE,540754,1,0,2195,2,,,2195,2195,5,111.95,2350.85,0729259,223,J.D.LOGISTICS,RATAN BHAI
583,08/04/2026,288,MANIBHADRA TRADELINK,V R PAWAR SAREES,VARDHAMAN Y,SAI DESIGNER CREATIVE,540754,1,0,2195,2,,,2195,2195,5,111.95,2350.85,0729259,223,J.D.LOGISTICS,RATAN BHAI
584,08/04/2026,288,MANIBHADRA TRADELINK,V R PAWAR SAREES,PAHADI Y,SAI DESIGNER CREATIVE,540754,1,0,2555,2,,,2555,2555,5,130.31,2736.41,0729259,223,J.D.LOGISTICS,RATAN BHAI
585,08/04/2026,288,MANIBHADRA TRADELINK,V R PAWAR SAREES,ALKA Y,SAI DESIGNER CREATIVE,540754,1,0,1295,2,,,1295,1295,5,66.05,1386.95,0729259,223,J.D.LOGISTICS,RATAN BHAI
586,08/04/2026,288,MANIBHADRA TRADELINK,V R PAWAR SAREES,PARINDE Y,SAI DESIGNER CREATIVE,540754,1,0,1695,2,,,1695,1695,5,86.45,1815.35,0729259,223,J.D.LOGISTICS,RATAN BHAI
587,08/04/2026,288,MANIBHADRA TRADELINK,V R PAWAR SAREES,NENIKA Y,SAI DESIGNER CREATIVE,540754,1,0,1495,2,,,1495,1495,5,76.25,1601.15,0729259,223,J.D.LOGISTICS,RATAN BHAI
588,08/04/2026,288,MANIBHADRA TRADELINK,V R PAWAR SAREES,KAJAL YELLOW,SAI DESIGNER CREATIVE,540754,3,0,999,2,,,999,2997,5,152.85,3209.79,0729259,223,J.D.LOGISTICS,RATAN BHAI
589,08/04/2026,288,MANIBHADRA TRADELINK,V R PAWAR SAREES,TITLI Y,SAI DESIGNER CREATIVE,540754,1,0,1595,2,,,1595,1595,5,81.35,1708.25,0729259,223,J.D.LOGISTICS,RATAN BHAI
590,08/04/2026,288,MANIBHADRA TRADELINK,V R PAWAR SAREES,POONAM Y,SAI DESIGNER CREATIVE,540754,1,0,1595,2,,,1595,1595,5,81.35,1708.25,0729259,223,J.D.LOGISTICS,RATAN BHAI
591,08/04/2026,288,MANIBHADRA TRADELINK,V R PAWAR SAREES,GALAXY,SAI DESIGNER CREATIVE,540754,6,0,1675,2,,,1675,10050,5,512.55,10763.55,0729259,223,J.D.LOGISTICS,RATAN BHAI
592,08/04/2026,289,MANIBHADRA TRADELINK,V R PAWAR SAREES,MOHINI ZALL,SAI DESIGNER CREATIVE,540754,5,0,2045,2,,,2045,10225,5,521.48,10950.98,0729258,221,J.D.LOGISTICS,RATAN BHAI
593,08/04/2026,289,MANIBHADRA TRADELINK,V R PAWAR SAREES,MALAIKA,SAI DESIGNER CREATIVE,540754,5,0,1745,2,,,1745,8725,5,444.98,9344.48,0729258,221,J.D.LOGISTICS,RATAN BHAI
594,08/04/2026,289,MANIBHADRA TRADELINK,V R PAWAR SAREES,MISHWA ZALL,SAI DESIGNER CREATIVE,540754,4,0,1225,2,,,1225,4900,5,249.9,5247.9,0729258,221,J.D.LOGISTICS,RATAN BHAI
595,08/04/2026,289,MANIBHADRA TRADELINK,V R PAWAR SAREES,PARASMANI,SAI DESIGNER CREATIVE,540754,5,0,695,2,,,695,3475,5,177.23,3721.73,0729258,221,J.D.LOGISTICS,RATAN BHAI
596,08/04/2026,289,MANIBHADRA TRADELINK,V R PAWAR SAREES,CHUTKI,SAI DESIGNER CREATIVE,540754,5,0,695,2,,,695,3475,5,177.23,3721.73,0729258,221,J.D.LOGISTICS,RATAN BHAI
597,08/04/2026,289,MANIBHADRA TRADELINK,V R PAWAR SAREES,SHIVANSH 2,SAI DESIGNER CREATIVE,540754,5,0,595,2,,,595,2975,5,151.73,3186.23,0729258,221,J.D.LOGISTICS,RATAN BHAI
598,08/04/2026,289,MANIBHADRA TRADELINK,V R PAWAR SAREES,CHANA CHAT 1,SAI DESIGNER CREATIVE,540754,15,0,495,2,,,495,7425,5,378.68,7952.18,0729258,221,J.D.LOGISTICS,RATAN BHAI
599,08/04/2026,289,MANIBHADRA TRADELINK,V R PAWAR SAREES,SHIVANSH 12,SAI DESIGNER CREATIVE,540754,6,0,595,2,,,595,3570,5,182.07,3823.47,0729258,221,J.D.LOGISTICS,RATAN BHAI
600,08/04/2026,289,MANIBHADRA TRADELINK,V R PAWAR SAREES,BINITA ZALL,SAI DESIGNER CREATIVE,540754,5,0,1225,2,,,1225,6125,5,312.38,6559.88,0729258,221,J.D.LOGISTICS,RATAN BHAI
601,08/04/2026,290,MANIBHADRA TRADELINK,V R PAWAR SAREES,KASHMIRI,ROZY SILK MILLS,540754,84,0,270,2,2,-453.6,270,22680,5,1133.55,23804.48,0729434,502,J.D.LOGISTICS,AMAR BHAI
602,08/04/2026,291,MANIBHADRA TRADELINK,V R PAWAR SAREES,KASHMIRI,ROZY SILK MILLS,540754,84,0,270,2,2,-453.6,270,22680,5,1133.55,23804.48,0729430,503,J.D.LOGISTICS,AMAR BHAI
603,08/04/2026,292,MANIBHADRA TRADELINK,V R PAWAR SAREES,KASHMIRI,ROZY SILK MILLS,540754,84,0,270,2,2,-453.6,270,22680,5,1133.55,23804.48,0729431,504,J.D.LOGISTICS,AMAR BHAI
604,08/04/2026,293,MANIBHADRA TRADELINK,V R PAWAR SAREES,KASHMIRI,ROZY SILK MILLS,540754,84,0,270,2,2,-453.6,270,22680,5,1133.55,23804.48,0729435,505,J.D.LOGISTICS,AMAR BHAI
605,08/04/2026,294,MANIBHADRA TRADELINK,V R PAWAR SAREES,KASHMIRI,ROZY SILK MILLS,540754,84,0,270,2,2,-453.6,270,22680,5,1133.55,23804.48,0729432,506,J.D.LOGISTICS,AMAR BHAI
606,08/04/2026,295,MANIBHADRA TRADELINK,V R PAWAR SAREES,KASHMIRI,ROZY SILK MILLS,540754,84,0,270,2,2,-453.6,270,22680,5,1133.55,23804.48,0729433,507,J.D.LOGISTICS,AMAR BHAI
607,08/04/2026,296,MANIBHADRA TRADELINK,V R PAWAR SAREES,RIPAL HBP,SAI DESIGNER CREATIVE,540754,7,0,1195,2,,,1195,8365,5,426.62,8958.92,0729260,225,J.D.LOGISTICS,RATAN BHAI
608,08/04/2026,296,MANIBHADRA TRADELINK,V R PAWAR SAREES,BINITA BEMBER,SAI DESIGNER CREATIVE,540754,5,0,1495,2,,,1495,7475,5,381.23,8005.73,0729260,225,J.D.LOGISTICS,RATAN BHAI
609,08/04/2026,296,MANIBHADRA TRADELINK,V R PAWAR SAREES,SHIVRAJ 2,SAI DESIGNER CREATIVE,540754,11,0,855,2,,,855,9405,5,479.66,10072.76,0729260,225,J.D.LOGISTICS,RATAN BHAI
610,08/04/2026,296,MANIBHADRA TRADELINK,V R PAWAR SAREES,NAISHA,SAI DESIGNER CREATIVE,540754,6,0,2095,2,,,2095,12570,5,641.07,13462.47,0729260,225,J.D.LOGISTICS,RATAN BHAI
611,08/04/2026,296,MANIBHADRA TRADELINK,V R PAWAR SAREES,SHERSHAH,SAI DESIGNER CREATIVE,540754,4,0,1795,2,,,1795,7180,5,366.18,7689.78,0729260,225,J.D.LOGISTICS,RATAN BHAI
612,08/04/2026,296,MANIBHADRA TRADELINK,V R PAWAR SAREES,REVATI 2,SAI DESIGNER CREATIVE,540754,5,0,1695,2,,,1695,8475,5,432.23,9076.73,0729260,225,J.D.LOGISTICS,RATAN BHAI
613,08/04/2026,296,MANIBHADRA TRADELINK,V R PAWAR SAREES,KURBANI,SAI DESIGNER CREATIVE,540754,7,0,795,2,,,795,5565,5,283.82,5960.12,0729260,225,J.D.LOGISTICS,RATAN BHAI
614,08/04/2026,297,MANIBHADRA TRADELINK,V R PAWAR SAREES,GLOBAL,SAI DESIGNER CREATIVE,540754,5,0,695,2,,,695,3475,5,177.23,3721.73,0729254,224,J.D.LOGISTICS,RATAN BHAI
615,08/04/2026,297,MANIBHADRA TRADELINK,V R PAWAR SAREES,SATYUG SARTIN,SAI DESIGNER CREATIVE,540754,5,0,1325,2,,,1325,6625,5,337.88,7095.38,0729254,224,J.D.LOGISTICS,RATAN BHAI
616,08/04/2026,297,MANIBHADRA TRADELINK,V R PAWAR SAREES,DOMINOZ,SAI DESIGNER CREATIVE,540754,5,0,1195,2,,,1195,5975,5,304.73,6399.23,0729254,224,J.D.LOGISTICS,RATAN BHAI
617,08/04/2026,297,MANIBHADRA TRADELINK,V R PAWAR SAREES,FAIZAL,SAI DESIGNER CREATIVE,540754,5,0,2095,2,,,2095,10475,5,534.23,11218.73,0729254,224,J.D.LOGISTICS,RATAN BHAI
618,08/04/2026,297,MANIBHADRA TRADELINK,V R PAWAR SAREES,AGNI SIFFONE,SAI DESIGNER CREATIVE,540754,5,0,1345,2,,,1345,6725,5,342.98,7202.48,0729254,224,J.D.LOGISTICS,RATAN BHAI
619,08/04/2026,297,MANIBHADRA TRADELINK,V R PAWAR SAREES,DHANTESASH,SAI DESIGNER CREATIVE,540754,5,0,1495,2,,,1495,7475,5,381.23,8005.73,0729254,224,J.D.LOGISTICS,RATAN BHAI
620,08/04/2026,297,MANIBHADRA TRADELINK,V R PAWAR SAREES,BHAGINI,SAI DESIGNER CREATIVE,540754,5,0,1495,2,,,1495,7475,5,381.23,8005.73,0729254,224,J.D.LOGISTICS,RATAN BHAI
621,08/04/2026,297,MANIBHADRA TRADELINK,V R PAWAR SAREES,MTA,SAI DESIGNER CREATIVE,540754,5,0,1795,2,,,1795,8975,5,457.73,9612.23,0729254,224,J.D.LOGISTICS,RATAN BHAI
622,08/04/2026,297,MANIBHADRA TRADELINK,V R PAWAR SAREES,SAPTPADI NET,SAI DESIGNER CREATIVE,540754,3,0,2595,2,,,2595,7785,5,397.04,8337.74,0729254,224,J.D.LOGISTICS,RATAN BHAI
623,08/04/2026,297,MANIBHADRA TRADELINK,V R PAWAR SAREES,MOHINI,SAI DESIGNER CREATIVE,540754,5,0,1595,2,,,1595,7975,5,406.73,8541.23,0729254,224,J.D.LOGISTICS,RATAN BHAI
624,08/04/2026,297,MANIBHADRA TRADELINK,V R PAWAR SAREES,DEVPURI SIFFONE,SAI DESIGNER CREATIVE,540754,5,0,2225,2,,,2225,11125,5,567.38,11914.88,0729254,224,J.D.LOGISTICS,RATAN BHAI
625,08/04/2026,298,MANIBHADRA TRADELINK,V R PAWAR SAREES,7995 KHODIYAR,LABDHI CREATION,540754,5,0,2090,2,8,-836,2090,10450,5,490.31,10296.59,0729406,424,J.D.LOGISTICS,RATAN BHAI
626,08/04/2026,298,MANIBHADRA TRADELINK,V R PAWAR SAREES,9865 MARRIAGE,LABDHI CREATION,540754,3,0,1990,2,8,-477.6,1990,5970,5,280.11,5882.36,0729406,424,J.D.LOGISTICS,RATAN BHAI
627,08/04/2026,298,MANIBHADRA TRADELINK,V R PAWAR SAREES,2567 DESAI,LABDHI CREATION,540754,6,0,890,2,8,-427.2,890,5340,5,250.55,5261.61,0729406,424,J.D.LOGISTICS,RATAN BHAI
628,08/04/2026,298,MANIBHADRA TRADELINK,V R PAWAR SAREES,1516 MANDELA,LABDHI CREATION,540754,5,0,1090,2,8,-436,1090,5450,5,255.71,5369.99,0729406,424,J.D.LOGISTICS,RATAN BHAI
629,08/04/2026,298,MANIBHADRA TRADELINK,V R PAWAR SAREES,6181 CHAHAT,LABDHI CREATION,540754,5,0,1090,2,8,-436,1090,5450,5,255.71,5369.99,0729406,424,J.D.LOGISTICS,RATAN BHAI
630,08/04/2026,298,MANIBHADRA TRADELINK,V R PAWAR SAREES,9623 NAGMANI,LABDHI CREATION,540754,5,0,1090,2,8,-436,1090,5450,5,255.71,5369.99,0729406,424,J.D.LOGISTICS,RATAN BHAI
631,08/04/2026,298,MANIBHADRA TRADELINK,V R PAWAR SAREES,2567 DESAI,LABDHI CREATION,540754,4,0,890,2,8,-284.8,890,3560,5,167.04,3507.74,0729406,424,J.D.LOGISTICS,RATAN BHAI
632,08/04/2026,298,MANIBHADRA TRADELINK,V R PAWAR SAREES,9728 MANTAR,LABDHI CREATION,540754,4,0,1290,2,8,-412.8,1290,5160,5,242.11,5084.25,0729406,424,J.D.LOGISTICS,RATAN BHAI
633,08/04/2026,298,MANIBHADRA TRADELINK,V R PAWAR SAREES,5025 THAR,LABDHI CREATION,540754,4,0,1290,2,8,-412.8,1290,5160,5,242.11,5084.25,0729406,424,J.D.LOGISTICS,RATAN BHAI
634,08/04/2026,298,MANIBHADRA TRADELINK,V R PAWAR SAREES,2840 MISHBA,LABDHI CREATION,540754,4,0,1390,2,8,-444.8,1390,5560,5,260.88,5478.38,0729406,424,J.D.LOGISTICS,RATAN BHAI
635,08/04/2026,298,MANIBHADRA TRADELINK,V R PAWAR SAREES,9865 MARRIAGE,LABDHI CREATION,540754,4,0,1990,2,8,-636.8,1990,7960,5,373.48,7843.14,0729406,424,J.D.LOGISTICS,RATAN BHAI
636,08/04/2026,298,MANIBHADRA TRADELINK,V R PAWAR SAREES,7979 WANKANER,LABDHI CREATION,540754,4,0,990,2,8,-316.8,990,3960,5,185.8,3901.86,0729406,424,J.D.LOGISTICS,RATAN BHAI
637,08/04/2026,299,MANIBHADRA TRADELINK,V R PAWAR SAREES,6526 POETRY,LABDHI CREATION,540754,5,0,1790,2,8,-716,1790,8950,5,419.93,8818.61,0729407,427,J.D.LOGISTICS,RATAN BHAI
638,08/04/2026,299,MANIBHADRA TRADELINK,V R PAWAR SAREES,2309 PERFUME,LABDHI CREATION,540754,5,0,1990,2,8,-796,1990,9950,5,466.85,9803.93,0729407,427,J.D.LOGISTICS,RATAN BHAI
639,08/04/2026,299,MANIBHADRA TRADELINK,V R PAWAR SAREES,8104 MUSHROOM,LABDHI CREATION,540754,5,0,1990,2,8,-796,1990,9950,5,466.85,9803.93,0729407,427,J.D.LOGISTICS,RATAN BHAI
640,08/04/2026,299,MANIBHADRA TRADELINK,V R PAWAR SAREES,7765 RAJSHREE,LABDHI CREATION,540754,4,0,1990,2,8,-636.8,1990,7960,5,373.48,7843.14,0729407,427,J.D.LOGISTICS,RATAN BHAI
641,08/04/2026,299,MANIBHADRA TRADELINK,V R PAWAR SAREES,8860 JANAKPUR,LABDHI CREATION,540754,5,0,1090,2,8,-436,1090,5450,5,255.71,5369.99,0729407,427,J.D.LOGISTICS,RATAN BHAI
642,08/04/2026,299,MANIBHADRA TRADELINK,V R PAWAR SAREES,4883 SUMMER,LABDHI CREATION,540754,5,0,1090,2,8,-436,1090,5450,5,255.71,5369.99,0729407,427,J.D.LOGISTICS,RATAN BHAI
643,08/04/2026,299,MANIBHADRA TRADELINK,V R PAWAR SAREES,8872 GONDAL,LABDHI CREATION,540754,5,0,1050,2,8,-420,1050,5250,5,246.33,5172.93,0729407,427,J.D.LOGISTICS,RATAN BHAI
644,08/04/2026,299,MANIBHADRA TRADELINK,V R PAWAR SAREES,4724 AUQFINA,LABDHI CREATION,540754,2,0,1090,2,8,-174.4,1090,2180,5,102.29,2148,0729407,427,J.D.LOGISTICS,RATAN BHAI
645,08/04/2026,299,MANIBHADRA TRADELINK,V R PAWAR SAREES,2412 ROCKSTAR,LABDHI CREATION,540754,12,0,850,2,8,-816,850,10200,5,478.58,10050.26,0729407,427,J.D.LOGISTICS,RATAN BHAI
646,08/04/2026,300,MANIBHADRA TRADELINK,V R PAWAR SAREES,8103 HIRA MOTI,LABDHI CREATION,540754,5,0,2490,2,8,-996,2490,12450,5,584.15,12267.23,0729410,425,J.D.LOGISTICS,RATAN BHAI
647,08/04/2026,300,MANIBHADRA TRADELINK,V R PAWAR SAREES,9942 TVS,LABDHI CREATION,540754,5,0,1090,2,8,-436,1090,5450,5,255.71,5369.99,0729410,425,J.D.LOGISTICS,RATAN BHAI
648,08/04/2026,300,MANIBHADRA TRADELINK,V R PAWAR SAREES,2260 DHUNKI,LABDHI CREATION,540754,5,0,1090,2,8,-436,1090,5450,5,255.71,5369.99,0729410,425,J.D.LOGISTICS,RATAN BHAI
649,08/04/2026,300,MANIBHADRA TRADELINK,V R PAWAR SAREES,1675 BSNL,LABDHI CREATION,540754,5,0,1290,2,8,-516,1290,6450,5,302.63,6355.31,0729410,425,J.D.LOGISTICS,RATAN BHAI
650,08/04/2026,300,MANIBHADRA TRADELINK,V R PAWAR SAREES,7632 REGENT,LABDHI CREATION,540754,4,0,1590,2,8,-508.8,1590,6360,5,298.41,6266.63,0729410,425,J.D.LOGISTICS,RATAN BHAI
651,08/04/2026,300,MANIBHADRA TRADELINK,V R PAWAR SAREES,6566 HIYA,LABDHI CREATION,540754,4,0,1490,2,8,-476.8,1490,5960,5,279.64,5872.5,0729410,425,J.D.LOGISTICS,RATAN BHAI
652,08/04/2026,300,MANIBHADRA TRADELINK,V R PAWAR SAREES,5222 SAHARA,LABDHI CREATION,540754,4,0,1090,2,8,-348.8,1090,4360,5,204.57,4295.99,0729410,425,J.D.LOGISTICS,RATAN BHAI
653,08/04/2026,300,MANIBHADRA TRADELINK,V R PAWAR SAREES,2223 AANCHAL,LABDHI CREATION,540754,4,0,1090,2,8,-348.8,1090,4360,5,204.57,4295.99,0729410,425,J.D.LOGISTICS,RATAN BHAI
654,08/04/2026,300,MANIBHADRA TRADELINK,V R PAWAR SAREES,8916 BATMAN,LABDHI CREATION,540754,4,0,1090,2,8,-348.8,1090,4360,5,204.57,4295.99,0729410,425,J.D.LOGISTICS,RATAN BHAI
655,08/04/2026,300,MANIBHADRA TRADELINK,V R PAWAR SAREES,8759 SAWARI,LABDHI CREATION,540754,4,0,1790,2,8,-572.8,1790,7160,5,335.95,7054.89,0729410,425,J.D.LOGISTICS,RATAN BHAI
656,08/04/2026,300,MANIBHADRA TRADELINK,V R PAWAR SAREES,1281 SALAMAT,LABDHI CREATION,540754,4,0,1690,2,8,-540.8,1690,6760,5,317.18,6660.76,0729410,425,J.D.LOGISTICS,RATAN BHAI
657,08/04/2026,300,MANIBHADRA TRADELINK,V R PAWAR SAREES,2655 RAICHUR,LABDHI CREATION,540754,4,0,990,2,8,-316.8,990,3960,5,185.8,3901.86,0729410,425,J.D.LOGISTICS,RATAN BHAI
658,08/04/2026,300,MANIBHADRA TRADELINK,V R PAWAR SAREES,9157 KATRINA,LABDHI CREATION,540754,5,0,1090,2,8,-436,1090,5450,5,255.71,5369.99,0729410,425,J.D.LOGISTICS,RATAN BHAI
659,08/04/2026,300,MANIBHADRA TRADELINK,V R PAWAR SAREES,1310 JALAK,LABDHI CREATION,540754,5,0,1090,2,8,-436,1090,5450,5,255.71,5369.99,0729410,425,J.D.LOGISTICS,RATAN BHAI
660,08/04/2026,301,MANIBHADRA TRADELINK,V R PAWAR SAREES,2449 GHANSOLI,LABDHI CREATION,540754,4,0,2990,2,8,-956.8,2990,11960,5,561.16,11784.42,0729408,423,J.D.LOGISTICS,RATAN BHAI
661,08/04/2026,301,MANIBHADRA TRADELINK,V R PAWAR SAREES,2964 WORLD,LABDHI CREATION,540754,3,0,2690,2,8,-645.6,2690,8070,5,378.64,7951.53,0729408,423,J.D.LOGISTICS,RATAN BHAI
662,08/04/2026,301,MANIBHADRA TRADELINK,V R PAWAR SAREES,2703 IGLOO,LABDHI CREATION,540754,3,0,2890,2,8,-693.6,2890,8670,5,406.8,8542.73,0729408,423,J.D.LOGISTICS,RATAN BHAI
663,08/04/2026,301,MANIBHADRA TRADELINK,V R PAWAR SAREES,2760 AAZADI,LABDHI CREATION,540754,5,0,2790,2,8,-1116,2790,13950,5,654.53,13745.21,0729408,423,J.D.LOGISTICS,RATAN BHAI
664,08/04/2026,301,MANIBHADRA TRADELINK,V R PAWAR SAREES,8075 KARNIKA,LABDHI CREATION,540754,3,0,2590,2,8,-621.6,2590,7770,5,364.57,7655.94,0729408,423,J.D.LOGISTICS,RATAN BHAI
665,08/04/2026,301,MANIBHADRA TRADELINK,V R PAWAR SAREES,3112 JODHPUR,LABDHI CREATION,540754,5,0,2290,2,8,-916,2290,11450,5,537.23,11281.91,0729408,423,J.D.LOGISTICS,RATAN BHAI
666,08/04/2026,301,MANIBHADRA TRADELINK,V R PAWAR SAREES,8646 BURJ KHALIFA,LABDHI CREATION,540754,3,0,2690,2,8,-645.6,2690,8070,5,378.64,7951.53,0729408,423,J.D.LOGISTICS,RATAN BHAI
667,08/04/2026,301,MANIBHADRA TRADELINK,V R PAWAR SAREES,9708 EXCELLENT,LABDHI CREATION,540754,4,0,1690,2,8,-540.8,1690,6760,5,317.18,6660.76,0729408,423,J.D.LOGISTICS,RATAN BHAI
668,08/04/2026,302,MANIBHADRA TRADELINK,V R PAWAR SAREES,1412 FIZZA,LABDHI CREATION,540754,4,0,1390,2,8,-444.8,1390,5560,5,260.88,5478.38,0729409,426,J.D.LOGISTICS,RATAN BHAI
669,08/04/2026,302,MANIBHADRA TRADELINK,V R PAWAR SAREES,8875 RELIANCE,LABDHI CREATION,540754,4,0,1790,2,8,-572.8,1790,7160,5,335.95,7054.89,0729409,426,J.D.LOGISTICS,RATAN BHAI
670,08/04/2026,302,MANIBHADRA TRADELINK,V R PAWAR SAREES,9156 NAVEENA,LABDHI CREATION,540754,4,0,1790,2,8,-572.8,1790,7160,5,335.95,7054.89,0729409,426,J.D.LOGISTICS,RATAN BHAI
671,08/04/2026,302,MANIBHADRA TRADELINK,V R PAWAR SAREES,8838 PLATIANA,LABDHI CREATION,540754,4,0,1690,2,8,-540.8,1690,6760,5,317.18,6660.76,0729409,426,J.D.LOGISTICS,RATAN BHAI
672,08/04/2026,302,MANIBHADRA TRADELINK,V R PAWAR SAREES,1433 FEDERAL,LABDHI CREATION,540754,10,0,1090,2,8,-872,1090,10900,5,511.43,10739.99,0729409,426,J.D.LOGISTICS,RATAN BHAI
673,08/04/2026,302,MANIBHADRA TRADELINK,V R PAWAR SAREES,6032 YOSHA,LABDHI CREATION,540754,5,0,1690,2,8,-676,1690,8450,5,396.47,8325.95,0729409,426,J.D.LOGISTICS,RATAN BHAI
674,08/04/2026,302,MANIBHADRA TRADELINK,V R PAWAR SAREES,1250 BSC,LABDHI CREATION,540754,5,0,1290,2,8,-516,1290,6450,5,302.63,6355.31,0729409,426,J.D.LOGISTICS,RATAN BHAI
675,08/04/2026,302,MANIBHADRA TRADELINK,V R PAWAR SAREES,1226 VIVO,LABDHI CREATION,540754,5,0,1190,2,8,-476,1190,5950,5,279.17,5862.65,0729409,426,J.D.LOGISTICS,RATAN BHAI
676,08/04/2026,302,MANIBHADRA TRADELINK,V R PAWAR SAREES,9805 CHANCHAL,LABDHI CREATION,540754,4,0,1090,2,8,-348.8,1090,4360,5,204.57,4295.99,0729409,426,J.D.LOGISTICS,RATAN BHAI
677,08/04/2026,302,MANIBHADRA TRADELINK,V R PAWAR SAREES,7979 WANKANER,LABDHI CREATION,540754,4,0,990,2,8,-316.8,990,3960,5,185.8,3901.86,0729409,426,J.D.LOGISTICS,RATAN BHAI
678,08/04/2026,302,MANIBHADRA TRADELINK,V R PAWAR SAREES,2410 KASTURI,LABDHI CREATION,540754,5,0,1290,2,8,-516,1290,6450,5,302.63,6355.31,0729409,426,J.D.LOGISTICS,RATAN BHAI
679,08/04/2026,302,MANIBHADRA TRADELINK,V R PAWAR SAREES,1549 REALME,LABDHI CREATION,540754,5,0,1350,2,8,-540,1350,6750,5,316.71,6650.91,0729409,426,J.D.LOGISTICS,RATAN BHAI
680,08/04/2026,303,MANIBHADRA TRADELINK,V R PAWAR SAREES,DHURANDHAR,SHREE VALLI SAREES,540754,36,0,451,2,2,-324.72,451,16236,5,811.48,17040.98,0729703,403,J.D.LOGISTICS,AMAR BHAI
681,08/04/2026,303,MANIBHADRA TRADELINK,V R PAWAR SAREES,INDRA NX,SHREE VALLI SAREES,540754,36,0,655,2,2,-471.6,655,23580,5,1178.53,24749.1,0729703,403,J.D.LOGISTICS,AMAR BHAI
682,08/04/2026,304,MANIBHADRA TRADELINK,V R PAWAR SAREES,GOOD BABY,SHREE VALLI SAREES,540754,12,0,599,2,2,-143.76,599,7188,5,359.26,7544.38,0729705,405,J.D.LOGISTICS,AMAR BHAI
683,08/04/2026,304,MANIBHADRA TRADELINK,V R PAWAR SAREES,CRETA,SHREE VALLI SAREES,540754,6,0,795,2,2,-95.4,795,4770,5,238.4,5006.49,0729705,405,J.D.LOGISTICS,AMAR BHAI
684,08/04/2026,304,MANIBHADRA TRADELINK,V R PAWAR SAREES,SKY VIEW,SHREE VALLI SAREES,540754,12,0,595,2,2,-142.8,595,7140,5,356.86,7494,0729705,405,J.D.LOGISTICS,AMAR BHAI
685,08/04/2026,304,MANIBHADRA TRADELINK,V R PAWAR SAREES,BLUE ICE,SHREE VALLI SAREES,540754,12,0,590,2,2,-141.6,590,7080,5,353.86,7431.03,0729705,405,J.D.LOGISTICS,AMAR BHAI
686,08/04/2026,304,MANIBHADRA TRADELINK,V R PAWAR SAREES,CITY PLUS,SHREE VALLI SAREES,540754,6,0,495,2,2,-59.4,495,2970,5,148.44,3117.25,0729705,405,J.D.LOGISTICS,AMAR BHAI
687,08/04/2026,305,MANIBHADRA TRADELINK,V R PAWAR SAREES,KESARINANDAN,SHREE VALLI SAREES,540754,72,0,575,2,2,-828,575,41400,5,2069.17,43452.61,0729706,404,J.D.LOGISTICS,AMAR BHAI
688,08/04/2026,306,MANIBHADRA TRADELINK,V R PAWAR SAREES,KABIRA,SHREE VALLI SAREES,540754,24,0,725,2,2,-348,725,17400,5,869.65,18262.69,0729704,406,J.D.LOGISTICS,AMAR BHAI
689,08/04/2026,306,MANIBHADRA TRADELINK,V R PAWAR SAREES,GOOD NEWS,SHREE VALLI SAREES,540754,12,0,599,2,2,-143.76,599,7188,5,359.26,7544.38,0729704,406,J.D.LOGISTICS,AMAR BHAI
690,08/04/2026,306,MANIBHADRA TRADELINK,V R PAWAR SAREES,RAFTAAR,SHREE VALLI SAREES,540754,12,0,495,2,2,-118.8,495,5940,5,296.88,6234.5,0729704,406,J.D.LOGISTICS,AMAR BHAI
691,08/04/2026,306,MANIBHADRA TRADELINK,V R PAWAR SAREES,GOOD NEWS,SHREE VALLI SAREES,540754,6,0,599,2,2,-71.88,599,3594,5,179.63,3772.19,0729704,406,J.D.LOGISTICS,AMAR BHAI
692,08/04/2026,306,MANIBHADRA TRADELINK,V R PAWAR SAREES,GOOD BABY,SHREE VALLI SAREES,540754,6,0,599,2,2,-71.88,599,3594,5,179.63,3772.19,0729704,406,J.D.LOGISTICS,AMAR BHAI
693,08/04/2026,306,MANIBHADRA TRADELINK,V R PAWAR SAREES,TORRENT POWER,SHREE VALLI SAREES,540754,12,0,830,2,2,-199.2,830,9960,5,497.8,10453.82,0729704,406,J.D.LOGISTICS,AMAR BHAI
694,08/04/2026,307,MANIBHADRA TRADELINK,V R PAWAR SAREES,LIZA BORDER,SHIRISH FASHION,540754,53,0,370,2,2,-392.2,370,19610,5,980.11,20582.27,0729605,101,J.D.LOGISTICS,AMAR BHAI
695,08/04/2026,307,MANIBHADRA TRADELINK,V R PAWAR SAREES,BLACK AURA,SHIRISH FASHION,540754,70,0,350,2,2,-490,350,24500,5,1224.51,25714.71,0729605,101,J.D.LOGISTICS,AMAR BHAI
696,08/04/2026,308,MANIBHADRA TRADELINK,V R PAWAR SAREES,RAMANAND,SAI DESIGNER CREATIVE,540754,4,0,1295,2,,,1295,5180,5,264.18,5547.78,0729261,226,J.D.LOGISTICS,RATAN BHAI
697,08/04/2026,308,MANIBHADRA TRADELINK,V R PAWAR SAREES,LANCER,SAI DESIGNER CREATIVE,540754,4,0,1095,2,,,1095,4380,5,223.38,4690.98,0729261,226,J.D.LOGISTICS,RATAN BHAI
698,08/04/2026,308,MANIBHADRA TRADELINK,V R PAWAR SAREES,H&M,SAI DESIGNER CREATIVE,540754,4,0,1095,2,,,1095,4380,5,223.38,4690.98,0729261,226,J.D.LOGISTICS,RATAN BHAI
699,08/04/2026,308,MANIBHADRA TRADELINK,V R PAWAR SAREES,ARPITA ZALL,SAI DESIGNER CREATIVE,540754,5,0,1475,2,,,1475,7375,5,376.13,7898.63,0729261,226,J.D.LOGISTICS,RATAN BHAI
700,08/04/2026,308,MANIBHADRA TRADELINK,V R PAWAR SAREES,MEDHASHVI,SAI DESIGNER CREATIVE,540754,5,0,2195,2,,,2195,10975,5,559.73,11754.23,0729261,226,J.D.LOGISTICS,RATAN BHAI
701,08/04/2026,308,MANIBHADRA TRADELINK,V R PAWAR SAREES,SANU,SAI DESIGNER CREATIVE,540754,8,0,1625,2,,,1625,13000,5,663,13923,0729261,226,J.D.LOGISTICS,RATAN BHAI
702,08/04/2026,308,MANIBHADRA TRADELINK,V R PAWAR SAREES,DIYA,SAI DESIGNER CREATIVE,540754,8,0,1755,2,,,1755,14040,5,716.04,15036.84,0729261,226,J.D.LOGISTICS,RATAN BHAI
703,08/04/2026,308,MANIBHADRA TRADELINK,V R PAWAR SAREES,URMI,SAI DESIGNER CREATIVE,540754,8,0,1625,2,,,1625,13000,5,663,13923,0729261,226,J.D.LOGISTICS,RATAN BHAI
704,08/04/2026,308,MANIBHADRA TRADELINK,V R PAWAR SAREES,BABUL ZALL,SAI DESIGNER CREATIVE,540754,5,0,1695,2,,,1695,8475,5,432.23,9076.73,0729261,226,J.D.LOGISTICS,RATAN BHAI
705,08/04/2026,308,MANIBHADRA TRADELINK,V R PAWAR SAREES,SURILA,SAI DESIGNER CREATIVE,540754,5,0,1595,2,,,1595,7975,5,406.73,8541.23,0729261,226,J.D.LOGISTICS,RATAN BHAI
706,08/04/2026,309,MANIBHADRA TRADELINK,V R PAWAR SAREES,BEENA,SAI DESIGNER CREATIVE,540754,4,0,1495,2,,,1495,5980,5,304.98,6404.58,0729253,227,J.D.LOGISTICS,RATAN BHAI
707,08/04/2026,309,MANIBHADRA TRADELINK,V R PAWAR SAREES,HEENA,SAI DESIGNER CREATIVE,540754,4,0,1495,2,,,1495,5980,5,304.98,6404.58,0729253,227,J.D.LOGISTICS,RATAN BHAI
708,08/04/2026,309,MANIBHADRA TRADELINK,V R PAWAR SAREES,MEENA,SAI DESIGNER CREATIVE,540754,4,0,1495,2,,,1495,5980,5,304.98,6404.58,0729253,227,J.D.LOGISTICS,RATAN BHAI
709,08/04/2026,309,MANIBHADRA TRADELINK,V R PAWAR SAREES,RAVANNA,SAI DESIGNER CREATIVE,540754,5,0,1895,2,,,1895,9475,5,483.23,10147.73,0729253,227,J.D.LOGISTICS,RATAN BHAI
710,08/04/2026,309,MANIBHADRA TRADELINK,V R PAWAR SAREES,CHEETAH,SAI DESIGNER CREATIVE,540754,5,0,2565,2,,,2565,12825,5,654.08,13735.58,0729253,227,J.D.LOGISTICS,RATAN BHAI
711,08/04/2026,309,MANIBHADRA TRADELINK,V R PAWAR SAREES,ANUMATI NET,SAI DESIGNER CREATIVE,540754,4,0,2575,2,,,2575,10300,5,525.3,11031.3,0729253,227,J.D.LOGISTICS,RATAN BHAI
712,08/04/2026,309,MANIBHADRA TRADELINK,V R PAWAR SAREES,SWARG SIFFONE,SAI DESIGNER CREATIVE,540754,5,0,1565,2,,,1565,7825,5,399.08,8380.58,0729253,227,J.D.LOGISTICS,RATAN BHAI
713,08/04/2026,309,MANIBHADRA TRADELINK,V R PAWAR SAREES,ANANTE,SAI DESIGNER CREATIVE,540754,5,0,975,2,,,975,4875,5,248.63,5221.13,0729253,227,J.D.LOGISTICS,RATAN BHAI
714,08/04/2026,309,MANIBHADRA TRADELINK,V R PAWAR SAREES,KINJU,SAI DESIGNER CREATIVE,540754,6,0,2025,2,,,2025,12150,5,619.65,13012.65,0729253,227,J.D.LOGISTICS,RATAN BHAI
715,08/04/2026,309,MANIBHADRA TRADELINK,V R PAWAR SAREES,SALINI NET,SAI DESIGNER CREATIVE,540754,4,0,3325,2,,,3325,13300,5,678.3,14244.3,0729253,227,J.D.LOGISTICS,RATAN BHAI
716,08/04/2026,309,MANIBHADRA TRADELINK,V R PAWAR SAREES,RAMESHWARI,SAI DESIGNER CREATIVE,540754,3,0,1245,2,,,1245,3735,5,190.49,4000.19,0729253,227,J.D.LOGISTICS,RATAN BHAI
717,08/04/2026,310,MANIBHADRA TRADELINK,V R PAWAR SAREES,DEVKI NANDAN,SAI DESIGNER CREATIVE,540754,5,0,975,2,,,975,4875,5,248.63,5221.13,0729252,229,J.D.LOGISTICS,RATAN BHAI
718,08/04/2026,310,MANIBHADRA TRADELINK,V R PAWAR SAREES,VILASH,SAI DESIGNER CREATIVE,540754,4,0,2295,2,,,2295,9180,5,468.18,9831.78,0729252,229,J.D.LOGISTICS,RATAN BHAI
719,08/04/2026,310,MANIBHADRA TRADELINK,V R PAWAR SAREES,DULHAN FANDY,SAI DESIGNER CREATIVE,540754,4,0,1895,2,,,1895,7580,5,386.58,8118.18,0729252,229,J.D.LOGISTICS,RATAN BHAI
720,08/04/2026,310,MANIBHADRA TRADELINK,V R PAWAR SAREES,RUPAL 1,SAI DESIGNER CREATIVE,540754,6,0,775,2,,,775,4650,5,237.15,4980.15,0729252,229,J.D.LOGISTICS,RATAN BHAI
721,08/04/2026,310,MANIBHADRA TRADELINK,V R PAWAR SAREES,RADHA 21,SAI DESIGNER CREATIVE,540754,1,0,4175,2,,,4175,4175,5,212.93,4471.43,0729252,229,J.D.LOGISTICS,RATAN BHAI
722,08/04/2026,310,MANIBHADRA TRADELINK,V R PAWAR SAREES,MAIYA,SAI DESIGNER CREATIVE,540754,5,0,1075,2,,,1075,5375,5,274.13,5756.63,0729252,229,J.D.LOGISTICS,RATAN BHAI
723,08/04/2026,310,MANIBHADRA TRADELINK,V R PAWAR SAREES,MAIYYA L,SAI DESIGNER CREATIVE,540754,4,0,1075,2,,,1075,4300,5,219.3,4605.3,0729252,229,J.D.LOGISTICS,RATAN BHAI
724,08/04/2026,310,MANIBHADRA TRADELINK,V R PAWAR SAREES,GAUMUKHI,SAI DESIGNER CREATIVE,540754,5,0,2095,2,,,2095,10475,5,534.23,11218.73,0729252,229,J.D.LOGISTICS,RATAN BHAI
725,08/04/2026,310,MANIBHADRA TRADELINK,V R PAWAR SAREES,GILLORY BLACK,SAI DESIGNER CREATIVE,540754,6,0,1895,2,,,1895,11370,5,579.87,12177.27,0729252,229,J.D.LOGISTICS,RATAN BHAI
726,08/04/2026,310,MANIBHADRA TRADELINK,V R PAWAR SAREES,AMRUTA BLACK,SAI DESIGNER CREATIVE,540754,5,0,1895,2,,,1895,9475,5,483.23,10147.73,0729252,229,J.D.LOGISTICS,RATAN BHAI
727,08/04/2026,310,MANIBHADRA TRADELINK,V R PAWAR SAREES,HARSHVI,SAI DESIGNER CREATIVE,540754,4,0,1325,2,,,1325,5300,5,270.3,5676.3,0729252,229,J.D.LOGISTICS,RATAN BHAI
728,08/04/2026,310,MANIBHADRA TRADELINK,V R PAWAR SAREES,KISSMISS L,SAI DESIGNER CREATIVE,540754,5,0,1395,2,,,1395,6975,5,355.73,7470.23,0729252,229,J.D.LOGISTICS,RATAN BHAI
729,08/04/2026,310,MANIBHADRA TRADELINK,V R PAWAR SAREES,RAM LEELA,SAI DESIGNER CREATIVE,540754,5,0,995,2,,,995,4975,5,253.73,5328.23,0729252,229,J.D.LOGISTICS,RATAN BHAI
730,08/04/2026,311,MANIBHADRA TRADELINK,V R PAWAR SAREES,TIP TOP,ABHIRANG TEXTILES,540754,100,0,200,2,2,-400,200,20000,5,999.6,20991.6,0729660,81,J.D.LOGISTICS,AMAR BHAI
731,08/04/2026,312,MANIBHADRA TRADELINK,V R PAWAR SAREES,TIP TOP,ABHIRANG TEXTILES,540754,100,0,200,2,2,-400,200,20000,5,999.6,20991.6,0729658,82,J.D.LOGISTICS,AMAR BHAI
732,08/04/2026,313,MANIBHADRA TRADELINK,V R PAWAR SAREES,5301,SAI SABURI,630790,2,0,6999,2,2,-279.96,6999,13998,18,2518.63,16511.03,0729263,85,J.D.LOGISTICS,RATAN BHAI
733,08/04/2026,313,MANIBHADRA TRADELINK,V R PAWAR SAREES,5303,SAI SABURI,630790,1,0,6999,2,2,-139.98,6999,6999,18,1259.32,8255.52,0729263,85,J.D.LOGISTICS,RATAN BHAI
734,08/04/2026,313,MANIBHADRA TRADELINK,V R PAWAR SAREES,5239,SAI SABURI,630790,3,0,3599,2,2,-215.94,3599,10797,18,1942.68,12735.36,0729263,85,J.D.LOGISTICS,RATAN BHAI
735,08/04/2026,314,MANIBHADRA TRADELINK,V R PAWAR SAREES,5302,SAI SABURI,630790,2,0,6999,2,2,-279.96,6999,13998,18,2518.63,16511.03,0729262,86,J.D.LOGISTICS,RATAN BHAI
736,08/04/2026,314,MANIBHADRA TRADELINK,V R PAWAR SAREES,5238,SAI SABURI,630790,1,0,6999,2,2,-139.98,6999,6999,18,1259.32,8255.52,0729262,86,J.D.LOGISTICS,RATAN BHAI
737,08/04/2026,314,MANIBHADRA TRADELINK,V R PAWAR SAREES,5218,SAI SABURI,630790,1,0,5999,2,2,-119.98,5999,5999,18,1079.39,7075.99,0729262,86,J.D.LOGISTICS,RATAN BHAI
738,08/04/2026,314,MANIBHADRA TRADELINK,V R PAWAR SAREES,5440,SAI SABURI,630790,1,0,9999,2,2,-199.98,9999,9999,18,1799.1,11794.1,0729262,86,J.D.LOGISTICS,RATAN BHAI
739,08/04/2026,314,MANIBHADRA TRADELINK,V R PAWAR SAREES,5306,SAI SABURI,630790,1,0,4499,2,2,-89.98,4499,4499,18,809.5,5306.7,0729262,86,J.D.LOGISTICS,RATAN BHAI
740,08/04/2026,315,MANIBHADRA TRADELINK,V R PAWAR SAREES,5420,SAI SABURI,630790,1,0,8999,2,2,-179.98,8999,8999,18,1619.17,10614.57,0729265,87,J.D.LOGISTICS,RATAN BHAI
741,08/04/2026,315,MANIBHADRA TRADELINK,V R PAWAR SAREES,5410,SAI SABURI,630790,1,0,8999,2,2,-179.98,8999,8999,18,1619.17,10614.57,0729265,87,J.D.LOGISTICS,RATAN BHAI
742,08/04/2026,315,MANIBHADRA TRADELINK,V R PAWAR SAREES,5233,SAI SABURI,630790,1,0,8999,2,2,-179.98,8999,8999,18,1619.17,10614.57,0729265,87,J.D.LOGISTICS,RATAN BHAI
743,08/04/2026,315,MANIBHADRA TRADELINK,V R PAWAR SAREES,5404,SAI SABURI,630790,2,0,9499,2,2,-379.96,9499,18998,18,3418.27,22408.67,0729265,87,J.D.LOGISTICS,RATAN BHAI
744,08/04/2026,315,MANIBHADRA TRADELINK,V R PAWAR SAREES,5233,SAI SABURI,630790,1,0,3499,2,2,-69.98,3499,3499,18,629.57,4127.17,0729265,87,J.D.LOGISTICS,RATAN BHAI
745,08/04/2026,316,MANIBHADRA TRADELINK,V R PAWAR SAREES,5416,SAI SABURI,630790,3,0,6499,2,2,-389.94,6499,19497,18,3508.06,22997.26,0729257,88,J.D.LOGISTICS,RATAN BHAI
746,08/04/2026,316,MANIBHADRA TRADELINK,V R PAWAR SAREES,5333,SAI SABURI,630790,1,0,3499,2,2,-69.98,3499,3499,18,629.57,4127.17,0729257,88,J.D.LOGISTICS,RATAN BHAI
747,08/04/2026,316,MANIBHADRA TRADELINK,V R PAWAR SAREES,5234,SAI SABURI,540754,1,0,2499,2,2,-49.98,2499,2499,5,124.9,2622.9,0729257,88,J.D.LOGISTICS,RATAN BHAI
748,08/04/2026,317,MANIBHADRA TRADELINK,V R PAWAR SAREES,MARATHI QUEEN,K-7 DESIGNERS,540754,60,0,650,2,2,-780,650,39000,5,1949.22,40933.62,0729650,68,J.D.LOGISTICS,AMAR BHAI
749,08/04/2026,317,MANIBHADRA TRADELINK,V R PAWAR SAREES,SILVER COLOUR,K-7 DESIGNERS,540754,20,0,495,2,2,-198,495,9900,5,494.8,10390.84,0729650,68,J.D.LOGISTICS,AMAR BHAI
750,08/04/2026,318,MANIBHADRA TRADELINK,V R PAWAR SAREES,BRITANIA CHEX A,K-7 DESIGNERS,540754,25,0,525,2,2,-262.5,525,13125,5,655.99,13775.74,0729651,69,J.D.LOGISTICS,AMAR BHAI
751,08/04/2026,318,MANIBHADRA TRADELINK,V R PAWAR SAREES,BRITANIA CHEX B,K-7 DESIGNERS,540754,24,0,525,2,2,-252,525,12600,5,629.75,13224.71,0729651,69,J.D.LOGISTICS,AMAR BHAI
752,08/04/2026,318,MANIBHADRA TRADELINK,V R PAWAR SAREES,SILVER COLOUR,K-7 DESIGNERS,540754,15,0,495,2,2,-148.5,495,7425,5,371.1,7793.13,0729651,69,J.D.LOGISTICS,AMAR BHAI
753,08/04/2026,319,MANIBHADRA TRADELINK,V R PAWAR SAREES,LAVANYA 13,JORRIZ LIFESTYLE,540754,36,0,2395,2,2,-1724.4,2395,86220,5,4309.28,90494.79,0729490,150,J.D.LOGISTICS,RISHIKESH
754,08/04/2026,320,MANIBHADRA TRADELINK,V R PAWAR SAREES,SUNBAI 517,JORRIZ LIFESTYLE,540754,36,0,995,2,2,-716.4,995,35820,5,1790.28,37595.95,0729487,151,J.D.LOGISTICS,RISHIKESH
755,09/04/2026,321,MANIBHADRA TRADELINK,V R PAWAR SAREES,BARFI,VIVAAN PRINTS,540754,160,0,233,2,3,-1118.4,233,37280,5,1844.24,38729.07,0730464,71,J.D.LOGISTICS,AMAR BHAI
756,09/04/2026,322,MANIBHADRA TRADELINK,V R PAWAR SAREES,FANCY TO TON,SAI AASHA,540754,6,0,1325,2,,,1325,7950,5,405.45,8514.45,0729972,210,J.D.LOGISTICS,RATAN BHAI
757,09/04/2026,322,MANIBHADRA TRADELINK,V R PAWAR SAREES,FANCY DUBAI DARK,SAI AASHA,540754,6,0,1215,2,,,1215,7290,5,371.79,7807.59,0729972,210,J.D.LOGISTICS,RATAN BHAI
758,09/04/2026,322,MANIBHADRA TRADELINK,V R PAWAR SAREES,FANCY SHILPA,SAI AASHA,540754,6,0,595,2,,,595,3570,5,182.07,3823.47,0729972,210,J.D.LOGISTICS,RATAN BHAI
759,09/04/2026,322,MANIBHADRA TRADELINK,V R PAWAR SAREES,FANCY DARBAR DARK,SAI AASHA,540754,6,0,1095,2,,,1095,6570,5,335.07,7036.47,0729972,210,J.D.LOGISTICS,RATAN BHAI
760,09/04/2026,322,MANIBHADRA TRADELINK,V R PAWAR SAREES,FANCY AASHA DARK,SAI AASHA,540754,6,0,1125,2,,,1125,6750,5,344.25,7229.25,0729972,210,J.D.LOGISTICS,RATAN BHAI
761,09/04/2026,322,MANIBHADRA TRADELINK,V R PAWAR SAREES,FANCY VEDANSHI DARK,SAI AASHA,540754,6,0,1850,2,,,1850,11100,5,566.1,11888.1,0729972,210,J.D.LOGISTICS,RATAN BHAI
762,09/04/2026,322,MANIBHADRA TRADELINK,V R PAWAR SAREES,FANCY MIRA,SAI AASHA,540754,7,0,1685,2,,,1685,11795,5,601.55,12632.45,0729972,210,J.D.LOGISTICS,RATAN BHAI
763,09/04/2026,322,MANIBHADRA TRADELINK,V R PAWAR SAREES,FANCY PARUL DARK,SAI AASHA,540754,6,0,1225,2,,,1225,7350,5,374.85,7871.85,0729972,210,J.D.LOGISTICS,RATAN BHAI
764,09/04/2026,322,MANIBHADRA TRADELINK,V R PAWAR SAREES,ROYAL MANJULA,SAI AASHA,540754,6,0,1885,2,,,1885,11310,5,576.81,12113.01,0729972,210,J.D.LOGISTICS,RATAN BHAI
765,09/04/2026,322,MANIBHADRA TRADELINK,V R PAWAR SAREES,FANCY LAHER,SAI AASHA,540754,6,0,1695,2,,,1695,10170,5,518.67,10892.07,0729972,210,J.D.LOGISTICS,RATAN BHAI
766,09/04/2026,322,MANIBHADRA TRADELINK,V R PAWAR SAREES,FANCY TULSI 2,SAI AASHA,540754,6,0,995,2,,,995,5970,5,304.47,6393.87,0729972,210,J.D.LOGISTICS,RATAN BHAI
767,09/04/2026,323,MANIBHADRA TRADELINK,V R PAWAR SAREES,SEEMA MANJULA,SAI AASHA,540754,6,0,1565,2,,,1565,9390,5,478.89,10056.69,0729974,211,J.D.LOGISTICS,RATAN BHAI
768,09/04/2026,323,MANIBHADRA TRADELINK,V R PAWAR SAREES,SILVER COIN,SAI AASHA,540754,6,0,1195,2,,,1195,7170,5,365.67,7679.07,0729974,211,J.D.LOGISTICS,RATAN BHAI
769,09/04/2026,323,MANIBHADRA TRADELINK,V R PAWAR SAREES,COPPER COIN,SAI AASHA,540754,7,0,1085,2,,,1085,7595,5,387.35,8134.25,0729974,211,J.D.LOGISTICS,RATAN BHAI
770,09/04/2026,323,MANIBHADRA TRADELINK,V R PAWAR SAREES,SUPER COIN,SAI AASHA,540754,5,0,1050,2,,,1050,5250,5,267.75,5622.75,0729974,211,J.D.LOGISTICS,RATAN BHAI
771,09/04/2026,323,MANIBHADRA TRADELINK,V R PAWAR SAREES,FANCY CHANDRA,SAI AASHA,540754,6,0,1025,2,,,1025,6150,5,313.65,6586.65,0729974,211,J.D.LOGISTICS,RATAN BHAI
772,09/04/2026,323,MANIBHADRA TRADELINK,V R PAWAR SAREES,FANCY ROZY,SAI AASHA,540754,6,0,595,2,,,595,3570,5,182.07,3823.47,0729974,211,J.D.LOGISTICS,RATAN BHAI
773,09/04/2026,323,MANIBHADRA TRADELINK,V R PAWAR SAREES,FANCY KESHAV,SAI AASHA,540754,6,0,595,2,,,595,3570,5,182.07,3823.47,0729974,211,J.D.LOGISTICS,RATAN BHAI
774,09/04/2026,323,MANIBHADRA TRADELINK,V R PAWAR SAREES,FANCY SLIP,SAI AASHA,540754,6,0,695,2,,,695,4170,5,212.67,4466.07,0729974,211,J.D.LOGISTICS,RATAN BHAI
775,09/04/2026,323,MANIBHADRA TRADELINK,V R PAWAR SAREES,FANCY TATA,SAI AASHA,540754,6,0,675,2,,,675,4050,5,206.55,4337.55,0729974,211,J.D.LOGISTICS,RATAN BHAI
776,09/04/2026,323,MANIBHADRA TRADELINK,V R PAWAR SAREES,FANCY MASTI,SAI AASHA,540754,6,0,1165,2,,,1165,6990,5,356.49,7486.29,0729974,211,J.D.LOGISTICS,RATAN BHAI
777,09/04/2026,323,MANIBHADRA TRADELINK,V R PAWAR SAREES,FANCY ISHA,SAI AASHA,540754,6,0,595,2,,,595,3570,5,182.07,3823.47,0729974,211,J.D.LOGISTICS,RATAN BHAI
778,09/04/2026,323,MANIBHADRA TRADELINK,V R PAWAR SAREES,FANCY SONDARYA,SAI AASHA,540754,6,0,1115,2,,,1115,6690,5,341.19,7164.99,0729974,211,J.D.LOGISTICS,RATAN BHAI
779,09/04/2026,324,MANIBHADRA TRADELINK,V R PAWAR SAREES,CIFFON JAYA DARK,SAI AASHA,540754,5,0,1725,2,,,1725,8625,5,439.88,9237.38,0729975,213,J.D.LOGISTICS,RATAN BHAI
780,09/04/2026,324,MANIBHADRA TRADELINK,V R PAWAR SAREES,CIFFON SAFAT,SAI AASHA,540754,6,0,1825,2,,,1825,10950,5,558.45,11727.45,0729975,213,J.D.LOGISTICS,RATAN BHAI
781,09/04/2026,324,MANIBHADRA TRADELINK,V R PAWAR SAREES,CIFFON BABITA,SAI AASHA,540754,6,0,1675,2,,,1675,10050,5,512.55,10763.55,0729975,213,J.D.LOGISTICS,RATAN BHAI
782,09/04/2026,324,MANIBHADRA TRADELINK,V R PAWAR SAREES,AVTAR SIROSKY,SAI AASHA,540754,8,0,1345,2,,,1345,10760,5,548.76,11523.96,0729975,213,J.D.LOGISTICS,RATAN BHAI
783,09/04/2026,324,MANIBHADRA TRADELINK,V R PAWAR SAREES,AVTAR C SIROSKY,SAI AASHA,540754,9,0,1185,2,,,1185,10665,5,543.92,11422.22,0729975,213,J.D.LOGISTICS,RATAN BHAI
784,09/04/2026,324,MANIBHADRA TRADELINK,V R PAWAR SAREES,CIFFON SUHANA DARK,SAI AASHA,540754,4,0,1725,2,,,1725,6900,5,351.9,7389.9,0729975,213,J.D.LOGISTICS,RATAN BHAI
785,09/04/2026,324,MANIBHADRA TRADELINK,V R PAWAR SAREES,DHURANDHAR SIROSKY,SAI AASHA,540754,8,0,1275,2,,,1275,10200,5,520.2,10924.2,0729975,213,J.D.LOGISTICS,RATAN BHAI
786,09/04/2026,324,MANIBHADRA TRADELINK,V R PAWAR SAREES,GULAAB DARK,SAI AASHA,540754,5,0,1475,2,,,1475,7375,5,376.13,7898.63,0729975,213,J.D.LOGISTICS,RATAN BHAI
787,09/04/2026,324,MANIBHADRA TRADELINK,V R PAWAR SAREES,FANCY GHARENA,SAI AASHA,540754,7,0,1235,2,,,1235,8645,5,440.9,9258.8,0729975,213,J.D.LOGISTICS,RATAN BHAI
788,09/04/2026,324,MANIBHADRA TRADELINK,V R PAWAR SAREES,FANCY DHYANA,SAI AASHA,540754,6,0,1695,2,,,1695,10170,5,518.67,10892.07,0729975,213,J.D.LOGISTICS,RATAN BHAI
789,09/04/2026,325,MANIBHADRA TRADELINK,V R PAWAR SAREES,FANCY DARBAR,SAI AASHA,540754,5,0,1095,2,,,1095,5475,5,279.23,5863.73,0729973,212,J.D.LOGISTICS,RATAN BHAI
790,09/04/2026,325,MANIBHADRA TRADELINK,V R PAWAR SAREES,WHITE PAPER,SAI AASHA,540754,5,0,1150,2,,,1150,5750,5,293.25,6158.25,0729973,212,J.D.LOGISTICS,RATAN BHAI
791,09/04/2026,325,MANIBHADRA TRADELINK,V R PAWAR SAREES,SILVER PAPER,SAI AASHA,540754,5,0,1150,2,,,1150,5750,5,293.25,6158.25,0729973,212,J.D.LOGISTICS,RATAN BHAI
792,09/04/2026,325,MANIBHADRA TRADELINK,V R PAWAR SAREES,RAAT RAGINI,SAI AASHA,540754,5,0,1295,2,,,1295,6475,5,330.23,6934.73,0729973,212,J.D.LOGISTICS,RATAN BHAI
793,09/04/2026,325,MANIBHADRA TRADELINK,V R PAWAR SAREES,BLACK BERRY GOLD,SAI AASHA,540754,5,0,1165,2,,,1165,5825,5,297.08,6238.58,0729973,212,J.D.LOGISTICS,RATAN BHAI
794,09/04/2026,325,MANIBHADRA TRADELINK,V R PAWAR SAREES,MADHURI GOLD,SAI AASHA,540754,5,0,1165,2,,,1165,5825,5,297.08,6238.58,0729973,212,J.D.LOGISTICS,RATAN BHAI
795,09/04/2026,325,MANIBHADRA TRADELINK,V R PAWAR SAREES,AVNI GOLD,SAI AASHA,540754,4,0,1165,2,,,1165,4660,5,237.66,4990.86,0729973,212,J.D.LOGISTICS,RATAN BHAI
796,09/04/2026,325,MANIBHADRA TRADELINK,V R PAWAR SAREES,CIFFON SUPERHIT,SAI AASHA,540754,6,0,1595,2,,,1595,9570,5,488.07,10249.47,0729973,212,J.D.LOGISTICS,RATAN BHAI
797,09/04/2026,325,MANIBHADRA TRADELINK,V R PAWAR SAREES,CIFFON BINDI DARK,SAI AASHA,540754,5,0,1725,2,,,1725,8625,5,439.88,9237.38,0729973,212,J.D.LOGISTICS,RATAN BHAI
798,09/04/2026,325,MANIBHADRA TRADELINK,V R PAWAR SAREES,REEMA CHOCALATY,SAI AASHA,540754,5,0,1050,2,,,1050,5250,5,267.75,5622.75,0729973,212,J.D.LOGISTICS,RATAN BHAI
799,09/04/2026,325,MANIBHADRA TRADELINK,V R PAWAR SAREES,CIFFON DUNIYA,SAI AASHA,540754,6,0,1795,2,,,1795,10770,5,549.27,11534.67,0729973,212,J.D.LOGISTICS,RATAN BHAI
800,09/04/2026,325,MANIBHADRA TRADELINK,V R PAWAR SAREES,SUPER CHOCOLATY,SAI AASHA,540754,5,0,995,2,,,995,4975,5,253.73,5328.23,0729973,212,J.D.LOGISTICS,RATAN BHAI
801,09/04/2026,326,MANIBHADRA TRADELINK,V R PAWAR SAREES,S 57000 LUMP,GOVIND SILK MILLS,540754,6,639,51,2,4.5,-1466.51,51,32589,5,1587.25,33332.19,0729869,770,J.D.LOGISTICS,AMAR BHAI
802,09/04/2026,327,MANIBHADRA TRADELINK,V R PAWAR SAREES,S 59000 LUMP,GOVIND SILK MILLS,540754,9,1013.5,54,2,4.5,-2462.81,54,54729,5,2665.58,55977.09,0729868,771,J.D.LOGISTICS,AMAR BHAI
803,09/04/2026,328,MANIBHADRA TRADELINK,V R PAWAR SAREES,VIKTORY,SHYAM TEX,540754,15,0,695,2,2,-208.5,695,10425,5,521.04,10941.87,0729977,80,J.D.LOGISTICS,AMAR BHAI
804,09/04/2026,328,MANIBHADRA TRADELINK,V R PAWAR SAREES,SANJAY,SHYAM TEX,540754,12,0,750,2,2,-180,750,9000,5,449.82,9446.22,0729977,80,J.D.LOGISTICS,AMAR BHAI
805,09/04/2026,328,MANIBHADRA TRADELINK,V R PAWAR SAREES,BANI 5,SHYAM TEX,540754,15,0,391,2,2,-117.3,391,5865,5,293.13,6155.78,0729977,80,J.D.LOGISTICS,AMAR BHAI
806,09/04/2026,328,MANIBHADRA TRADELINK,V R PAWAR SAREES,BANI 6,SHYAM TEX,540754,15,0,391,2,2,-117.3,391,5865,5,293.13,6155.78,0729977,80,J.D.LOGISTICS,AMAR BHAI
807,09/04/2026,328,MANIBHADRA TRADELINK,V R PAWAR SAREES,DHUMDHADAKA 5,SHYAM TEX,540754,15,0,418,2,2,-125.4,418,6270,5,313.37,6580.86,0729977,80,J.D.LOGISTICS,AMAR BHAI
808,09/04/2026,328,MANIBHADRA TRADELINK,V R PAWAR SAREES,DHUMDHADAKA 1,SHYAM TEX,540754,16,0,418,2,2,-133.76,418,6688,5,334.27,7019.59,0729977,80,J.D.LOGISTICS,AMAR BHAI
809,09/04/2026,328,MANIBHADRA TRADELINK,V R PAWAR SAREES,DHUMDHADAKA 3,SHYAM TEX,540754,16,0,465,2,2,-148.8,465,7440,5,371.85,7808.87,0729977,80,J.D.LOGISTICS,AMAR BHAI
810,09/04/2026,329,MANIBHADRA TRADELINK,V R PAWAR SAREES,BLOUSE 3000,CHAMUNDA FABRICS,540754,80,0,108,2,3,-259.2,108,8640,5,427.42,8975.84,0730019,30,J.D.LOGISTICS,AMAR BHAI
811,09/04/2026,329,MANIBHADRA TRADELINK,V R PAWAR SAREES,BLOUSE 4000,CHAMUNDA FABRICS,540754,92,0,124,2,3,-342.24,124,11408,5,564.35,11851.42,0730019,30,J.D.LOGISTICS,AMAR BHAI
812,09/04/2026,329,MANIBHADRA TRADELINK,V R PAWAR SAREES,BLOUSE 5000,CHAMUNDA FABRICS,540754,210,0,140,2,3,-882,140,29400,5,1454.42,30542.78,0730019,30,J.D.LOGISTICS,AMAR BHAI
813,09/04/2026,330,MANIBHADRA TRADELINK,V R PAWAR SAREES,SARITA,VAANI FASHION,540754,76,0,560,2,2,-851.2,560,42560,5,2127.15,44670.12,0729657,139,J.D.LOGISTICS,AMAR BHAI
814,09/04/2026,330,MANIBHADRA TRADELINK,V R PAWAR SAREES,HANSVI,VAANI FASHION,540754,8,0,995,2,2,-159.2,995,7960,5,397.84,8354.66,0729657,139,J.D.LOGISTICS,AMAR BHAI
815,09/04/2026,331,MANIBHADRA TRADELINK,V R PAWAR SAREES,DIGITAL SILK,SURIYA PRINT,540754,80,0,450,2,2,-720,450,36000,5,1799.28,37784.88,0729861,40,J.D.LOGISTICS,AMAR BHAI
816,09/04/2026,332,MANIBHADRA TRADELINK,V R PAWAR SAREES,BLUE BERRY,SURIYA PRINT,540754,72,0,460,2,2,-662.4,460,33120,5,1655.34,34762.09,0729859,39,J.D.LOGISTICS,AMAR BHAI
817,09/04/2026,333,MANIBHADRA TRADELINK,V R PAWAR SAREES,DULHANIYA,SHREE ROOP SUKAN CREATION,540754,6,0,5995,2,5,-1798.5,5995,35970,5,1742.75,36597.68,0730205,265,J.D.LOGISTICS,RATAN BHAI
818,09/04/2026,334,MANIBHADRA TRADELINK,V R PAWAR SAREES,MASTANI STYLE,SHREE ROOP SUKAN CREATION,540754,3,0,5595,2,5,-839.25,5595,16785,5,813.23,17077.9,0730207,266,J.D.LOGISTICS,RATAN BHAI
819,09/04/2026,334,MANIBHADRA TRADELINK,V R PAWAR SAREES,RADHIKA,SHREE ROOP SUKAN CREATION,540754,2,0,4995,2,5,-499.5,4995,9990,5,484.02,10164.33,0730207,266,J.D.LOGISTICS,RATAN BHAI
820,09/04/2026,334,MANIBHADRA TRADELINK,V R PAWAR SAREES,1509 PATLI,SHREE ROOP SUKAN CREATION,540754,1,0,5995,2,5,-299.75,5995,5995,5,290.46,6099.61,0730207,266,J.D.LOGISTICS,RATAN BHAI
821,09/04/2026,335,MANIBHADRA TRADELINK,V R PAWAR SAREES,SAJLEE,SHREE ROOP SUKAN CREATION,540754,3,0,7500,2,5,-1125,7500,22500,5,1090.13,22892.63,0730206,267,J.D.LOGISTICS,RATAN BHAI
822,09/04/2026,335,MANIBHADRA TRADELINK,V R PAWAR SAREES,1507,SHREE ROOP SUKAN CREATION,540754,2,0,5995,2,5,-599.5,5995,11990,5,580.92,12199.23,0730206,267,J.D.LOGISTICS,RATAN BHAI
823,09/04/2026,336,MANIBHADRA TRADELINK,V R PAWAR SAREES,BLOUSE RED COLOUR,SAI CREATION,540754,216,0,185,2,2,-799.2,185,39960,5,1997.2,41941.22,0729748,83,J.D.LOGISTICS,AMAR BHAI
824,09/04/2026,337,MANIBHADRA TRADELINK,V R PAWAR SAREES,CHANDNI,B. SUMIT & CO.,540754,72,0,280,2,2,-403.2,280,20160,5,1007.6,21159.54,0729609,182,J.D.LOGISTICS,AMAR BHAI
825,09/04/2026,338,MANIBHADRA TRADELINK,V R PAWAR SAREES,CHANDNI,B. SUMIT & CO.,540754,72,0,280,2,2,-403.2,280,20160,5,1007.6,21159.54,0729614,183,J.D.LOGISTICS,AMAR BHAI
826,09/04/2026,339,MANIBHADRA TRADELINK,V R PAWAR SAREES,CHANDNI,B. SUMIT & CO.,540754,72,0,280,2,2,-403.2,280,20160,5,1007.6,21159.54,0729613,184,J.D.LOGISTICS,AMAR BHAI
827,09/04/2026,340,MANIBHADRA TRADELINK,V R PAWAR SAREES,CHANDNI,B. SUMIT & CO.,540754,72,0,280,2,2,-403.2,280,20160,5,1007.6,21159.54,0729616,185,J.D.LOGISTICS,AMAR BHAI
828,09/04/2026,341,MANIBHADRA TRADELINK,V R PAWAR SAREES,CHANDNI,B. SUMIT & CO.,540754,72,0,280,2,2,-403.2,280,20160,5,1007.6,21159.54,0729615,186,J.D.LOGISTICS,AMAR BHAI
829,09/04/2026,342,MANIBHADRA TRADELINK,V R PAWAR SAREES,SHRIMATI,B. SUMIT & CO.,540754,71,0,375,2,2,-532.5,375,26625,5,1330.72,27945.07,0729610,187,J.D.LOGISTICS,AMAR BHAI
830,09/04/2026,343,MANIBHADRA TRADELINK,V R PAWAR SAREES,SHRIMATI,B. SUMIT & CO.,540754,72,0,375,2,2,-540,375,27000,5,1349.46,28338.66,0729611,188,J.D.LOGISTICS,AMAR BHAI
831,09/04/2026,344,MANIBHADRA TRADELINK,V R PAWAR SAREES,SHRIMATI,B. SUMIT & CO.,540754,71,0,375,2,2,-532.5,375,26625,5,1330.72,27945.07,0729612,189,J.D.LOGISTICS,AMAR BHAI
832,09/04/2026,345,MANIBHADRA TRADELINK,V R PAWAR SAREES,SHRIMATI,B. SUMIT & CO.,540754,71,0,375,2,2,-532.5,375,26625,5,1330.72,27945.07,0729608,190,J.D.LOGISTICS,AMAR BHAI
833,09/04/2026,346,MANIBHADRA TRADELINK,V R PAWAR SAREES,SHRIMATI,B. SUMIT & CO.,540754,70,0,375,2,2,-525,375,26250,5,1311.98,27551.48,0729607,191,J.D.LOGISTICS,AMAR BHAI
834,09/04/2026,347,MANIBHADRA TRADELINK,V R PAWAR SAREES,DOLA RICH JARI,CHIRAG PRINTS,540754,180,0,225,2,2,-810,225,40500,5,2024.19,42507.99,0730055,74,J.D.LOGISTICS,AMAR BHAI
835,09/04/2026,348,MANIBHADRA TRADELINK,V R PAWAR SAREES,DOLA RICH JARI,CHIRAG PRINTS,540754,180,0,225,2,2,-810,225,40500,5,2024.19,42507.99,0730053,75,J.D.LOGISTICS,AMAR BHAI
836,09/04/2026,349,MANIBHADRA TRADELINK,V R PAWAR SAREES,DOLA RICH JARI,CHIRAG PRINTS,540754,180,0,225,2,2,-810,225,40500,5,2024.19,42507.99,0730056,76,J.D.LOGISTICS,AMAR BHAI
837,09/04/2026,350,MANIBHADRA TRADELINK,V R PAWAR SAREES,RICH BEAUTY,CHIRAG PRINTS,540754,180,0,220,2,2,-792,220,39600,5,1979.21,41563.37,0730058,77,J.D.LOGISTICS,AMAR BHAI
838,09/04/2026,351,MANIBHADRA TRADELINK,V R PAWAR SAREES,RICH BEAUTY,CHIRAG PRINTS,540754,180,0,220,2,2,-792,220,39600,5,1979.21,41563.37,0730054,78,J.D.LOGISTICS,AMAR BHAI
839,09/04/2026,352,MANIBHADRA TRADELINK,V R PAWAR SAREES,RICH BEAUTY,CHIRAG PRINTS,540754,180,0,220,2,2,-792,220,39600,5,1979.21,41563.37,0730057,79,J.D.LOGISTICS,AMAR BHAI
840,09/04/2026,353,MANIBHADRA TRADELINK,V R PAWAR SAREES,RUSTAM GREY,SAI AASHA,540754,6,0,925,2,,,925,5550,5,283.05,5944.05,0729971,223,J.D.LOGISTICS,RATAN BHAI
841,09/04/2026,353,MANIBHADRA TRADELINK,V R PAWAR SAREES,JESIKA NET,SAI AASHA,540754,6,0,1375,2,,,1375,8250,5,420.75,8835.75,0729971,223,J.D.LOGISTICS,RATAN BHAI
842,09/04/2026,353,MANIBHADRA TRADELINK,V R PAWAR SAREES,MITTAL GREY,SAI AASHA,540754,6,0,1050,2,,,1050,6300,5,321.3,6747.3,0729971,223,J.D.LOGISTICS,RATAN BHAI
843,09/04/2026,353,MANIBHADRA TRADELINK,V R PAWAR SAREES,TANVI GREY,SAI AASHA,540754,7,0,1095,2,,,1095,7665,5,390.92,8209.22,0729971,223,J.D.LOGISTICS,RATAN BHAI
844,09/04/2026,353,MANIBHADRA TRADELINK,V R PAWAR SAREES,ISHA GORGETTE,SAI AASHA,540754,5,0,1075,2,,,1075,5375,5,274.13,5756.63,0729971,223,J.D.LOGISTICS,RATAN BHAI
845,09/04/2026,353,MANIBHADRA TRADELINK,V R PAWAR SAREES,KESHAV GEORGETTE,SAI AASHA,540754,6,0,975,2,,,975,5850,5,298.35,6265.35,0729971,223,J.D.LOGISTICS,RATAN BHAI
846,09/04/2026,353,MANIBHADRA TRADELINK,V R PAWAR SAREES,MASTI GREY,SAI AASHA,540754,7,0,1035,2,,,1035,7245,5,369.5,7759.4,0729971,223,J.D.LOGISTICS,RATAN BHAI
847,09/04/2026,353,MANIBHADRA TRADELINK,V R PAWAR SAREES,ROZY GEORGETTE,SAI AASHA,540754,6,0,950,2,,,950,5700,5,290.7,6104.7,0729971,223,J.D.LOGISTICS,RATAN BHAI
848,09/04/2026,353,MANIBHADRA TRADELINK,V R PAWAR SAREES,SHILP GEORGETTE,SAI AASHA,540754,7,0,950,2,,,950,6650,5,339.15,7122.15,0729971,223,J.D.LOGISTICS,RATAN BHAI
849,09/04/2026,353,MANIBHADRA TRADELINK,V R PAWAR SAREES,GEORGIA,SAI AASHA,540754,6,0,925,2,,,925,5550,5,283.05,5944.05,0729971,223,J.D.LOGISTICS,RATAN BHAI
850,09/04/2026,353,MANIBHADRA TRADELINK,V R PAWAR SAREES,FANCY RAHU,SAI AASHA,540754,8,0,1475,2,,,1475,11800,5,601.8,12637.8,0729971,223,J.D.LOGISTICS,RATAN BHAI
851,09/04/2026,353,MANIBHADRA TRADELINK,V R PAWAR SAREES,FANCY KETU,SAI AASHA,540754,8,0,1475,2,,,1475,11800,5,601.8,12637.8,0729971,223,J.D.LOGISTICS,RATAN BHAI
852,09/04/2026,353,MANIBHADRA TRADELINK,V R PAWAR SAREES,KRISHNA GREY,SAI AASHA,540754,7,0,995,2,,,995,6965,5,355.22,7459.52,0729971,223,J.D.LOGISTICS,RATAN BHAI
853,09/04/2026,354,MANIBHADRA TRADELINK,V R PAWAR SAREES,TANA BANA BRIDAL 4621,JULAHAA EXCLUSIVE,540754,2,0,6900,2,10,-1380,6900,13800,5,633.42,13301.82,0731591,360827,J.D.LOGISTICS,RATAN BHAI
854,09/04/2026,355,MANIBHADRA TRADELINK,V R PAWAR SAREES,HALDI RASM,DEEPAK FASHION,540754,40,0,895,2,2,-716,895,35800,5,1789.28,37574.96,0731024,1030,J.D.LOGISTICS,RATAN BHAI
855,09/04/2026,355,MANIBHADRA TRADELINK,V R PAWAR SAREES,CHUNRI,DEEPAK FASHION,540754,20,0,590,2,2,-236,590,11800,5,589.76,12385.04,0731024,1030,J.D.LOGISTICS,RATAN BHAI
856,09/04/2026,355,MANIBHADRA TRADELINK,V R PAWAR SAREES,PIYAMILAN,DEEPAK FASHION,540754,10,0,870,2,2,-174,870,8700,5,434.83,9131.35,0731024,1030,J.D.LOGISTICS,RATAN BHAI
857,09/04/2026,356,MANIBHADRA TRADELINK,V R PAWAR SAREES,NIDHIVAN 53,CAUL FASHION,540754,2,0,2395,2,5,-239.5,2395,4790,5,232.08,4873.59,0729993,193,J.D.LOGISTICS,RATAN BHAI
858,09/04/2026,356,MANIBHADRA TRADELINK,V R PAWAR SAREES,NIDHIVAN 50,CAUL FASHION,630790,3,0,2990,2,5,-448.5,2990,8970,18,1564.55,10256.48,0729993,193,J.D.LOGISTICS,RATAN BHAI
859,09/04/2026,356,MANIBHADRA TRADELINK,V R PAWAR SAREES,NIDHIVAN 47,CAUL FASHION,630790,2,0,2950,2,5,-295,2950,5900,18,1029.08,6746.18,0729993,193,J.D.LOGISTICS,RATAN BHAI
860,09/04/2026,356,MANIBHADRA TRADELINK,V R PAWAR SAREES,NIDHIVAN 19,CAUL FASHION,630790,1,0,2890,2,5,-144.5,2890,2890,18,504.07,3304.48,0729993,193,J.D.LOGISTICS,RATAN BHAI
861,09/04/2026,356,MANIBHADRA TRADELINK,V R PAWAR SAREES,DEVKI NANDAN,CAUL FASHION,630790,3,0,11500,2,5,-1725,11500,34500,18,6017.49,39447.99,0729993,193,J.D.LOGISTICS,RATAN BHAI
862,09/04/2026,357,MANIBHADRA TRADELINK,V R PAWAR SAREES,NIDHIVAN 43,CAUL FASHION,630790,3,0,2995,2,5,-449.25,2995,8985,18,1567.16,10273.63,0729992,197,J.D.LOGISTICS,RATAN BHAI
863,09/04/2026,357,MANIBHADRA TRADELINK,V R PAWAR SAREES,NIDHIVAN 4699,CAUL FASHION,540754,2,0,2390,2,5,-239,2390,4780,5,231.59,4863.41,0729992,197,J.D.LOGISTICS,RATAN BHAI
864,09/04/2026,357,MANIBHADRA TRADELINK,V R PAWAR SAREES,NIDHIVAN 2935,CAUL FASHION,630790,1,0,3090,2,5,-154.5,3090,3090,18,538.96,3533.17,0729992,197,J.D.LOGISTICS,RATAN BHAI
865,09/04/2026,357,MANIBHADRA TRADELINK,V R PAWAR SAREES,NIDHIVAN 2949,CAUL FASHION,630790,1,0,3090,2,5,-154.5,3090,3090,18,538.96,3533.17,0729992,197,J.D.LOGISTICS,RATAN BHAI
866,09/04/2026,357,MANIBHADRA TRADELINK,V R PAWAR SAREES,NIDHIVAN 57,CAUL FASHION,540754,2,0,2490,2,5,-249,2490,4980,5,241.28,5066.9,0729992,197,J.D.LOGISTICS,RATAN BHAI
867,09/04/2026,357,MANIBHADRA TRADELINK,V R PAWAR SAREES,RASSBURRY,CAUL FASHION,630790,3,0,4490,2,5,-673.5,4490,13470,18,2349.44,15401.87,0729992,197,J.D.LOGISTICS,RATAN BHAI
868,09/04/2026,358,MANIBHADRA TRADELINK,V R PAWAR SAREES,10710,SHRESHTH DESIGNER,540754,2,0,6298,2,2,-251.92,6298,12596,5,629.55,13220.51,0730253,26,J.D.LOGISTICS,RATAN BHAI
869,09/04/2026,358,MANIBHADRA TRADELINK,V R PAWAR SAREES,10765,SHRESHTH DESIGNER,540754,4,0,6998,2,2,-559.84,6998,27992,5,1399.04,29379.84,0730253,26,J.D.LOGISTICS,RATAN BHAI
870,09/04/2026,358,MANIBHADRA TRADELINK,V R PAWAR SAREES,10890,SHRESHTH DESIGNER,540754,7,0,3198,2,2,-447.72,3198,22386,5,1118.85,23495.9,0730253,26,J.D.LOGISTICS,RATAN BHAI
871,09/04/2026,358,MANIBHADRA TRADELINK,V R PAWAR SAREES,10715,SHRESHTH DESIGNER,540754,3,0,5150,2,2,-309,5150,15450,5,772.19,16216.01,0730253,26,J.D.LOGISTICS,RATAN BHAI
872,09/04/2026,358,MANIBHADRA TRADELINK,V R PAWAR SAREES,10830,SHRESHTH DESIGNER,540754,5,0,4750,2,2,-475,4750,23750,5,1187.03,24927.53,0730253,26,J.D.LOGISTICS,RATAN BHAI
873,09/04/2026,358,MANIBHADRA TRADELINK,V R PAWAR SAREES,9785,SHRESHTH DESIGNER,540754,5,0,4550,2,2,-455,4550,22750,5,1137.05,23877.95,0730253,26,J.D.LOGISTICS,RATAN BHAI
874,09/04/2026,359,MANIBHADRA TRADELINK,V R PAWAR SAREES,10780,SHRESHTH DESIGNER,540754,5,0,5598,2,2,-559.8,5598,27990,5,1398.94,29377.74,0730252,27,J.D.LOGISTICS,RATAN BHAI
875,09/04/2026,359,MANIBHADRA TRADELINK,V R PAWAR SAREES,10825,SHRESHTH DESIGNER,540754,5,0,5650,2,2,-565,5650,28250,5,1411.94,29650.64,0730252,27,J.D.LOGISTICS,RATAN BHAI
876,09/04/2026,359,MANIBHADRA TRADELINK,V R PAWAR SAREES,10880,SHRESHTH DESIGNER,540754,6,0,3598,2,2,-431.76,3598,21588,5,1078.97,22658.33,0730252,27,J.D.LOGISTICS,RATAN BHAI
877,09/04/2026,359,MANIBHADRA TRADELINK,V R PAWAR SAREES,10835,SHRESHTH DESIGNER,540754,5,0,4898,2,2,-489.8,4898,24490,5,1224.01,25704.21,0730252,27,J.D.LOGISTICS,RATAN BHAI
878,09/04/2026,359,MANIBHADRA TRADELINK,V R PAWAR SAREES,10820,SHRESHTH DESIGNER,540754,4,0,4550,2,2,-364,4550,18200,5,909.64,19102.36,0730252,27,J.D.LOGISTICS,RATAN BHAI
879,09/04/2026,360,MANIBHADRA TRADELINK,V R PAWAR SAREES,50000,GOVIND SILK MILLS,540754,15,750,44.5,2,4.5,-1501.87,44.5,33375,5,1625.53,34136.12,0730459,846,J.D.LOGISTICS,AMAR BHAI
880,09/04/2026,360,MANIBHADRA TRADELINK,V R PAWAR SAREES,55000,GOVIND SILK MILLS,540754,4,181,49.5,2,4.5,-403.18,49.5,8959.5,5,436.37,9163.82,0730459,846,J.D.LOGISTICS,AMAR BHAI
881,09/04/2026,361,MANIBHADRA TRADELINK,V R PAWAR SAREES,B VT 12991,BHAGYASHREE TEXTLIE,540754,19,0,846,2,2,-321.48,846,16074,5,803.38,16870.95,0730257,137,J.D.LOGISTICS,RATAN BHAI
882,09/04/2026,361,MANIBHADRA TRADELINK,V R PAWAR SAREES,B VT 12887,BHAGYASHREE TEXTLIE,540754,5,0,999,2,2,-99.9,999,4995,5,249.65,5242.65,0730257,137,J.D.LOGISTICS,RATAN BHAI
883,09/04/2026,361,MANIBHADRA TRADELINK,V R PAWAR SAREES,BOG 12941,BHAGYASHREE TEXTLIE,540754,5,0,1148,2,2,-114.8,1148,5740,5,286.89,6024.59,0730257,137,J.D.LOGISTICS,RATAN BHAI
884,09/04/2026,361,MANIBHADRA TRADELINK,V R PAWAR SAREES,B VT 12992,BHAGYASHREE TEXTLIE,540754,4,0,931,2,2,-74.48,931,3724,5,186.13,3908.64,0730257,137,J.D.LOGISTICS,RATAN BHAI
885,09/04/2026,361,MANIBHADRA TRADELINK,V R PAWAR SAREES,B VT 12993,BHAGYASHREE TEXTLIE,540754,28,0,931,2,2,-521.36,931,26068,5,1302.88,27360.45,0730257,137,J.D.LOGISTICS,RATAN BHAI
886,09/04/2026,362,MANIBHADRA TRADELINK,V R PAWAR SAREES,B VT 12887,BHAGYASHREE TEXTLIE,540754,4,0,999,2,2,-79.92,999,3996,5,199.72,4194.12,0730270,138,J.D.LOGISTICS,RATAN BHAI
887,09/04/2026,362,MANIBHADRA TRADELINK,V R PAWAR SAREES,BOG 12943,BHAGYASHREE TEXTLIE,540754,5,0,1403,2,2,-140.3,1403,7015,5,350.61,7362.8,0730270,138,J.D.LOGISTICS,RATAN BHAI
888,09/04/2026,362,MANIBHADRA TRADELINK,V R PAWAR SAREES,B VT 12991,BHAGYASHREE TEXTLIE,540754,9,0,846,2,2,-152.28,846,7614,5,380.55,7991.5,0730270,138,J.D.LOGISTICS,RATAN BHAI
889,09/04/2026,362,MANIBHADRA TRADELINK,V R PAWAR SAREES,B KC 13136,BHAGYASHREE TEXTLIE,540754,5,0,1636,2,2,-163.6,1636,8180,5,408.84,8585.57,0730270,138,J.D.LOGISTICS,RATAN BHAI
890,09/04/2026,362,MANIBHADRA TRADELINK,V R PAWAR SAREES,B VT 13140,BHAGYASHREE TEXTLIE,540754,2,0,1211,2,2,-48.44,1211,2422,5,121.05,2542.08,0730270,138,J.D.LOGISTICS,RATAN BHAI
891,09/04/2026,362,MANIBHADRA TRADELINK,V R PAWAR SAREES,B VT 12992,BHAGYASHREE TEXTLIE,540754,6,0,931,2,2,-111.72,931,5586,5,279.19,5862.96,0730270,138,J.D.LOGISTICS,RATAN BHAI
892,09/04/2026,362,MANIBHADRA TRADELINK,V R PAWAR SAREES,BOG 12942,BHAGYASHREE TEXTLIE,540754,4,0,1148,2,2,-91.84,1148,4592,5,229.51,4819.67,0730270,138,J.D.LOGISTICS,RATAN BHAI
893,09/04/2026,362,MANIBHADRA TRADELINK,V R PAWAR SAREES,B VT 12993,BHAGYASHREE TEXTLIE,540754,20,0,931,2,2,-372.4,931,18620,5,930.63,19543.18,0730270,138,J.D.LOGISTICS,RATAN BHAI
894,09/04/2026,363,MANIBHADRA TRADELINK,V R PAWAR SAREES,FD 7793,JAINAM CREATION,540754,6,0,2316,2,2,-277.92,2316,13896,5,694.52,14584.96,0730259,309,J.D.LOGISTICS,RATAN BHAI
895,09/04/2026,363,MANIBHADRA TRADELINK,V R PAWAR SAREES,GT 4252,JAINAM CREATION,540754,2,0,1403,2,2,-56.12,1403,2806,5,140.24,2945.12,0730259,309,J.D.LOGISTICS,RATAN BHAI
896,09/04/2026,363,MANIBHADRA TRADELINK,V R PAWAR SAREES,VT 7560,JAINAM CREATION,540754,10,0,893,2,2,-178.6,893,8930,5,446.32,9372.75,0730259,309,J.D.LOGISTICS,RATAN BHAI
897,09/04/2026,363,MANIBHADRA TRADELINK,V R PAWAR SAREES,NT 8427,JAINAM CREATION,540754,4,0,2631,2,2,-210.48,2631,10524,5,525.99,11045.78,0730259,309,J.D.LOGISTICS,RATAN BHAI
898,09/04/2026,363,MANIBHADRA TRADELINK,V R PAWAR SAREES,GT 6186,JAINAM CREATION,540754,4,0,2763,2,2,-221.04,2763,11052,5,552.38,11599.96,0730259,309,J.D.LOGISTICS,RATAN BHAI
899,09/04/2026,363,MANIBHADRA TRADELINK,V R PAWAR SAREES,FD 8170,JAINAM CREATION,540754,6,0,2933,2,2,-351.96,2933,17598,5,879.55,18470.51,0730259,309,J.D.LOGISTICS,RATAN BHAI
900,09/04/2026,363,MANIBHADRA TRADELINK,V R PAWAR SAREES,VT 6546,JAINAM CREATION,540754,6,0,931,2,2,-111.72,931,5586,5,279.19,5862.96,0730259,309,J.D.LOGISTICS,RATAN BHAI
901,09/04/2026,363,MANIBHADRA TRADELINK,V R PAWAR SAREES,VT 8196,JAINAM CREATION,540754,12,0,931,2,2,-223.44,931,11172,5,558.38,11725.91,0730259,309,J.D.LOGISTICS,RATAN BHAI
902,09/04/2026,364,MANIBHADRA TRADELINK,V R PAWAR SAREES,ST 4610,JAINAM CREATION,540754,7,0,978,2,2,-136.92,978,6846,5,342.16,7185.42,0730264,310,J.D.LOGISTICS,RATAN BHAI
903,09/04/2026,364,MANIBHADRA TRADELINK,V R PAWAR SAREES,VT 7716,JAINAM CREATION,540754,10,0,931,2,2,-186.2,931,9310,5,465.31,9771.59,0730264,310,J.D.LOGISTICS,RATAN BHAI
904,09/04/2026,364,MANIBHADRA TRADELINK,V R PAWAR SAREES,VT 7141,JAINAM CREATION,540754,12,0,871,2,2,-209.04,871,10452,5,522.39,10970.21,0730264,310,J.D.LOGISTICS,RATAN BHAI
905,09/04/2026,364,MANIBHADRA TRADELINK,V R PAWAR SAREES,VT 4668,JAINAM CREATION,540754,10,0,978,2,2,-195.6,978,9780,5,488.8,10264.89,0730264,310,J.D.LOGISTICS,RATAN BHAI
906,09/04/2026,364,MANIBHADRA TRADELINK,V R PAWAR SAREES,VT 7082,JAINAM CREATION,540754,12,0,931,2,2,-223.44,931,11172,5,558.38,11725.91,0730264,310,J.D.LOGISTICS,RATAN BHAI
907,09/04/2026,364,MANIBHADRA TRADELINK,V R PAWAR SAREES,VT 6258,JAINAM CREATION,540754,6,0,880,2,2,-105.6,880,5280,5,263.89,5541.78,0730264,310,J.D.LOGISTICS,RATAN BHAI
908,09/04/2026,365,MANIBHADRA TRADELINK,V R PAWAR SAREES,VT 5139,JAINAM CREATION,540754,3,0,893,2,2,-53.58,893,2679,5,133.9,2811.83,0730271,311,J.D.LOGISTICS,RATAN BHAI
909,09/04/2026,365,MANIBHADRA TRADELINK,V R PAWAR SAREES,VT 3294,JAINAM CREATION,540754,8,0,846,2,2,-135.36,846,6768,5,338.26,7103.55,0730271,311,J.D.LOGISTICS,RATAN BHAI
910,09/04/2026,365,MANIBHADRA TRADELINK,V R PAWAR SAREES,KB 8168,JAINAM CREATION,540754,10,0,1526,2,2,-305.2,1526,15260,5,762.7,16016.6,0730271,311,J.D.LOGISTICS,RATAN BHAI
911,09/04/2026,365,MANIBHADRA TRADELINK,V R PAWAR SAREES,VT 4666,JAINAM CREATION,540754,5,0,893,2,2,-89.3,893,4465,5,223.16,4686.37,0730271,311,J.D.LOGISTICS,RATAN BHAI
912,09/04/2026,365,MANIBHADRA TRADELINK,V R PAWAR SAREES,VT 8448,JAINAM CREATION,540754,5,0,965,2,2,-96.5,965,4825,5,241.15,5064.22,0730271,311,J.D.LOGISTICS,RATAN BHAI
913,09/04/2026,365,MANIBHADRA TRADELINK,V R PAWAR SAREES,VT 7082,JAINAM CREATION,540754,6,0,931,2,2,-111.72,931,5586,5,279.19,5862.96,0730271,311,J.D.LOGISTICS,RATAN BHAI
914,09/04/2026,365,MANIBHADRA TRADELINK,V R PAWAR SAREES,OG 7595,JAINAM CREATION,540754,4,0,931,2,2,-74.48,931,3724,5,186.13,3908.64,0730271,311,J.D.LOGISTICS,RATAN BHAI
915,09/04/2026,365,MANIBHADRA TRADELINK,V R PAWAR SAREES,VT 7985,JAINAM CREATION,540754,10,0,808,2,2,-161.6,808,8080,5,403.84,8480.61,0730271,311,J.D.LOGISTICS,RATAN BHAI
916,09/04/2026,365,MANIBHADRA TRADELINK,V R PAWAR SAREES,TL 8191,JAINAM CREATION,540754,8,0,978,2,2,-156.48,978,7824,5,391.04,8211.91,0730271,311,J.D.LOGISTICS,RATAN BHAI
917,09/04/2026,366,MANIBHADRA TRADELINK,V R PAWAR SAREES,KB 8168,JAINAM CREATION,540754,5,0,1526,2,2,-152.6,1526,7630,5,381.35,8008.3,0730266,312,J.D.LOGISTICS,RATAN BHAI
918,09/04/2026,366,MANIBHADRA TRADELINK,V R PAWAR SAREES,VT 4856,JAINAM CREATION,540754,6,0,931,2,2,-111.72,931,5586,5,279.19,5862.96,0730266,312,J.D.LOGISTICS,RATAN BHAI
919,09/04/2026,366,MANIBHADRA TRADELINK,V R PAWAR SAREES,VT 8448,JAINAM CREATION,540754,10,0,965,2,2,-193,965,9650,5,482.31,10128.45,0730266,312,J.D.LOGISTICS,RATAN BHAI
920,09/04/2026,366,MANIBHADRA TRADELINK,V R PAWAR SAREES,VT 4666,JAINAM CREATION,540754,5,0,893,2,2,-89.3,893,4465,5,223.16,4686.37,0730266,312,J.D.LOGISTICS,RATAN BHAI
921,09/04/2026,366,MANIBHADRA TRADELINK,V R PAWAR SAREES,VT 6757,JAINAM CREATION,540754,15,0,829,2,2,-248.7,829,12435,5,621.5,13051.53,0730266,312,J.D.LOGISTICS,RATAN BHAI
922,09/04/2026,366,MANIBHADRA TRADELINK,V R PAWAR SAREES,OG 7684,JAINAM CREATION,540754,5,0,846,2,2,-84.6,846,4230,5,211.42,4439.73,0730266,312,J.D.LOGISTICS,RATAN BHAI
923,09/04/2026,366,MANIBHADRA TRADELINK,V R PAWAR SAREES,VT 7627,JAINAM CREATION,540754,7,0,1309,2,2,-183.26,1309,9163,5,457.97,9617.3,0730266,312,J.D.LOGISTICS,RATAN BHAI
924,09/04/2026,366,MANIBHADRA TRADELINK,V R PAWAR SAREES,VT 4668,JAINAM CREATION,540754,10,0,978,2,2,-195.6,978,9780,5,488.8,10264.89,0730266,312,J.D.LOGISTICS,RATAN BHAI
925,09/04/2026,367,MANIBHADRA TRADELINK,V R PAWAR SAREES,VT 2614,JAINAM CREATION,540754,5,0,918,2,2,-91.8,918,4590,5,229.41,4817.57,0730261,313,J.D.LOGISTICS,RATAN BHAI
926,09/04/2026,367,MANIBHADRA TRADELINK,V R PAWAR SAREES,VT 7488,JAINAM CREATION,540754,9,0,893,2,2,-160.74,893,8037,5,401.69,8435.47,0730261,313,J.D.LOGISTICS,RATAN BHAI
927,09/04/2026,367,MANIBHADRA TRADELINK,V R PAWAR SAREES,VT 5128,JAINAM CREATION,540754,9,0,893,2,2,-160.74,893,8037,5,401.69,8435.47,0730261,313,J.D.LOGISTICS,RATAN BHAI
928,09/04/2026,367,MANIBHADRA TRADELINK,V R PAWAR SAREES,VT 8495,JAINAM CREATION,540754,8,0,893,2,2,-142.88,893,7144,5,357.06,7498.2,0730261,313,J.D.LOGISTICS,RATAN BHAI
929,09/04/2026,367,MANIBHADRA TRADELINK,V R PAWAR SAREES,VT 6905,JAINAM CREATION,540754,7,0,1101,2,2,-154.14,1101,7707,5,385.2,8089.12,0730261,313,J.D.LOGISTICS,RATAN BHAI
930,09/04/2026,367,MANIBHADRA TRADELINK,V R PAWAR SAREES,SF 8475,JAINAM CREATION,540754,2,0,1679,2,2,-67.16,1679,3358,5,167.83,3524.49,0730261,313,J.D.LOGISTICS,RATAN BHAI
931,09/04/2026,367,MANIBHADRA TRADELINK,V R PAWAR SAREES,SF 8482,JAINAM CREATION,540754,2,0,1381,2,2,-55.24,1381,2762,5,138.05,2898.95,0730261,313,J.D.LOGISTICS,RATAN BHAI
932,09/04/2026,367,MANIBHADRA TRADELINK,V R PAWAR SAREES,VT 3294,JAINAM CREATION,540754,16,0,846,2,2,-270.72,846,13536,5,676.53,14207.12,0730261,313,J.D.LOGISTICS,RATAN BHAI
933,09/04/2026,368,MANIBHADRA TRADELINK,V R PAWAR SAREES,GT 8480,JAINAM CREATION,540754,3,0,1084,2,2,-65.04,1084,3252,5,162.54,3413.24,0730265,314,J.D.LOGISTICS,RATAN BHAI
934,09/04/2026,368,MANIBHADRA TRADELINK,V R PAWAR SAREES,VT 3294,JAINAM CREATION,540754,16,0,846,2,2,-270.72,846,13536,5,676.53,14207.12,0730265,314,J.D.LOGISTICS,RATAN BHAI
935,09/04/2026,368,MANIBHADRA TRADELINK,V R PAWAR SAREES,VT 7919,JAINAM CREATION,540754,8,0,893,2,2,-142.88,893,7144,5,357.06,7498.2,0730265,314,J.D.LOGISTICS,RATAN BHAI
936,09/04/2026,368,MANIBHADRA TRADELINK,V R PAWAR SAREES,VT 8495,JAINAM CREATION,540754,6,0,893,2,2,-107.16,893,5358,5,267.79,5623.65,0730265,314,J.D.LOGISTICS,RATAN BHAI
937,09/04/2026,368,MANIBHADRA TRADELINK,V R PAWAR SAREES,SF 8474,JAINAM CREATION,540754,3,0,1611,2,2,-96.66,1611,4833,5,241.55,5072.62,0730265,314,J.D.LOGISTICS,RATAN BHAI
938,09/04/2026,368,MANIBHADRA TRADELINK,V R PAWAR SAREES,VT 7488,JAINAM CREATION,540754,6,0,893,2,2,-107.16,893,5358,5,267.79,5623.65,0730265,314,J.D.LOGISTICS,RATAN BHAI
939,09/04/2026,368,MANIBHADRA TRADELINK,V R PAWAR SAREES,ST 4609,JAINAM CREATION,540754,12,0,893,2,2,-214.32,893,10716,5,535.59,11247.3,0730265,314,J.D.LOGISTICS,RATAN BHAI
940,09/04/2026,368,MANIBHADRA TRADELINK,V R PAWAR SAREES,VT 8496,JAINAM CREATION,540754,2,0,893,2,2,-35.72,893,1786,5,89.26,1874.55,0730265,314,J.D.LOGISTICS,RATAN BHAI
941,09/04/2026,369,MANIBHADRA TRADELINK,V R PAWAR SAREES,VT 6257,JAINAM CREATION,540754,8,0,893,2,2,-142.88,893,7144,5,357.06,7498.2,0730263,315,J.D.LOGISTICS,RATAN BHAI
942,09/04/2026,369,MANIBHADRA TRADELINK,V R PAWAR SAREES,CT 6898,JAINAM CREATION,540754,6,0,1016,2,2,-121.92,1016,6096,5,304.68,6398.24,0730263,315,J.D.LOGISTICS,RATAN BHAI
943,09/04/2026,369,MANIBHADRA TRADELINK,V R PAWAR SAREES,GT 6566,JAINAM CREATION,540754,4,0,1318,2,2,-105.44,1318,5272,5,263.49,5533.38,0730263,315,J.D.LOGISTICS,RATAN BHAI
944,09/04/2026,369,MANIBHADRA TRADELINK,V R PAWAR SAREES,VT 6195,JAINAM CREATION,540754,8,0,931,2,2,-148.96,931,7448,5,372.25,7817.27,0730263,315,J.D.LOGISTICS,RATAN BHAI
945,09/04/2026,369,MANIBHADRA TRADELINK,V R PAWAR SAREES,VT 4944,JAINAM CREATION,540754,9,0,931,2,2,-167.58,931,8379,5,418.78,8794.43,0730263,315,J.D.LOGISTICS,RATAN BHAI
946,09/04/2026,369,MANIBHADRA TRADELINK,V R PAWAR SAREES,NT 7897,JAINAM CREATION,540754,3,0,2274,2,2,-136.44,2274,6822,5,340.96,7160.23,0730263,315,J.D.LOGISTICS,RATAN BHAI
947,09/04/2026,369,MANIBHADRA TRADELINK,V R PAWAR SAREES,ST 4610,JAINAM CREATION,540754,3,0,978,2,2,-58.68,978,2934,5,146.64,3079.47,0730263,315,J.D.LOGISTICS,RATAN BHAI
948,09/04/2026,369,MANIBHADRA TRADELINK,V R PAWAR SAREES,VT 6258,JAINAM CREATION,540754,7,0,880,2,2,-123.2,880,6160,5,307.88,6465.42,0730263,315,J.D.LOGISTICS,RATAN BHAI
949,09/04/2026,369,MANIBHADRA TRADELINK,V R PAWAR SAREES,VT 4668,JAINAM CREATION,540754,10,0,978,2,2,-195.6,978,9780,5,488.8,10264.89,0730263,315,J.D.LOGISTICS,RATAN BHAI
950,09/04/2026,370,MANIBHADRA TRADELINK,V R PAWAR SAREES,GT 7157,JAINAM CREATION,540754,5,0,2274,2,2,-227.4,2274,11370,5,568.27,11933.72,0730262,316,J.D.LOGISTICS,RATAN BHAI
951,09/04/2026,370,MANIBHADRA TRADELINK,V R PAWAR SAREES,JC 4385,JAINAM CREATION,540754,10,0,1148,2,2,-229.6,1148,11480,5,573.77,12049.18,0730262,316,J.D.LOGISTICS,RATAN BHAI
952,09/04/2026,370,MANIBHADRA TRADELINK,V R PAWAR SAREES,OG 7237,JAINAM CREATION,540754,5,0,1509,2,2,-150.9,1509,7545,5,377.1,7919.08,0730262,316,J.D.LOGISTICS,RATAN BHAI
953,09/04/2026,370,MANIBHADRA TRADELINK,V R PAWAR SAREES,FD 8438,JAINAM CREATION,540754,5,0,1934,2,2,-193.4,1934,9670,5,483.31,10149.44,0730262,316,J.D.LOGISTICS,RATAN BHAI
954,09/04/2026,370,MANIBHADRA TRADELINK,V R PAWAR SAREES,VT 7765,JAINAM CREATION,540754,6,0,893,2,2,-107.16,893,5358,5,267.79,5623.65,0730262,316,J.D.LOGISTICS,RATAN BHAI
955,09/04/2026,370,MANIBHADRA TRADELINK,V R PAWAR SAREES,VT 1824,JAINAM CREATION,540754,9,0,1016,2,2,-182.88,1016,9144,5,457.02,9597.36,0730262,316,J.D.LOGISTICS,RATAN BHAI
956,09/04/2026,370,MANIBHADRA TRADELINK,V R PAWAR SAREES,VT 6195,JAINAM CREATION,540754,8,0,931,2,2,-148.96,931,7448,5,372.25,7817.27,0730262,316,J.D.LOGISTICS,RATAN BHAI
957,09/04/2026,370,MANIBHADRA TRADELINK,V R PAWAR SAREES,VT 4944,JAINAM CREATION,540754,9,0,931,2,2,-167.58,931,8379,5,418.78,8794.43,0730262,316,J.D.LOGISTICS,RATAN BHAI
958,09/04/2026,371,MANIBHADRA TRADELINK,V R PAWAR SAREES,VT C 3052,JAINAM CREATION,540754,17,0,931,2,2,-316.54,931,15827,5,791.03,16611.7,0730260,317,J.D.LOGISTICS,RATAN BHAI
959,09/04/2026,371,MANIBHADRA TRADELINK,V R PAWAR SAREES,SR 4792,JAINAM CREATION,540754,2,0,1339,2,2,-53.56,1339,2678,5,133.85,2810.78,0730260,317,J.D.LOGISTICS,RATAN BHAI
960,09/04/2026,371,MANIBHADRA TRADELINK,V R PAWAR SAREES,VT 6499,JAINAM CREATION,540754,5,0,999,2,2,-99.9,999,4995,5,249.65,5242.65,0730260,317,J.D.LOGISTICS,RATAN BHAI
961,09/04/2026,371,MANIBHADRA TRADELINK,V R PAWAR SAREES,VT 4754,JAINAM CREATION,540754,4,0,931,2,2,-74.48,931,3724,5,186.13,3908.64,0730260,317,J.D.LOGISTICS,RATAN BHAI
962,09/04/2026,371,MANIBHADRA TRADELINK,V R PAWAR SAREES,VT 6546,JAINAM CREATION,540754,6,0,931,2,2,-111.72,931,5586,5,279.19,5862.96,0730260,317,J.D.LOGISTICS,RATAN BHAI
963,09/04/2026,371,MANIBHADRA TRADELINK,V R PAWAR SAREES,FD 6251,JAINAM CREATION,540754,5,0,1509,2,2,-150.9,1509,7545,5,377.1,7919.08,0730260,317,J.D.LOGISTICS,RATAN BHAI
964,09/04/2026,371,MANIBHADRA TRADELINK,V R PAWAR SAREES,GT 3131,JAINAM CREATION,540754,6,0,1424,2,2,-170.88,1424,8544,5,427.03,8967.61,0730260,317,J.D.LOGISTICS,RATAN BHAI
965,09/04/2026,371,MANIBHADRA TRADELINK,V R PAWAR SAREES,VT 6500,JAINAM CREATION,540754,6,0,931,2,2,-111.72,931,5586,5,279.19,5862.96,0730260,317,J.D.LOGISTICS,RATAN BHAI
966,09/04/2026,372,MANIBHADRA TRADELINK,V R PAWAR SAREES,NT 8489,JAINAM CREATION,540754,2,0,2461,2,2,-98.44,2461,4922,5,246,5166.03,0730258,318,J.D.LOGISTICS,RATAN BHAI
967,09/04/2026,372,MANIBHADRA TRADELINK,V R PAWAR SAREES,FD 7753,JAINAM CREATION,540754,3,0,1781,2,2,-106.86,1781,5343,5,267.04,5607.9,0730258,318,J.D.LOGISTICS,RATAN BHAI
968,09/04/2026,372,MANIBHADRA TRADELINK,V R PAWAR SAREES,NCM 7643,JAINAM CREATION,540754,2,0,2032,2,2,-81.28,2032,4064,5,203.12,4265.49,0730258,318,J.D.LOGISTICS,RATAN BHAI
969,09/04/2026,372,MANIBHADRA TRADELINK,V R PAWAR SAREES,NCM 7546,JAINAM CREATION,540754,2,0,1763,2,2,-70.52,1763,3526,5,176.23,3700.82,0730258,318,J.D.LOGISTICS,RATAN BHAI
970,09/04/2026,372,MANIBHADRA TRADELINK,V R PAWAR SAREES,VT 7748,JAINAM CREATION,540754,4,0,1339,2,2,-107.12,1339,5356,5,267.69,5621.55,0730258,318,J.D.LOGISTICS,RATAN BHAI
971,09/04/2026,372,MANIBHADRA TRADELINK,V R PAWAR SAREES,SR 4773,JAINAM CREATION,540754,5,0,1267,2,2,-126.7,1267,6335,5,316.62,6649.09,0730258,318,J.D.LOGISTICS,RATAN BHAI
972,09/04/2026,372,MANIBHADRA TRADELINK,V R PAWAR SAREES,VT 7220,JAINAM CREATION,540754,1,0,1084,2,2,-21.68,1084,1084,5,54.18,1137.75,0730258,318,J.D.LOGISTICS,RATAN BHAI
973,09/04/2026,372,MANIBHADRA TRADELINK,V R PAWAR SAREES,VT 2614,JAINAM CREATION,540754,1,0,918,2,2,-18.36,918,918,5,45.88,963.51,0730258,318,J.D.LOGISTICS,RATAN BHAI
974,09/04/2026,372,MANIBHADRA TRADELINK,V R PAWAR SAREES,VT 7765,JAINAM CREATION,540754,6,0,893,2,2,-107.16,893,5358,5,267.79,5623.65,0730258,318,J.D.LOGISTICS,RATAN BHAI
975,09/04/2026,372,MANIBHADRA TRADELINK,V R PAWAR SAREES,VT 4944,JAINAM CREATION,540754,9,0,931,2,2,-167.58,931,8379,5,418.78,8794.43,0730258,318,J.D.LOGISTICS,RATAN BHAI
976,09/04/2026,372,MANIBHADRA TRADELINK,V R PAWAR SAREES,GT 7285,JAINAM CREATION,540754,7,0,1339,2,2,-187.46,1339,9373,5,468.46,9837.71,0730258,318,J.D.LOGISTICS,RATAN BHAI
977,09/04/2026,372,MANIBHADRA TRADELINK,V R PAWAR SAREES,SF 8385,JAINAM CREATION,540754,5,0,2461,2,2,-246.1,2461,12305,5,615,12915.08,0730258,318,J.D.LOGISTICS,RATAN BHAI
978,09/04/2026,372,MANIBHADRA TRADELINK,V R PAWAR SAREES,FD 5229,JAINAM CREATION,540754,4,0,2061,2,2,-164.88,2061,8244,5,412.04,8652.74,0730258,318,J.D.LOGISTICS,RATAN BHAI
979,09/04/2026,373,MANIBHADRA TRADELINK,V R PAWAR SAREES,FD 8127,JAINAM CREATION,540754,3,0,2138,2,2,-128.28,2138,6414,5,346.63,7279.3,0730267,320,J.D.LOGISTICS,RATAN BHAI
980,09/04/2026,373,MANIBHADRA TRADELINK,V R PAWAR SAREES,NCM 7454,JAINAM CREATION,540754,2,0,1913,2,2,-76.52,1913,3826,5,206.77,4342.16,0730267,320,J.D.LOGISTICS,RATAN BHAI
981,09/04/2026,373,MANIBHADRA TRADELINK,V R PAWAR SAREES,FD 7641,JAINAM CREATION,540754,1,0,1781,2,2,-35.62,1781,1781,5,96.25,2021.27,0730267,320,J.D.LOGISTICS,RATAN BHAI
982,09/04/2026,373,MANIBHADRA TRADELINK,V R PAWAR SAREES,NT 8797,JAINAM CREATION,540754,3,0,2274,2,2,-136.44,2274,6822,5,368.68,7742.34,0730267,320,J.D.LOGISTICS,RATAN BHAI
983,09/04/2026,373,MANIBHADRA TRADELINK,V R PAWAR SAREES,FD 7826,JAINAM CREATION,540754,2,0,1828,2,2,-73.12,1828,3656,5,197.58,4149.22,0730267,320,J.D.LOGISTICS,RATAN BHAI
984,09/04/2026,373,MANIBHADRA TRADELINK,V R PAWAR SAREES,NCM 7493,JAINAM CREATION,540754,3,0,1488,2,2,-89.28,1488,4464,5,241.25,5066.23,0730267,320,J.D.LOGISTICS,RATAN BHAI
985,09/04/2026,373,MANIBHADRA TRADELINK,V R PAWAR SAREES,VT 8238,JAINAM CREATION,540754,4,0,4,2,2,-130.88,1636,6544,5,0.86,18.15,0730267,320,J.D.LOGISTICS,RATAN BHAI
986,09/04/2026,373,MANIBHADRA TRADELINK,V R PAWAR SAREES,FD 7826,JAINAM CREATION,540754,2,0,1781,2,2,-71.24,1781,3562,5,192.5,4042.54,0730267,320,J.D.LOGISTICS,RATAN BHAI
987,09/04/2026,373,MANIBHADRA TRADELINK,V R PAWAR SAREES,FD 7664,JAINAM CREATION,540754,3,0,2401,2,2,-144.06,2401,7203,5,389.27,8174.74,0730267,320,J.D.LOGISTICS,RATAN BHAI
988,09/04/2026,373,MANIBHADRA TRADELINK,V R PAWAR SAREES,VT 7627,JAINAM CREATION,540754,5,0,1309,2,2,-130.9,1309,6545,5,353.71,7427.97,0730267,320,J.D.LOGISTICS,RATAN BHAI
989,09/04/2026,373,MANIBHADRA TRADELINK,V R PAWAR SAREES,NT 7104,JAINAM CREATION,540754,2,0,2291,2,2,-91.64,2291,4582,5,247.63,5200.15,0730267,320,J.D.LOGISTICS,RATAN BHAI
990,09/04/2026,373,MANIBHADRA TRADELINK,V R PAWAR SAREES,OG 7415,JAINAM CREATION,540754,2,0,1573,2,2,-62.92,1573,3146,5,170.02,3570.42,0730267,320,J.D.LOGISTICS,RATAN BHAI
991,09/04/2026,373,MANIBHADRA TRADELINK,V R PAWAR SAREES,VT 6257,JAINAM CREATION,540754,5,0,893,2,2,-89.3,893,4465,5,241.3,5067.36,0730267,320,J.D.LOGISTICS,RATAN BHAI
992,09/04/2026,373,MANIBHADRA TRADELINK,V R PAWAR SAREES,OG 7237,JAINAM CREATION,540754,2,0,1509,2,2,-60.36,1509,3018,5,163.1,3425.15,0730267,320,J.D.LOGISTICS,RATAN BHAI
993,09/04/2026,373,MANIBHADRA TRADELINK,V R PAWAR SAREES,NCM 7152,JAINAM CREATION,540754,3,0,2189,2,2,-131.34,2189,6567,5,354.9,7452.94,0730267,320,J.D.LOGISTICS,RATAN BHAI
994,09/04/2026,373,MANIBHADRA TRADELINK,V R PAWAR SAREES,VT 6195,JAINAM CREATION,540754,5,0,931,2,2,-93.1,931,4655,5,251.57,5282.99,0730267,320,J.D.LOGISTICS,RATAN BHAI
995,09/04/2026,373,MANIBHADRA TRADELINK,V R PAWAR SAREES,NCM 7772,JAINAM CREATION,540754,1,0,2168,2,2,-43.36,2168,2168,5,117.17,2460.48,0730267,320,J.D.LOGISTICS,RATAN BHAI
996,09/04/2026,373,MANIBHADRA TRADELINK,V R PAWAR SAREES,FD 7604,JAINAM CREATION,540754,1,0,1976,2,2,-39.52,1976,1976,5,106.79,2242.58,0730267,320,J.D.LOGISTICS,RATAN BHAI
997,09/04/2026,373,MANIBHADRA TRADELINK,V R PAWAR SAREES,NT 8509,JAINAM CREATION,540754,2,0,2716,2,2,-108.64,2716,5432,5,293.56,6164.82,0730267,320,J.D.LOGISTICS,RATAN BHAI
998,09/04/2026,374,MANIBHADRA TRADELINK,V R PAWAR SAREES,FD 7993,JAINAM CREATION,540754,4,0,2423,2,2,-193.84,2423,9692,5,484.41,10172.53,0730268,321,J.D.LOGISTICS,RATAN BHAI
999,09/04/2026,374,MANIBHADRA TRADELINK,V R PAWAR SAREES,GT 6665,JAINAM CREATION,540754,2,0,1441,2,2,-57.64,1441,2882,5,144.04,3024.89,0730268,321,J.D.LOGISTICS,RATAN BHAI
1000,09/04/2026,374,MANIBHADRA TRADELINK,V R PAWAR SAREES,VT 4754,JAINAM CREATION,540754,4,0,931,2,2,-74.48,931,3724,5,186.13,3908.64,0730268,321,J.D.LOGISTICS,RATAN BHAI
1001,09/04/2026,374,MANIBHADRA TRADELINK,V R PAWAR SAREES,VT C 3052,JAINAM CREATION,540754,11,0,931,2,2,-204.82,931,10241,5,511.85,10748.75,0730268,321,J.D.LOGISTICS,RATAN BHAI
1002,09/04/2026,374,MANIBHADRA TRADELINK,V R PAWAR SAREES,OG 7415,JAINAM CREATION,540754,5,0,1573,2,2,-157.3,1573,7865,5,393.09,8254.94,0730268,321,J.D.LOGISTICS,RATAN BHAI
1003,09/04/2026,374,MANIBHADRA TRADELINK,V R PAWAR SAREES,GT 3131,JAINAM CREATION,540754,6,0,1424,2,2,-170.88,1424,8544,5,427.03,8967.61,0730268,321,J.D.LOGISTICS,RATAN BHAI
1004,09/04/2026,374,MANIBHADRA TRADELINK,V R PAWAR SAREES,VT 6500,JAINAM CREATION,540754,6,0,931,2,2,-111.72,931,5586,5,279.19,5862.96,0730268,321,J.D.LOGISTICS,RATAN BHAI
1005,09/04/2026,374,MANIBHADRA TRADELINK,V R PAWAR SAREES,VT 6499,JAINAM CREATION,540754,5,0,999,2,2,-99.9,999,4995,5,249.65,5242.65,0730268,321,J.D.LOGISTICS,RATAN BHAI
1006,09/04/2026,374,MANIBHADRA TRADELINK,V R PAWAR SAREES,NT 8508,JAINAM CREATION,540754,5,0,2083,2,2,-208.3,2083,10415,5,520.54,10931.37,0730268,321,J.D.LOGISTICS,RATAN BHAI
1007,09/04/2026,374,MANIBHADRA TRADELINK,V R PAWAR SAREES,NT 7104,JAINAM CREATION,540754,6,0,2291,2,2,-274.92,2291,13746,5,687.03,14427.53,0730268,321,J.D.LOGISTICS,RATAN BHAI
1008,09/04/2026,375,MANIBHADRA TRADELINK,V R PAWAR SAREES,CHIRAG,SHYAM TEX,540754,15,0,513,2,2,-153.9,513,7695,5,384.6,8076.52,0729978,96,J.D.LOGISTICS,AMAR BHAI
1009,09/04/2026,375,MANIBHADRA TRADELINK,V R PAWAR SAREES,PRITAM,SHYAM TEX,540754,20,0,535,2,2,-214,535,10700,5,534.79,11230.51,0729978,96,J.D.LOGISTICS,AMAR BHAI
1010,09/04/2026,375,MANIBHADRA TRADELINK,V R PAWAR SAREES,UPKAR 8,SHYAM TEX,540754,10,0,535,2,2,-107,535,5350,5,267.39,5615.25,0729978,96,J.D.LOGISTICS,AMAR BHAI
1011,09/04/2026,375,MANIBHADRA TRADELINK,V R PAWAR SAREES,RAJ 3,SHYAM TEX,540754,10,0,535,2,2,-107,535,5350,5,267.39,5615.25,0729978,96,J.D.LOGISTICS,AMAR BHAI
1012,09/04/2026,375,MANIBHADRA TRADELINK,V R PAWAR SAREES,RAJ 8,SHYAM TEX,540754,5,0,535,2,2,-53.5,535,2675,5,133.7,2807.63,0729978,96,J.D.LOGISTICS,AMAR BHAI
1013,09/04/2026,376,MANIBHADRA TRADELINK,V R PAWAR SAREES,18014,YASH CREATION,540754,5,0,2995,2,5,-748.75,2995,14975,5,725.54,15236.31,0729956,198,J.D.LOGISTICS,RATAN BHAI
1014,09/04/2026,376,MANIBHADRA TRADELINK,V R PAWAR SAREES,17195,YASH CREATION,540754,6,0,3295,2,5,-988.5,3295,19770,5,957.86,20114.99,0729956,198,J.D.LOGISTICS,RATAN BHAI
1015,09/04/2026,376,MANIBHADRA TRADELINK,V R PAWAR SAREES,17212,YASH CREATION,540754,5,0,2750,2,5,-687.5,2750,13750,5,666.19,13989.94,0729956,198,J.D.LOGISTICS,RATAN BHAI
1016,09/04/2026,376,MANIBHADRA TRADELINK,V R PAWAR SAREES,17159,YASH CREATION,540754,5,0,2750,2,5,-687.5,2750,13750,5,666.19,13989.94,0729956,198,J.D.LOGISTICS,RATAN BHAI
1017,09/04/2026,376,MANIBHADRA TRADELINK,V R PAWAR SAREES,17996,YASH CREATION,540754,5,0,4495,2,5,-1123.75,4495,22475,5,1088.91,22867.19,0729956,198,J.D.LOGISTICS,RATAN BHAI
1018,09/04/2026,376,MANIBHADRA TRADELINK,V R PAWAR SAREES,17995,YASH CREATION,540754,5,0,4750,2,5,-1187.5,4750,23750,5,1150.69,24164.44,0729956,198,J.D.LOGISTICS,RATAN BHAI
1019,09/04/2026,376,MANIBHADRA TRADELINK,V R PAWAR SAREES,17164,YASH CREATION,540754,6,0,2750,2,5,-825,2750,16500,5,799.43,16787.93,0729956,198,J.D.LOGISTICS,RATAN BHAI
1020,09/04/2026,377,MANIBHADRA TRADELINK,V R PAWAR SAREES,JERRY,SAI DESIGNER CREATIVE,540754,4,0,1095,2,,,1095,4380,5,223.38,4690.98,0730634,267,J.D.LOGISTICS,RATAN BHAI
1021,09/04/2026,377,MANIBHADRA TRADELINK,V R PAWAR SAREES,BEN TEN,SAI DESIGNER CREATIVE,540754,5,0,1165,2,,,1165,5825,5,297.08,6238.58,0730634,267,J.D.LOGISTICS,RATAN BHAI
1022,09/04/2026,377,MANIBHADRA TRADELINK,V R PAWAR SAREES,JUNAIRA,SAI DESIGNER CREATIVE,540754,4,0,2095,2,,,2095,8380,5,427.38,8974.98,0730634,267,J.D.LOGISTICS,RATAN BHAI
1023,09/04/2026,377,MANIBHADRA TRADELINK,V R PAWAR SAREES,SIFARISH,SAI DESIGNER CREATIVE,540754,5,0,1645,2,,,1645,8225,5,419.48,8808.98,0730634,267,J.D.LOGISTICS,RATAN BHAI
1024,09/04/2026,377,MANIBHADRA TRADELINK,V R PAWAR SAREES,MANGO DOLLY,SAI DESIGNER CREATIVE,540754,5,0,1645,2,,,1645,8225,5,419.48,8808.98,0730634,267,J.D.LOGISTICS,RATAN BHAI
1025,09/04/2026,377,MANIBHADRA TRADELINK,V R PAWAR SAREES,ANJIR,SAI DESIGNER CREATIVE,540754,10,0,1145,2,,,1145,11450,5,583.95,12262.95,0730634,267,J.D.LOGISTICS,RATAN BHAI
1026,09/04/2026,377,MANIBHADRA TRADELINK,V R PAWAR SAREES,SAMBHAVI,SAI DESIGNER CREATIVE,540754,4,0,1895,2,,,1895,7580,5,386.58,8118.18,0730634,267,J.D.LOGISTICS,RATAN BHAI
1027,09/04/2026,378,MANIBHADRA TRADELINK,V R PAWAR SAREES,ONLINE VAIRAL,SAI AASHA,540754,2,0,4600,2,,,4600,9200,5,469.2,9853.2,0729976,247,J.D.LOGISTICS,RATAN BHAI
1028,09/04/2026,378,MANIBHADRA TRADELINK,V R PAWAR SAREES,ONLINE VIRAL 2,SAI AASHA,540754,2,0,4600,2,,,4600,9200,5,469.2,9853.2,0729976,247,J.D.LOGISTICS,RATAN BHAI
1029,09/04/2026,378,MANIBHADRA TRADELINK,V R PAWAR SAREES,NET BITS 2,SAI AASHA,540754,7,0,2395,2,,,2395,16765,5,855.02,17955.32,0729976,247,J.D.LOGISTICS,RATAN BHAI
1030,09/04/2026,378,MANIBHADRA TRADELINK,V R PAWAR SAREES,RAMPUR BITS,SAI AASHA,540754,7,0,2750,2,,,2750,19250,5,981.75,20616.75,0729976,247,J.D.LOGISTICS,RATAN BHAI
1031,09/04/2026,378,MANIBHADRA TRADELINK,V R PAWAR SAREES,CIFFON AASHA,SAI AASHA,540754,6,0,1425,2,,,1425,8550,5,436.05,9157.05,0729976,247,J.D.LOGISTICS,RATAN BHAI
1032,09/04/2026,378,MANIBHADRA TRADELINK,V R PAWAR SAREES,CIFFON JAYA,SAI AASHA,540754,4,0,1675,2,,,1675,6700,5,341.7,7175.7,0729976,247,J.D.LOGISTICS,RATAN BHAI
1033,09/04/2026,378,MANIBHADRA TRADELINK,V R PAWAR SAREES,KINJAL SMOKE,SAI AASHA,540754,6,0,965,2,,,965,5790,5,295.29,6201.09,0729976,247,J.D.LOGISTICS,RATAN BHAI
1034,09/04/2026,378,MANIBHADRA TRADELINK,V R PAWAR SAREES,NOOR SMOKE,SAI AASHA,540754,4,0,965,2,,,965,3860,5,196.86,4134.06,0729976,247,J.D.LOGISTICS,RATAN BHAI
1035,09/04/2026,378,MANIBHADRA TRADELINK,V R PAWAR SAREES,FANCY KUM KUM,SAI AASHA,540754,6,0,1450,2,,,1450,8700,5,443.7,9317.7,0729976,247,J.D.LOGISTICS,RATAN BHAI
1036,09/04/2026,378,MANIBHADRA TRADELINK,V R PAWAR SAREES,RANGILI SMOKE,SAI AASHA,540754,5,0,965,2,,,965,4825,5,246.08,5167.58,0729976,247,J.D.LOGISTICS,RATAN BHAI
1037,09/04/2026,378,MANIBHADRA TRADELINK,V R PAWAR SAREES,NET BITS 6,SAI AASHA,540754,7,0,2395,2,,,2395,16765,5,855.02,17955.32,0729976,247,J.D.LOGISTICS,RATAN BHAI
1038,10/04/2026,379,MANIBHADRA TRADELINK,V R PAWAR SAREES,AASHIYANA,SUCHITRA SILK MILLS PVT LTD,540754,6,0,475,2,2,-57,475,2850,5,142.44,2991.3,0731083,602,J.D.LOGISTICS,RATAN BHAI
1039,10/04/2026,379,MANIBHADRA TRADELINK,V R PAWAR SAREES,ESHNA,SUCHITRA SILK MILLS PVT LTD,540754,8,0,545,2,2,-87.2,545,4360,5,217.91,4576.17,0731083,602,J.D.LOGISTICS,RATAN BHAI
1040,10/04/2026,379,MANIBHADRA TRADELINK,V R PAWAR SAREES,KHILONA,SUCHITRA SILK MILLS PVT LTD,540754,12,0,550,2,2,-132,550,6600,5,329.87,6927.23,0731083,602,J.D.LOGISTICS,RATAN BHAI
1041,10/04/2026,379,MANIBHADRA TRADELINK,V R PAWAR SAREES,ANIRUDDH,SUCHITRA SILK MILLS PVT LTD,540754,24,0,565,2,2,-271.2,565,13560,5,677.73,14232.31,0731083,602,J.D.LOGISTICS,RATAN BHAI
1042,10/04/2026,379,MANIBHADRA TRADELINK,V R PAWAR SAREES,MUSKAAN,SUCHITRA SILK MILLS PVT LTD,540754,12,0,455,2,2,-109.2,455,5460,5,272.89,5730.71,0731083,602,J.D.LOGISTICS,RATAN BHAI
1043,10/04/2026,380,MANIBHADRA TRADELINK,V R PAWAR SAREES,DIVYAM,SHIVA SAREES,540754,12,0,790,2,2,-189.6,790,9480,5,473.81,9950.02,0730627,296,J.D.LOGISTICS,AMAR BHAI
1044,10/04/2026,380,MANIBHADRA TRADELINK,V R PAWAR SAREES,RADHA,SHIVA SAREES,540754,12,0,990,2,2,-237.6,990,11880,5,593.76,12469.01,0730627,296,J.D.LOGISTICS,AMAR BHAI
1045,10/04/2026,380,MANIBHADRA TRADELINK,V R PAWAR SAREES,RUBY,SHIVA SAREES,540754,12,0,990,2,2,-237.6,990,11880,5,593.76,12469.01,0730627,296,J.D.LOGISTICS,AMAR BHAI
1046,10/04/2026,380,MANIBHADRA TRADELINK,V R PAWAR SAREES,TRIPTI,SHIVA SAREES,540754,12,0,1090,2,2,-261.6,1090,13080,5,653.74,13728.51,0730627,296,J.D.LOGISTICS,AMAR BHAI
1047,10/04/2026,381,MANIBHADRA TRADELINK,V R PAWAR SAREES,ROCK STAR,SURIYA PRINT,540754,39,0,515,2,2,-401.7,515,20085,5,1003.85,21080.82,0730644,45,J.D.LOGISTICS,AMAR BHAI
1048,10/04/2026,381,MANIBHADRA TRADELINK,V R PAWAR SAREES,SUN FLOWER,SURIYA PRINT,540754,40,0,411,2,2,-328.8,411,16440,5,821.67,17255.09,0730644,45,J.D.LOGISTICS,AMAR BHAI
1049,10/04/2026,382,MANIBHADRA TRADELINK,V R PAWAR SAREES,NEW GANGA,SAI CREATION,540754,68,0,285,2,2,-387.6,285,19380,5,968.61,20340.86,0730904,92,J.D.LOGISTICS,AMAR BHAI
1050,10/04/2026,383,MANIBHADRA TRADELINK,V R PAWAR SAREES,NEW GANGA,SAI CREATION,540754,72,0,285,2,2,-410.4,285,20520,5,1025.59,21537.38,0730903,93,J.D.LOGISTICS,AMAR BHAI
1051,10/04/2026,384,MANIBHADRA TRADELINK,V R PAWAR SAREES,CHANDNI,B. SUMIT & CO.,540754,72,0,280,2,2,-403.2,280,20160,5,1007.6,21159.54,0730452,214,J.D.LOGISTICS,AMAR BHAI
1052,10/04/2026,385,MANIBHADRA TRADELINK,V R PAWAR SAREES,CHANDNI,B. SUMIT & CO.,540754,72,0,280,2,2,-403.2,280,20160,5,1007.6,21159.54,0730451,215,J.D.LOGISTICS,AMAR BHAI
1053,10/04/2026,386,MANIBHADRA TRADELINK,V R PAWAR SAREES,CHANDNI,B. SUMIT & CO.,540754,72,0,280,2,2,-403.2,280,20160,5,1007.6,21159.54,0730453,216,J.D.LOGISTICS,AMAR BHAI
1054,10/04/2026,387,MANIBHADRA TRADELINK,V R PAWAR SAREES,CHANDNI,B. SUMIT & CO.,540754,72,0,280,2,2,-403.2,280,20160,5,1007.6,21159.54,0730450,217,J.D.LOGISTICS,AMAR BHAI
1055,10/04/2026,388,MANIBHADRA TRADELINK,V R PAWAR SAREES,CHANDNI,B. SUMIT & CO.,540754,72,0,280,2,2,-403.2,280,20160,5,1007.6,21159.54,0730454,218,J.D.LOGISTICS,AMAR BHAI
1056,10/04/2026,389,MANIBHADRA TRADELINK,V R PAWAR SAREES,20029,ZIRR,540754,5,0,1400,2,2,-140,1400,7000,5,349.86,7347.06,0730242,481,J.D.LOGISTICS,RATAN BHAI
1057,10/04/2026,389,MANIBHADRA TRADELINK,V R PAWAR SAREES,20217,ZIRR,540754,3,0,1400,2,2,-84,1400,4200,5,209.92,4408.24,0730242,481,J.D.LOGISTICS,RATAN BHAI
1058,10/04/2026,389,MANIBHADRA TRADELINK,V R PAWAR SAREES,20360,ZIRR,540754,1,0,1695,2,2,-33.9,1695,1695,5,84.72,1779.04,0730242,481,J.D.LOGISTICS,RATAN BHAI
1059,10/04/2026,389,MANIBHADRA TRADELINK,V R PAWAR SAREES,ZL49,ZIRR,540754,1,0,1695,2,2,-33.9,1695,1695,5,84.72,1779.04,0730242,481,J.D.LOGISTICS,RATAN BHAI
1060,10/04/2026,389,MANIBHADRA TRADELINK,V R PAWAR SAREES,ZL51,ZIRR,540754,1,0,1695,2,2,-33.9,1695,1695,5,84.72,1779.04,0730242,481,J.D.LOGISTICS,RATAN BHAI
1061,10/04/2026,389,MANIBHADRA TRADELINK,V R PAWAR SAREES,1606,ZIRR,630790,4,0,3295,2,2,-263.6,3295,13180,18,2371.45,15546.18,0730242,481,J.D.LOGISTICS,RATAN BHAI
1062,10/04/2026,389,MANIBHADRA TRADELINK,V R PAWAR SAREES,1617,ZIRR,630790,1,0,4695,2,2,-93.9,4695,4695,18,844.76,5537.88,0730242,481,J.D.LOGISTICS,RATAN BHAI
1063,10/04/2026,389,MANIBHADRA TRADELINK,V R PAWAR SAREES,1618,ZIRR,630790,1,0,4695,2,2,-93.9,4695,4695,18,844.76,5537.88,0730242,481,J.D.LOGISTICS,RATAN BHAI
1064,10/04/2026,390,MANIBHADRA TRADELINK,V R PAWAR SAREES,1013,ZIRR,630790,4,0,2795,2,2,-223.6,2795,11180,18,2011.6,13187.13,0730243,482,J.D.LOGISTICS,RATAN BHAI
1065,10/04/2026,390,MANIBHADRA TRADELINK,V R PAWAR SAREES,1190,ZIRR,540754,1,0,1295,2,2,-25.9,1295,1295,5,64.72,1359.2,0730243,482,J.D.LOGISTICS,RATAN BHAI
1066,10/04/2026,390,MANIBHADRA TRADELINK,V R PAWAR SAREES,1230,ZIRR,630790,1,0,3295,2,2,-65.9,3295,3295,18,592.86,3886.54,0730243,482,J.D.LOGISTICS,RATAN BHAI
1067,10/04/2026,390,MANIBHADRA TRADELINK,V R PAWAR SAREES,1470,ZIRR,630790,3,0,8595,2,2,-515.7,8595,25785,18,4639.44,30414.12,0730243,482,J.D.LOGISTICS,RATAN BHAI
1068,10/04/2026,390,MANIBHADRA TRADELINK,V R PAWAR SAREES,1614,ZIRR,630790,1,0,4695,2,2,-93.9,4695,4695,18,844.76,5537.88,0730243,482,J.D.LOGISTICS,RATAN BHAI
1069,10/04/2026,390,MANIBHADRA TRADELINK,V R PAWAR SAREES,1616,ZIRR,630790,1,0,4695,2,2,-93.9,4695,4695,18,844.76,5537.88,0730243,482,J.D.LOGISTICS,RATAN BHAI
1070,10/04/2026,391,MANIBHADRA TRADELINK,V R PAWAR SAREES,CRYSTAL SIROSKI,VEERVAANI SAREES,540754,72,0,375,2,2.5,-675,375,27000,5,1342.58,28194.08,0730761,15,J.D.LOGISTICS,AMAR BHAI
1071,10/04/2026,392,MANIBHADRA TRADELINK,V R PAWAR SAREES,SIMRAN,VEERVAANI SAREES,540754,15,0,411,2,2.5,-154.13,411,6165,5,306.55,6437.64,0730762,16,J.D.LOGISTICS,AMAR BHAI
1072,10/04/2026,392,MANIBHADRA TRADELINK,V R PAWAR SAREES,B PATCH,VEERVAANI SAREES,540754,37,0,525,2,2.5,-485.63,525,19425,5,965.91,20284.08,0730762,16,J.D.LOGISTICS,AMAR BHAI
1073,10/04/2026,392,MANIBHADRA TRADELINK,V R PAWAR SAREES,ANKUSH,VEERVAANI SAREES,540754,16,0,450,2,2.5,-180,450,7200,5,358.02,7518.42,0730762,16,J.D.LOGISTICS,AMAR BHAI
1074,10/04/2026,393,MANIBHADRA TRADELINK,V R PAWAR SAREES,SARA,ABHIRANG TEXTILES,540754,145,0,153,2,2,-443.7,153,22185,5,1108.81,23284.94,0730525,105,J.D.LOGISTICS,AMAR BHAI
1075,10/04/2026,394,MANIBHADRA TRADELINK,V R PAWAR SAREES,SARA,ABHIRANG TEXTILES,540754,144,0,153,2,2,-440.64,153,22032,5,1101.16,23124.35,0730526,106,J.D.LOGISTICS,AMAR BHAI
1076,10/04/2026,395,MANIBHADRA TRADELINK,V R PAWAR SAREES,SARA,ABHIRANG TEXTILES,540754,144,0,153,2,2,-440.64,153,22032,5,1101.16,23124.35,0730527,107,J.D.LOGISTICS,AMAR BHAI
1077,10/04/2026,396,MANIBHADRA TRADELINK,V R PAWAR SAREES,SARA,ABHIRANG TEXTILES,540754,144,0,153,2,2,-440.64,153,22032,5,1101.16,23124.35,0730524,108,J.D.LOGISTICS,AMAR BHAI
1078,10/04/2026,397,MANIBHADRA TRADELINK,V R PAWAR SAREES,RANG SHRINGAAR,AAI ANANDA SYNTEX,540754,96,0,340,2,3,-979.2,340,32640,5,1614.7,33908.72,0730481,478,J.D.LOGISTICS,AMAR BHAI
1079,10/04/2026,398,MANIBHADRA TRADELINK,V R PAWAR SAREES,RANG SHRINGAAR,AAI ANANDA SYNTEX,540754,96,0,340,2,3,-979.2,340,32640,5,1614.7,33908.72,0730435,479,J.D.LOGISTICS,AMAR BHAI
1080,10/04/2026,399,MANIBHADRA TRADELINK,V R PAWAR SAREES,RANG SHRINGAAR,AAI ANANDA SYNTEX,540754,96,0,340,2,3,-979.2,340,32640,5,1614.7,33908.72,0730434,480,J.D.LOGISTICS,AMAR BHAI
1081,10/04/2026,400,MANIBHADRA TRADELINK,V R PAWAR SAREES,RANG SHRINGAAR,AAI ANANDA SYNTEX,540754,96,0,340,2,3,-979.2,340,32640,5,1614.7,33908.72,0730436,481,J.D.LOGISTICS,AMAR BHAI
1082,10/04/2026,401,MANIBHADRA TRADELINK,V R PAWAR SAREES,DEVKI NANDAN 6,CAUL FASHION,630790,2,0,11500,2,5,-1150,11500,23000,18,4011.66,26298.66,0730588,218,J.D.LOGISTICS,RATAN BHAI
1083,10/04/2026,401,MANIBHADRA TRADELINK,V R PAWAR SAREES,DEVKI NANDAN 7,CAUL FASHION,630790,2,0,10950,2,5,-1095,10950,21900,18,3819.8,25040.9,0730588,218,J.D.LOGISTICS,RATAN BHAI
1084,10/04/2026,401,MANIBHADRA TRADELINK,V R PAWAR SAREES,DEVKI NANDAN DD,CAUL FASHION,630790,2,0,10950,2,5,-1095,10950,21900,18,3819.8,25040.9,0730588,218,J.D.LOGISTICS,RATAN BHAI
1085,10/04/2026,402,MANIBHADRA TRADELINK,V R PAWAR SAREES,MAURVI NANDAN 7,CAUL FASHION,630790,3,0,9850,2,5,-1477.5,9850,29550,18,5154.11,33788.06,0730584,219,J.D.LOGISTICS,RATAN BHAI
1086,10/04/2026,402,MANIBHADRA TRADELINK,V R PAWAR SAREES,DEVKI NANDAN 3,CAUL FASHION,630790,3,0,10950,2,5,-1642.5,10950,32850,18,5729.7,37561.35,0730584,219,J.D.LOGISTICS,RATAN BHAI
1087,10/04/2026,403,MANIBHADRA TRADELINK,V R PAWAR SAREES,MAURVI NANDAN 6,CAUL FASHION,630790,3,0,9850,2,5,-1477.5,9850,29550,18,5154.11,33788.06,0730585,220,J.D.LOGISTICS,RATAN BHAI
1088,10/04/2026,403,MANIBHADRA TRADELINK,V R PAWAR SAREES,MAURVI NANDAN 1,CAUL FASHION,630790,3,0,8290,2,5,-1243.5,8290,24870,18,4337.83,28436.86,0730585,220,J.D.LOGISTICS,RATAN BHAI
1089,10/04/2026,404,MANIBHADRA TRADELINK,V R PAWAR SAREES,NARAYAN IDKAL SILK,JAY MAHAVIR SAREE,540754,80,0,399,2,4,-1276.8,399,31920,5,1562.8,32818.86,0730492,352,J.D.LOGISTICS,RISHIKESH
1090,10/04/2026,405,MANIBHADRA TRADELINK,V R PAWAR SAREES,DOLPHIN SILK,JAY MAHAVIR SAREE,540754,80,0,411,2,4,-1315.2,411,32880,5,1609.81,33805.91,0730491,353,J.D.LOGISTICS,RISHIKESH
1091,10/04/2026,406,MANIBHADRA TRADELINK,V R PAWAR SAREES,RASMALAI SILK,SHYAM SILK MILLS,540754,120,0,280,2,2,-672,280,33600,5,1679.33,35265.89,0731583,32,J.D.LOGISTICS,RISHIKESH
1092,10/04/2026,407,MANIBHADRA TRADELINK,V R PAWAR SAREES,RASMALAI SILK,SHYAM SILK MILLS,540754,120,0,280,2,2,-672,280,33600,5,1679.33,35265.89,0731580,33,J.D.LOGISTICS,RISHIKESH
1093,10/04/2026,408,MANIBHADRA TRADELINK,V R PAWAR SAREES,RASMALAI SILK,SHYAM SILK MILLS,540754,120,0,280,2,2,-672,280,33600,5,1679.33,35265.89,0731584,34,J.D.LOGISTICS,RISHIKESH
1094,10/04/2026,409,MANIBHADRA TRADELINK,V R PAWAR SAREES,RASMALAI SILK,SHYAM SILK MILLS,540754,120,0,280,2,2,-672,280,33600,5,1679.33,35265.89,0731582,35,J.D.LOGISTICS,RISHIKESH
1095,10/04/2026,410,MANIBHADRA TRADELINK,V R PAWAR SAREES,RASMALAI SILK,SHYAM SILK MILLS,540754,120,0,280,2,2,-672,280,33600,5,1679.33,35265.89,0731585,31,J.D.LOGISTICS,RISHIKESH
1096,10/04/2026,411,MANIBHADRA TRADELINK,V R PAWAR SAREES,17860,YASH CREATION,540754,5,0,2695,2,5,-673.75,2695,13475,5,652.86,13710.14,0731012,215,J.D.LOGISTICS,RATAN BHAI
1097,10/04/2026,411,MANIBHADRA TRADELINK,V R PAWAR SAREES,17579,YASH CREATION,540754,5,0,3495,2,5,-873.75,3495,17475,5,846.66,17779.94,0731012,215,J.D.LOGISTICS,RATAN BHAI
1098,10/04/2026,411,MANIBHADRA TRADELINK,V R PAWAR SAREES,17554,YASH CREATION,540754,5,0,3095,2,5,-773.75,3095,15475,5,749.76,15745.04,0731012,215,J.D.LOGISTICS,RATAN BHAI
1099,10/04/2026,411,MANIBHADRA TRADELINK,V R PAWAR SAREES,16775,YASH CREATION,540754,4,0,3495,2,5,-699,3495,13980,5,677.33,14223.95,0731012,215,J.D.LOGISTICS,RATAN BHAI
1100,10/04/2026,411,MANIBHADRA TRADELINK,V R PAWAR SAREES,17937,YASH CREATION,540754,5,0,1495,2,5,-373.75,1495,7475,5,362.16,7605.43,0731012,215,J.D.LOGISTICS,RATAN BHAI
1101,10/04/2026,411,MANIBHADRA TRADELINK,V R PAWAR SAREES,17926,YASH CREATION,540754,5,0,2950,2,5,-737.5,2950,14750,5,714.64,15007.39,0731012,215,J.D.LOGISTICS,RATAN BHAI
1102,10/04/2026,411,MANIBHADRA TRADELINK,V R PAWAR SAREES,17608,YASH CREATION,540754,4,0,1495,2,5,-299,1495,5980,5,289.73,6084.35,0731012,215,J.D.LOGISTICS,RATAN BHAI
1103,10/04/2026,411,MANIBHADRA TRADELINK,V R PAWAR SAREES,17924,YASH CREATION,540754,5,0,2995,2,5,-748.75,2995,14975,5,725.54,15236.31,0731012,215,J.D.LOGISTICS,RATAN BHAI
1104,10/04/2026,411,MANIBHADRA TRADELINK,V R PAWAR SAREES,17927,YASH CREATION,540754,5,0,3250,2,5,-812.5,3250,16250,5,787.31,16533.56,0731012,215,J.D.LOGISTICS,RATAN BHAI
1105,10/04/2026,411,MANIBHADRA TRADELINK,V R PAWAR SAREES,17933,YASH CREATION,540754,5,0,2095,2,5,-523.75,2095,10475,5,507.51,10657.78,0731012,215,J.D.LOGISTICS,RATAN BHAI
1106,10/04/2026,412,MANIBHADRA TRADELINK,V R PAWAR SAREES,17416,YASH CREATION,540754,5,0,3695,2,5,-923.75,3695,18475,5,895.11,18797.39,0731011,216,J.D.LOGISTICS,RATAN BHAI
1107,10/04/2026,412,MANIBHADRA TRADELINK,V R PAWAR SAREES,17490,YASH CREATION,540754,4,0,3795,2,5,-759,3795,15180,5,735.47,15444.89,0731011,216,J.D.LOGISTICS,RATAN BHAI
1108,10/04/2026,412,MANIBHADRA TRADELINK,V R PAWAR SAREES,17930,YASH CREATION,540754,4,0,2795,2,5,-559,2795,11180,5,541.67,11375.09,0731011,216,J.D.LOGISTICS,RATAN BHAI
1109,10/04/2026,412,MANIBHADRA TRADELINK,V R PAWAR SAREES,17562,YASH CREATION,540754,5,0,3295,2,5,-823.75,3295,16475,5,798.21,16762.49,0731011,216,J.D.LOGISTICS,RATAN BHAI
1110,10/04/2026,412,MANIBHADRA TRADELINK,V R PAWAR SAREES,17791,YASH CREATION,540754,5,0,2595,2,5,-648.75,2595,12975,5,628.64,13201.42,0731011,216,J.D.LOGISTICS,RATAN BHAI
1111,10/04/2026,412,MANIBHADRA TRADELINK,V R PAWAR SAREES,17495,YASH CREATION,540754,4,0,3995,2,5,-799,3995,15980,5,774.23,16258.85,0731011,216,J.D.LOGISTICS,RATAN BHAI
1112,10/04/2026,412,MANIBHADRA TRADELINK,V R PAWAR SAREES,17628,YASH CREATION,540754,4,0,3995,2,5,-799,3995,15980,5,774.23,16258.85,0731011,216,J.D.LOGISTICS,RATAN BHAI
1113,10/04/2026,412,MANIBHADRA TRADELINK,V R PAWAR SAREES,17743,YASH CREATION,540754,5,0,2895,2,5,-723.75,2895,14475,5,701.31,14727.59,0731011,216,J.D.LOGISTICS,RATAN BHAI
1114,10/04/2026,412,MANIBHADRA TRADELINK,V R PAWAR SAREES,16970,YASH CREATION,540754,6,0,2495,2,5,-748.5,2495,14970,5,725.3,15231.23,0731011,216,J.D.LOGISTICS,RATAN BHAI
1115,10/04/2026,412,MANIBHADRA TRADELINK,V R PAWAR SAREES,17810,YASH CREATION,540754,5,0,2095,2,5,-523.75,2095,10475,5,507.51,10657.79,0731011,216,J.D.LOGISTICS,RATAN BHAI
1116,10/04/2026,413,MANIBHADRA TRADELINK,V R PAWAR SAREES,17929,YASH CREATION,540754,5,0,2595,2,5,-648.75,2595,12975,5,628.64,13201.42,0731018,217,J.D.LOGISTICS,RATAN BHAI
1117,10/04/2026,413,MANIBHADRA TRADELINK,V R PAWAR SAREES,17807,YASH CREATION,540754,5,0,3295,2,5,-823.75,3295,16475,5,798.21,16762.49,0731018,217,J.D.LOGISTICS,RATAN BHAI
1118,10/04/2026,413,MANIBHADRA TRADELINK,V R PAWAR SAREES,17472,YASH CREATION,540754,6,0,3795,2,5,-1138.5,3795,22770,5,1103.21,23167.34,0731018,217,J.D.LOGISTICS,RATAN BHAI
1119,10/04/2026,413,MANIBHADRA TRADELINK,V R PAWAR SAREES,17752,YASH CREATION,540754,4,0,2995,2,5,-599,2995,11980,5,580.43,12189.05,0731018,217,J.D.LOGISTICS,RATAN BHAI
1120,10/04/2026,413,MANIBHADRA TRADELINK,V R PAWAR SAREES,17537,YASH CREATION,540754,5,0,3295,2,5,-823.75,3295,16475,5,798.21,16762.49,0731018,217,J.D.LOGISTICS,RATAN BHAI
1121,10/04/2026,413,MANIBHADRA TRADELINK,V R PAWAR SAREES,17742,YASH CREATION,540754,5,0,2750,2,5,-687.5,2750,13750,5,666.19,13989.94,0731018,217,J.D.LOGISTICS,RATAN BHAI
1122,10/04/2026,413,MANIBHADRA TRADELINK,V R PAWAR SAREES,17724,YASH CREATION,540754,4,0,3395,2,5,-679,3395,13580,5,657.95,13816.97,0731018,217,J.D.LOGISTICS,RATAN BHAI
1123,10/04/2026,413,MANIBHADRA TRADELINK,V R PAWAR SAREES,17287,YASH CREATION,540754,5,0,3595,2,5,-898.75,3595,17975,5,870.89,18288.67,0731018,217,J.D.LOGISTICS,RATAN BHAI
1124,10/04/2026,413,MANIBHADRA TRADELINK,V R PAWAR SAREES,17632,YASH CREATION,540754,5,0,3595,2,5,-898.75,3595,17975,5,870.89,18288.67,0731018,217,J.D.LOGISTICS,RATAN BHAI
1125,10/04/2026,414,MANIBHADRA TRADELINK,V R PAWAR SAREES,17715,YASH CREATION,540754,4,0,3595,2,5,-719,3595,14380,5,696.71,14630.93,0731016,218,J.D.LOGISTICS,RATAN BHAI
1126,10/04/2026,414,MANIBHADRA TRADELINK,V R PAWAR SAREES,17631,YASH CREATION,540754,4,0,3295,2,5,-659,3295,13180,5,638.57,13409.99,0731016,218,J.D.LOGISTICS,RATAN BHAI
1127,10/04/2026,414,MANIBHADRA TRADELINK,V R PAWAR SAREES,17262,YASH CREATION,540754,6,0,2795,2,5,-838.5,2795,16770,5,812.51,17062.64,0731016,218,J.D.LOGISTICS,RATAN BHAI
1128,10/04/2026,414,MANIBHADRA TRADELINK,V R PAWAR SAREES,17850,YASH CREATION,540754,7,0,3195,2,5,-1118.25,3195,22365,5,1083.58,22755.27,0731016,218,J.D.LOGISTICS,RATAN BHAI
1129,10/04/2026,414,MANIBHADRA TRADELINK,V R PAWAR SAREES,17979,YASH CREATION,540754,4,0,4250,2,5,-850,4250,17000,5,823.65,17296.65,0731016,218,J.D.LOGISTICS,RATAN BHAI
1130,10/04/2026,414,MANIBHADRA TRADELINK,V R PAWAR SAREES,17899,YASH CREATION,540754,3,0,3295,2,5,-494.25,3295,9885,5,478.93,10057.5,0731016,218,J.D.LOGISTICS,RATAN BHAI
1131,10/04/2026,414,MANIBHADRA TRADELINK,V R PAWAR SAREES,16780,YASH CREATION,540754,5,0,3795,2,5,-948.75,3795,18975,5,919.34,19306.12,0731016,218,J.D.LOGISTICS,RATAN BHAI
1132,10/04/2026,414,MANIBHADRA TRADELINK,V R PAWAR SAREES,17641,YASH CREATION,540754,4,0,3750,2,5,-750,3750,15000,5,726.75,15261.75,0731016,218,J.D.LOGISTICS,RATAN BHAI
1133,10/04/2026,414,MANIBHADRA TRADELINK,V R PAWAR SAREES,17551,YASH CREATION,540754,5,0,3850,2,5,-962.5,3850,19250,5,932.66,19585.91,0731016,218,J.D.LOGISTICS,RATAN BHAI
1134,10/04/2026,415,MANIBHADRA TRADELINK,V R PAWAR SAREES,17852,YASH CREATION,540754,5,0,3295,2,5,-823.75,3295,16475,5,798.21,16762.49,0731014,219,J.D.LOGISTICS,RATAN BHAI
1135,10/04/2026,415,MANIBHADRA TRADELINK,V R PAWAR SAREES,17630,YASH CREATION,540754,5,0,2995,2,5,-748.75,2995,14975,5,725.54,15236.32,0731014,219,J.D.LOGISTICS,RATAN BHAI
1136,10/04/2026,415,MANIBHADRA TRADELINK,V R PAWAR SAREES,17552,YASH CREATION,540754,5,0,3850,2,5,-962.5,3850,19250,5,932.66,19585.91,0731014,219,J.D.LOGISTICS,RATAN BHAI
1137,10/04/2026,415,MANIBHADRA TRADELINK,V R PAWAR SAREES,17550,YASH CREATION,540754,6,0,3495,2,5,-1048.5,3495,20970,5,1016,21335.93,0731014,219,J.D.LOGISTICS,RATAN BHAI
1138,10/04/2026,415,MANIBHADRA TRADELINK,V R PAWAR SAREES,16366,YASH CREATION,540754,4,0,3995,2,5,-799,3995,15980,5,774.23,16258.85,0731014,219,J.D.LOGISTICS,RATAN BHAI
1139,10/04/2026,415,MANIBHADRA TRADELINK,V R PAWAR SAREES,17925,YASH CREATION,540754,5,0,2995,2,5,-748.75,2995,14975,5,725.54,15236.32,0731014,219,J.D.LOGISTICS,RATAN BHAI
1140,10/04/2026,415,MANIBHADRA TRADELINK,V R PAWAR SAREES,17475,YASH CREATION,540754,7,0,3395,2,5,-1188.25,3395,23765,5,1151.41,24179.69,0731014,219,J.D.LOGISTICS,RATAN BHAI
1141,10/04/2026,415,MANIBHADRA TRADELINK,V R PAWAR SAREES,17917,YASH CREATION,540754,4,0,2195,2,5,-439,2195,8780,5,425.39,8933.21,0731014,219,J.D.LOGISTICS,RATAN BHAI
1142,10/04/2026,415,MANIBHADRA TRADELINK,V R PAWAR SAREES,17342,YASH CREATION,540754,4,0,2295,2,5,-459,2295,9180,5,444.77,9340.19,0731014,219,J.D.LOGISTICS,RATAN BHAI
1143,10/04/2026,416,MANIBHADRA TRADELINK,V R PAWAR SAREES,17997,YASH CREATION,540754,6,0,2995,2,5,-898.5,2995,17970,5,870.65,18283.58,0731017,220,J.D.LOGISTICS,RATAN BHAI
1144,10/04/2026,416,MANIBHADRA TRADELINK,V R PAWAR SAREES,17006,YASH CREATION,540754,5,0,3750,2,5,-937.5,3750,18750,5,908.44,19077.19,0731017,220,J.D.LOGISTICS,RATAN BHAI
1145,10/04/2026,416,MANIBHADRA TRADELINK,V R PAWAR SAREES,18013,YASH CREATION,540754,6,0,3995,2,5,-1198.5,3995,23970,5,1161.35,24388.28,0731017,220,J.D.LOGISTICS,RATAN BHAI
1146,10/04/2026,416,MANIBHADRA TRADELINK,V R PAWAR SAREES,17862,YASH CREATION,540754,5,0,3095,2,5,-773.75,3095,15475,5,749.76,15745.04,0731017,220,J.D.LOGISTICS,RATAN BHAI
1147,10/04/2026,416,MANIBHADRA TRADELINK,V R PAWAR SAREES,17699,YASH CREATION,540754,5,0,2650,2,5,-662.5,2650,13250,5,641.96,13481.21,0731017,220,J.D.LOGISTICS,RATAN BHAI
1148,10/04/2026,416,MANIBHADRA TRADELINK,V R PAWAR SAREES,16558,YASH CREATION,540754,4,0,3995,2,5,-799,3995,15980,5,774.23,16258.85,0731017,220,J.D.LOGISTICS,RATAN BHAI
1149,10/04/2026,416,MANIBHADRA TRADELINK,V R PAWAR SAREES,17429,YASH CREATION,540754,6,0,3350,2,5,-1005,3350,20100,5,973.85,20450.75,0731017,220,J.D.LOGISTICS,RATAN BHAI
1150,10/04/2026,416,MANIBHADRA TRADELINK,V R PAWAR SAREES,17866,YASH CREATION,540754,5,0,2750,2,5,-687.5,2750,13750,5,666.19,13989.94,0731017,220,J.D.LOGISTICS,RATAN BHAI
1151,10/04/2026,417,MANIBHADRA TRADELINK,V R PAWAR SAREES,18004,YASH CREATION,540754,5,0,3495,2,5,-873.75,3495,17475,5,846.66,17779.94,0731015,221,J.D.LOGISTICS,RATAN BHAI
1152,10/04/2026,417,MANIBHADRA TRADELINK,V R PAWAR SAREES,17611,YASH CREATION,540754,5,0,3750,2,5,-937.5,3750,18750,5,908.44,19077.19,0731015,221,J.D.LOGISTICS,RATAN BHAI
1153,10/04/2026,417,MANIBHADRA TRADELINK,V R PAWAR SAREES,17289,YASH CREATION,540754,4,0,2295,2,5,-459,2295,9180,5,444.77,9340.19,0731015,221,J.D.LOGISTICS,RATAN BHAI
1154,10/04/2026,417,MANIBHADRA TRADELINK,V R PAWAR SAREES,17635,YASH CREATION,540754,4,0,2995,2,5,-599,2995,11980,5,580.43,12189.05,0731015,221,J.D.LOGISTICS,RATAN BHAI
1155,10/04/2026,417,MANIBHADRA TRADELINK,V R PAWAR SAREES,16821,YASH CREATION,540754,6,0,2995,2,5,-898.5,2995,17970,5,870.65,18283.58,0731015,221,J.D.LOGISTICS,RATAN BHAI
1156,10/04/2026,417,MANIBHADRA TRADELINK,V R PAWAR SAREES,16566,YASH CREATION,540754,5,0,3995,2,5,-998.75,3995,19975,5,967.79,20323.57,0731015,221,J.D.LOGISTICS,RATAN BHAI
1157,10/04/2026,417,MANIBHADRA TRADELINK,V R PAWAR SAREES,17768,YASH CREATION,540754,5,0,3095,2,5,-773.75,3095,15475,5,749.76,15745.04,0731015,221,J.D.LOGISTICS,RATAN BHAI
1158,10/04/2026,417,MANIBHADRA TRADELINK,V R PAWAR SAREES,17039,YASH CREATION,540754,4,0,4295,2,5,-859,4295,17180,5,832.37,17479.79,0731015,221,J.D.LOGISTICS,RATAN BHAI
1159,10/04/2026,417,MANIBHADRA TRADELINK,V R PAWAR SAREES,18003,YASH CREATION,540754,6,0,3995,2,5,-1198.5,3995,23970,5,1161.35,24388.28,0731015,221,J.D.LOGISTICS,RATAN BHAI
1160,10/04/2026,418,MANIBHADRA TRADELINK,V R PAWAR SAREES,17966,YASH CREATION,540754,6,0,2750,2,5,-825,2750,16500,5,799.43,16787.93,0731010,222,J.D.LOGISTICS,RATAN BHAI
1161,10/04/2026,418,MANIBHADRA TRADELINK,V R PAWAR SAREES,17428,YASH CREATION,540754,6,0,3695,2,5,-1108.5,3695,22170,5,1074.14,22556.87,0731010,222,J.D.LOGISTICS,RATAN BHAI
1162,10/04/2026,418,MANIBHADRA TRADELINK,V R PAWAR SAREES,16241,YASH CREATION,540754,6,0,4595,2,5,-1378.5,4595,27570,5,1335.77,28051.1,0731010,222,J.D.LOGISTICS,RATAN BHAI
1163,10/04/2026,418,MANIBHADRA TRADELINK,V R PAWAR SAREES,17327,YASH CREATION,540754,5,0,3195,2,5,-798.75,3195,15975,5,773.99,16253.77,0731010,222,J.D.LOGISTICS,RATAN BHAI
1164,10/04/2026,418,MANIBHADRA TRADELINK,V R PAWAR SAREES,17851,YASH CREATION,540754,5,0,2995,2,5,-748.75,2995,14975,5,725.54,15236.31,0731010,222,J.D.LOGISTICS,RATAN BHAI
1165,10/04/2026,418,MANIBHADRA TRADELINK,V R PAWAR SAREES,16487,YASH CREATION,540754,4,0,2295,2,5,-459,2295,9180,5,444.77,9340.19,0731010,222,J.D.LOGISTICS,RATAN BHAI
1166,10/04/2026,418,MANIBHADRA TRADELINK,V R PAWAR SAREES,17155,YASH CREATION,540754,4,0,2495,2,5,-499,2495,9980,5,483.53,10154.15,0731010,222,J.D.LOGISTICS,RATAN BHAI
1167,10/04/2026,418,MANIBHADRA TRADELINK,V R PAWAR SAREES,17079,YASH CREATION,540754,6,0,2650,2,5,-795,2650,15900,5,770.36,16177.46,0731010,222,J.D.LOGISTICS,RATAN BHAI
1168,10/04/2026,419,MANIBHADRA TRADELINK,V R PAWAR SAREES,17499,YASH CREATION,540754,4,0,1495,2,5,-299,1495,5980,5,289.73,6084.35,0731020,223,J.D.LOGISTICS,RATAN BHAI
1169,10/04/2026,419,MANIBHADRA TRADELINK,V R PAWAR SAREES,16991,YASH CREATION,540754,5,0,3750,2,5,-937.5,3750,18750,5,908.44,19077.19,0731020,223,J.D.LOGISTICS,RATAN BHAI
1170,10/04/2026,419,MANIBHADRA TRADELINK,V R PAWAR SAREES,16369,YASH CREATION,540754,3,0,3995,2,5,-599.25,3995,11985,5,580.67,12194.14,0731020,223,J.D.LOGISTICS,RATAN BHAI
1171,10/04/2026,419,MANIBHADRA TRADELINK,V R PAWAR SAREES,17001,YASH CREATION,540754,4,0,3495,2,5,-699,3495,13980,5,677.33,14223.95,0731020,223,J.D.LOGISTICS,RATAN BHAI
1172,10/04/2026,419,MANIBHADRA TRADELINK,V R PAWAR SAREES,16914,YASH CREATION,540754,5,0,2895,2,5,-723.75,2895,14475,5,701.31,14727.59,0731020,223,J.D.LOGISTICS,RATAN BHAI
1173,10/04/2026,419,MANIBHADRA TRADELINK,V R PAWAR SAREES,17048,YASH CREATION,540754,3,0,1750,2,5,-262.5,1750,5250,5,254.36,5341.61,0731020,223,J.D.LOGISTICS,RATAN BHAI
1174,10/04/2026,419,MANIBHADRA TRADELINK,V R PAWAR SAREES,17534,YASH CREATION,540754,5,0,3995,2,5,-998.75,3995,19975,5,967.79,20323.57,0731020,223,J.D.LOGISTICS,RATAN BHAI
1175,10/04/2026,419,MANIBHADRA TRADELINK,V R PAWAR SAREES,17771,YASH CREATION,540754,5,0,2195,2,5,-548.75,2195,10975,5,531.74,11166.52,0731020,223,J.D.LOGISTICS,RATAN BHAI
1176,10/04/2026,419,MANIBHADRA TRADELINK,V R PAWAR SAREES,17491,YASH CREATION,540754,3,0,3295,2,5,-494.25,3295,9885,5,478.93,10057.5,0731020,223,J.D.LOGISTICS,RATAN BHAI
1177,10/04/2026,419,MANIBHADRA TRADELINK,V R PAWAR SAREES,17660,YASH CREATION,540754,4,0,3295,2,5,-659,3295,13180,5,638.57,13409.99,0731020,223,J.D.LOGISTICS,RATAN BHAI
1178,10/04/2026,420,MANIBHADRA TRADELINK,V R PAWAR SAREES,17884,YASH CREATION,540754,5,0,1495,2,5,-373.75,1495,7475,5,362.16,7605.43,0731019,224,J.D.LOGISTICS,RATAN BHAI
1179,10/04/2026,420,MANIBHADRA TRADELINK,V R PAWAR SAREES,17658,YASH CREATION,540754,3,0,3495,2,5,-524.25,3495,10485,5,508,10667.96,0731019,224,J.D.LOGISTICS,RATAN BHAI
1180,10/04/2026,420,MANIBHADRA TRADELINK,V R PAWAR SAREES,17031,YASH CREATION,540754,5,0,3995,2,5,-998.75,3995,19975,5,967.79,20323.56,0731019,224,J.D.LOGISTICS,RATAN BHAI
1181,10/04/2026,420,MANIBHADRA TRADELINK,V R PAWAR SAREES,17048,YASH CREATION,540754,3,0,1750,2,5,-262.5,1750,5250,5,254.36,5341.61,0731019,224,J.D.LOGISTICS,RATAN BHAI
1182,10/04/2026,420,MANIBHADRA TRADELINK,V R PAWAR SAREES,18036,YASH CREATION,540754,5,0,3495,2,5,-873.75,3495,17475,5,846.66,17779.94,0731019,224,J.D.LOGISTICS,RATAN BHAI
1183,10/04/2026,420,MANIBHADRA TRADELINK,V R PAWAR SAREES,17629,YASH CREATION,540754,5,0,3995,2,5,-998.75,3995,19975,5,967.79,20323.56,0731019,224,J.D.LOGISTICS,RATAN BHAI
1184,10/04/2026,420,MANIBHADRA TRADELINK,V R PAWAR SAREES,17458,YASH CREATION,540754,5,0,2950,2,5,-737.5,2950,14750,5,714.64,15007.39,0731019,224,J.D.LOGISTICS,RATAN BHAI
1185,10/04/2026,420,MANIBHADRA TRADELINK,V R PAWAR SAREES,17719,YASH CREATION,540754,3,0,2795,2,5,-419.25,2795,8385,5,406.25,8531.32,0731019,224,J.D.LOGISTICS,RATAN BHAI
1186,10/04/2026,420,MANIBHADRA TRADELINK,V R PAWAR SAREES,17574,YASH CREATION,540754,5,0,3795,2,5,-948.75,3795,18975,5,919.34,19306.12,0731019,224,J.D.LOGISTICS,RATAN BHAI
1187,10/04/2026,420,MANIBHADRA TRADELINK,V R PAWAR SAREES,17729,YASH CREATION,540754,5,0,3195,2,5,-798.75,3195,15975,5,773.99,16253.77,0731019,224,J.D.LOGISTICS,RATAN BHAI
1188,10/04/2026,421,MANIBHADRA TRADELINK,V R PAWAR SAREES,17383,YASH CREATION,540754,5,0,3395,2,5,-848.75,3395,16975,5,822.44,17271.22,0731013,225,J.D.LOGISTICS,RATAN BHAI
1189,10/04/2026,421,MANIBHADRA TRADELINK,V R PAWAR SAREES,16304,YASH CREATION,540754,4,0,1495,2,5,-299,1495,5980,5,289.73,6084.35,0731013,225,J.D.LOGISTICS,RATAN BHAI
1190,10/04/2026,421,MANIBHADRA TRADELINK,V R PAWAR SAREES,17973,YASH CREATION,540754,4,0,3495,2,5,-699,3495,13980,5,677.33,14223.95,0731013,225,J.D.LOGISTICS,RATAN BHAI
1191,10/04/2026,421,MANIBHADRA TRADELINK,V R PAWAR SAREES,17468,YASH CREATION,540754,6,0,2995,2,5,-898.5,2995,17970,5,870.65,18283.58,0731013,225,J.D.LOGISTICS,RATAN BHAI
1192,10/04/2026,421,MANIBHADRA TRADELINK,V R PAWAR SAREES,17661,YASH CREATION,540754,5,0,3495,2,5,-873.75,3495,17475,5,846.66,17779.94,0731013,225,J.D.LOGISTICS,RATAN BHAI
1193,10/04/2026,421,MANIBHADRA TRADELINK,V R PAWAR SAREES,17713,YASH CREATION,540754,5,0,2895,2,5,-723.75,2895,14475,5,701.31,14727.59,0731013,225,J.D.LOGISTICS,RATAN BHAI
1194,10/04/2026,422,MANIBHADRA TRADELINK,V R PAWAR SAREES,17205,SIDDHI FASHION,540754,4,0,4495,2,7,-1258.6,4495,17980,5,852.79,17908.62,0731009,104,J.D.LOGISTICS,RATAN BHAI
1195,10/04/2026,422,MANIBHADRA TRADELINK,V R PAWAR SAREES,17131,SIDDHI FASHION,540754,1,0,4995,2,7,-349.65,4995,4995,5,236.91,4975.17,0731009,104,J.D.LOGISTICS,RATAN BHAI
1196,10/04/2026,422,MANIBHADRA TRADELINK,V R PAWAR SAREES,17356,SIDDHI FASHION,540754,5,0,4995,2,7,-1748.25,4995,24975,5,1184.56,24875.85,0731009,104,J.D.LOGISTICS,RATAN BHAI
1197,10/04/2026,422,MANIBHADRA TRADELINK,V R PAWAR SAREES,17335,SIDDHI FASHION,540754,5,0,4995,2,7,-1748.25,4995,24975,5,1184.56,24875.85,0731009,104,J.D.LOGISTICS,RATAN BHAI
1198,10/04/2026,422,MANIBHADRA TRADELINK,V R PAWAR SAREES,17313,SIDDHI FASHION,540754,4,0,4995,2,7,-1398.6,4995,19980,5,947.65,19900.68,0731009,104,J.D.LOGISTICS,RATAN BHAI
1199,10/04/2026,422,MANIBHADRA TRADELINK,V R PAWAR SAREES,15065,SIDDHI FASHION,540754,3,0,4995,2,7,-1048.95,4995,14985,5,710.74,14925.51,0731009,104,J.D.LOGISTICS,RATAN BHAI
1200,10/04/2026,422,MANIBHADRA TRADELINK,V R PAWAR SAREES,16894,SIDDHI FASHION,540754,4,0,4995,2,7,-1398.6,4995,19980,5,947.65,19900.68,0731009,104,J.D.LOGISTICS,RATAN BHAI
1201,10/04/2026,422,MANIBHADRA TRADELINK,V R PAWAR SAREES,15236,SIDDHI FASHION,540754,2,0,4995,2,7,-699.3,4995,9990,5,473.83,9950.34,0731009,104,J.D.LOGISTICS,RATAN BHAI
1202,10/04/2026,422,MANIBHADRA TRADELINK,V R PAWAR SAREES,15510,SIDDHI FASHION,540754,3,0,4995,2,7,-1048.95,4995,14985,5,710.74,14925.51,0731009,104,J.D.LOGISTICS,RATAN BHAI
1203,10/04/2026,422,MANIBHADRA TRADELINK,V R PAWAR SAREES,15503,SIDDHI FASHION,540754,4,0,4995,2,7,-1398.6,4995,19980,5,947.65,19900.68,0731009,104,J.D.LOGISTICS,RATAN BHAI
1204,10/04/2026,423,MANIBHADRA TRADELINK,V R PAWAR SAREES,CHIFFON,A-ONE TEXTILES,540754,594,0,137,2,2,-1627.56,137,81378,5,4067.27,85412.72,0730707,19,J.D.LOGISTICS,AMAR BHAI
1205,10/04/2026,424,MANIBHADRA TRADELINK,V R PAWAR SAREES,ZILMIL,ROOPLAXMI FASHION,540754,22,0,1125,2,2,-495,1125,24750,5,1237.01,25977.11,0731499,48,J.D.LOGISTICS,RATAN BHAI
1206,10/04/2026,424,MANIBHADRA TRADELINK,V R PAWAR SAREES,LAAVANYA,ROOPLAXMI FASHION,540754,12,0,1395,2,2,-334.8,1395,16740,5,836.67,17569.97,0731499,48,J.D.LOGISTICS,RATAN BHAI
1207,10/04/2026,425,MANIBHADRA TRADELINK,V R PAWAR SAREES,FANCY KRITIKA,SAI AASHA,540754,8,0,1185,2,,,1185,9480,5,483.48,10153.08,0730631,276,J.D.LOGISTICS,RATAN BHAI
1208,10/04/2026,425,MANIBHADRA TRADELINK,V R PAWAR SAREES,FANCY SATRANGI,SAI AASHA,540754,7,0,1845,2,,,1845,12915,5,658.67,13831.97,0730631,276,J.D.LOGISTICS,RATAN BHAI
1209,10/04/2026,425,MANIBHADRA TRADELINK,V R PAWAR SAREES,FANCY RESHMA,SAI AASHA,540754,7,0,1595,2,,,1595,11165,5,569.42,11957.72,0730631,276,J.D.LOGISTICS,RATAN BHAI
1210,10/04/2026,425,MANIBHADRA TRADELINK,V R PAWAR SAREES,DHYANA MANJULA,SAI AASHA,540754,6,0,1995,2,,,1995,11970,5,610.47,12819.87,0730631,276,J.D.LOGISTICS,RATAN BHAI
1211,10/04/2026,425,MANIBHADRA TRADELINK,V R PAWAR SAREES,MALTI MANJULA,SAI AASHA,540754,6,0,2125,2,,,2125,12750,5,650.25,13655.25,0730631,276,J.D.LOGISTICS,RATAN BHAI
1212,10/04/2026,425,MANIBHADRA TRADELINK,V R PAWAR SAREES,SANSILK DARK,SAI AASHA,540754,5,0,1575,2,,,1575,7875,5,401.63,8434.13,0730631,276,J.D.LOGISTICS,RATAN BHAI
1213,10/04/2026,425,MANIBHADRA TRADELINK,V R PAWAR SAREES,FULL KANGAN,SAI AASHA,540754,6,0,1950,2,,,1950,11700,5,596.7,12530.7,0730631,276,J.D.LOGISTICS,RATAN BHAI
1214,11/04/2026,426,MANIBHADRA TRADELINK,V R PAWAR SAREES,MAGIC,SHREE MAHAVIR SYNTHETICS,540754,190,,183,2,2,-695.4,183,34770,5,1737.8,36493.89,0731129,387,J.D.LOGISTICS,AMAR BHAI
1215,11/04/2026,427,MANIBHADRA TRADELINK,V R PAWAR SAREES,FULL SONA,HANUMANTA CREATION,630790,1,,4990,2,5,-249.5,4990,4990,18,870.36,5705.67,0731513,373,J.D.LOGISTICS,RATAN BHAI
1216,11/04/2026,427,MANIBHADRA TRADELINK,V R PAWAR SAREES,SHAILEE,HANUMANTA CREATION,630790,3,,5950,2,5,-892.5,5950,17850,18,3113.4,20410.05,0731513,373,J.D.LOGISTICS,RATAN BHAI
1217,11/04/2026,427,MANIBHADRA TRADELINK,V R PAWAR SAREES,MATSYAKANYA,HANUMANTA CREATION,630790,1,,5350,2,5,-267.5,5350,5350,18,933.15,6117.3,0731513,373,J.D.LOGISTICS,RATAN BHAI
1218,11/04/2026,427,MANIBHADRA TRADELINK,V R PAWAR SAREES,BANGALORE   ,HANUMANTA CREATION,630790,1,,5050,2,5,-252.5,5050,5050,18,880.82,5774.27,0731513,373,J.D.LOGISTICS,RATAN BHAI
1219,11/04/2026,428,MANIBHADRA TRADELINK,V R PAWAR SAREES,MAGICIAN,HANUMANTA CREATION,630790,2,,4850,2,5,-485,4850,9700,18,1691.87,11091.17,0731512,374,J.D.LOGISTICS,RATAN BHAI
1220,11/04/2026,428,MANIBHADRA TRADELINK,V R PAWAR SAREES,TOXIC,HANUMANTA CREATION,630790,1,,4690,2,5,-234.5,4690,4690,18,818.03,5362.64,0731512,374,J.D.LOGISTICS,RATAN BHAI
1221,11/04/2026,428,MANIBHADRA TRADELINK,V R PAWAR SAREES,AARYAN,HANUMANTA CREATION,630790,1,,4850,2,5,-242.5,4850,4850,18,845.94,5545.59,0731512,374,J.D.LOGISTICS,RATAN BHAI
1222,11/04/2026,428,MANIBHADRA TRADELINK,V R PAWAR SAREES,WELL DONE,HANUMANTA CREATION,630790,1,,4150,2,5,-207.5,4150,4150,18,723.84,4745.19,0731512,374,J.D.LOGISTICS,RATAN BHAI
1223,11/04/2026,429,MANIBHADRA TRADELINK,V R PAWAR SAREES,EKANSH,HANUMANTA CREATION,630790,3,,4200,2,5,-630,4200,12600,18,2197.69,14407.09,0731511,375,J.D.LOGISTICS,RATAN BHAI
1224,11/04/2026,429,MANIBHADRA TRADELINK,V R PAWAR SAREES,SHOTTER,HANUMANTA CREATION,630790,3,,4500,2,5,-675,4500,13500,18,2354.67,15436.17,0731511,375,J.D.LOGISTICS,RATAN BHAI
1225,11/04/2026,430,MANIBHADRA TRADELINK,V R PAWAR SAREES,PURE POCHAMPALLY,AAI ANANDA SYNTEX,540754,62,,390,2,3,-725.4,390,24180,5,1196.18,25119.87,0731276,521,J.D.LOGISTICS,AMAR BHAI
1226,11/04/2026,430,MANIBHADRA TRADELINK,V R PAWAR SAREES,SILVER KING,AAI ANANDA SYNTEX,540754,47,,275,2,3,-387.75,275,12925,5,639.4,13427.4,0731276,521,J.D.LOGISTICS,AMAR BHAI
1227,11/04/2026,431,MANIBHADRA TRADELINK,V R PAWAR SAREES,BRITANIA CHEX C,K-7 DESIGNERS,540754,24,,525,2,2,-252,525,12600,5,629.75,13224.71,0731068,76,J.D.LOGISTICS,AMAR BHAI
1228,11/04/2026,431,MANIBHADRA TRADELINK,V R PAWAR SAREES,DOSTI,K-7 DESIGNERS,540754,19,,425,2,2,-161.5,425,8075,5,403.59,8475.36,0731068,76,J.D.LOGISTICS,AMAR BHAI
1229,11/04/2026,431,MANIBHADRA TRADELINK,V R PAWAR SAREES,DISCOUNT A  ,K-7 DESIGNERS,540754,18,,331,2,2,-119.16,331,5958,5,297.78,6253.4,0731068,76,J.D.LOGISTICS,AMAR BHAI
1230,11/04/2026,431,MANIBHADRA TRADELINK,V R PAWAR SAREES,DISCOUNT B,K-7 DESIGNERS,540754,18,,331,2,2,-119.16,331,5958,5,297.78,6253.4,0731068,76,J.D.LOGISTICS,AMAR BHAI
1231,11/04/2026,432,MANIBHADRA TRADELINK,V R PAWAR SAREES,18649,ZIRR,540754,1,,1000,2,2,-20,1000,1000,5,49.98,1049.58,0730975,511,J.D.LOGISTICS,RATAN BHAI
1232,11/04/2026,432,MANIBHADRA TRADELINK,V R PAWAR SAREES,18648,ZIRR,540754,1,,1000,2,2,-20,1000,1000,5,49.98,1049.58,0730975,511,J.D.LOGISTICS,RATAN BHAI
1233,11/04/2026,432,MANIBHADRA TRADELINK,V R PAWAR SAREES,20041,ZIRR,540754,5,,1500,2,2,-150,1500,7500,5,374.85,7871.85,0730975,511,J.D.LOGISTICS,RATAN BHAI
1234,11/04/2026,432,MANIBHADRA TRADELINK,V R PAWAR SAREES,20049,ZIRR,540754,1,,1695,2,2,-33.9,1695,1695,5,84.72,1779.04,0730975,511,J.D.LOGISTICS,RATAN BHAI
1235,11/04/2026,432,MANIBHADRA TRADELINK,V R PAWAR SAREES,20223,ZIRR,540754,3,,1100,2,2,-66,1100,3300,5,164.93,3463.61,0730975,511,J.D.LOGISTICS,RATAN BHAI
1236,11/04/2026,432,MANIBHADRA TRADELINK,V R PAWAR SAREES,20257,ZIRR,540754,3,,1400,2,2,-84,1400,4200,5,209.92,4408.24,0730975,511,J.D.LOGISTICS,RATAN BHAI
1237,11/04/2026,432,MANIBHADRA TRADELINK,V R PAWAR SAREES,20411,ZIRR,540754,3,,1500,2,2,-90,1500,4500,5,224.91,4723.11,0730975,511,J.D.LOGISTICS,RATAN BHAI
1238,11/04/2026,432,MANIBHADRA TRADELINK,V R PAWAR SAREES,RPL714,ZIRR,540754,2,,1195,2,2,-47.8,1195,2390,5,119.45,2508.49,0730975,511,J.D.LOGISTICS,RATAN BHAI
1239,11/04/2026,432,MANIBHADRA TRADELINK,V R PAWAR SAREES,RPL1100,ZIRR,540754,1,,1895,2,2,-37.9,1895,1895,5,94.71,1988.95,0730975,511,J.D.LOGISTICS,RATAN BHAI
1240,11/04/2026,432,MANIBHADRA TRADELINK,V R PAWAR SAREES,ZL53,ZIRR,540754,1,,1695,2,2,-33.9,1695,1695,5,84.72,1779.04,0730975,511,J.D.LOGISTICS,RATAN BHAI
1241,11/04/2026,432,MANIBHADRA TRADELINK,V R PAWAR SAREES,ZL33A,ZIRR,540754,2,,1995,2,2,-79.8,1995,3990,5,199.42,4187.82,0730975,511,J.D.LOGISTICS,RATAN BHAI
1242,11/04/2026,432,MANIBHADRA TRADELINK,V R PAWAR SAREES,RPL1374,ZIRR,540754,1,,1195,2,2,-23.9,1195,1195,5,59.73,1254.25,0730975,511,J.D.LOGISTICS,RATAN BHAI
1243,11/04/2026,432,MANIBHADRA TRADELINK,V R PAWAR SAREES,RPL 1605,ZIRR,630790,4,,3295,2,2,-263.6,3295,13180,18,2371.45,15546.18,0730975,511,J.D.LOGISTICS,RATAN BHAI
1244,11/04/2026,433,MANIBHADRA TRADELINK,V R PAWAR SAREES,NEW GANGA,SAI CREATION,540754,80,,285,2,2,-456,285,22800,5,1139.54,23930.42,0731971,126,J.D.LOGISTICS,AMAR BHAI
1245,11/04/2026,434,MANIBHADRA TRADELINK,V R PAWAR SAREES,NEW GANGA,SAI CREATION,540754,80,,285,2,2,-456,285,22800,5,1139.54,23930.42,0731973,127,J.D.LOGISTICS,AMAR BHAI
1246,11/04/2026,435,MANIBHADRA TRADELINK,V R PAWAR SAREES,NEW GANGA,SAI CREATION,540754,80,,285,2,2,-456,285,22800,5,1139.54,23930.42,0731970,128,J.D.LOGISTICS,AMAR BHAI
1247,11/04/2026,436,MANIBHADRA TRADELINK,V R PAWAR SAREES,NEW GANGA,SAI CREATION,540754,80,,285,2,2,-456,285,22800,5,1139.54,23930.42,0731972,129,J.D.LOGISTICS,AMAR BHAI
1248,11/04/2026,437,MANIBHADRA TRADELINK,V R PAWAR SAREES,NEW GANGA,SAI CREATION,540754,80,,285,2,2,-456,285,22800,5,1139.54,23930.42,0731969,130,J.D.LOGISTICS,AMAR BHAI
1249,11/04/2026,438,MANIBHADRA TRADELINK,V R PAWAR SAREES,5 STAR,VAISHALI SILK MILLS,540754,1600,,14,2,2,-448,14,22400,5,1119.55,23510.59,0731575,38,J.D.LOGISTICS,AMAR BHAI
1250,11/04/2026,439,MANIBHADRA TRADELINK,V R PAWAR SAREES,5 STAR,VAISHALI SILK MILLS,540754,1600,,14,2,2,-448,14,22400,5,1119.55,23510.59,0731573,39,J.D.LOGISTICS,AMAR BHAI
1251,11/04/2026,440,MANIBHADRA TRADELINK,V R PAWAR SAREES,5 STAR,VAISHALI SILK MILLS,540754,1600,,14,2,2,-448,14,22400,5,1119.55,23510.59,0731574,40,J.D.LOGISTICS,AMAR BHAI
1252,11/04/2026,441,MANIBHADRA TRADELINK,V R PAWAR SAREES,5 STAR,VAISHALI SILK MILLS,540754,1600,,14,2,2,-448,14,22400,5,1119.55,23510.59,0731576,41,J.D.LOGISTICS,AMAR BHAI
1253,11/04/2026,442,MANIBHADRA TRADELINK,V R PAWAR SAREES,VELVET 80 CUT,VAISHALI SILK MILLS,540754,150,,59,2,2,-177,59,8850,5,442.32,9288.78,0731572,42,J.D.LOGISTICS,AMAR BHAI
1254,11/04/2026,442,MANIBHADRA TRADELINK,V R PAWAR SAREES,VELVET DAMAN MIROR,VAISHALI SILK MILLS,540754,90,,64,2,2,-115.2,64,5760,5,287.89,6045.59,0731572,42,J.D.LOGISTICS,AMAR BHAI
1255,11/04/2026,442,MANIBHADRA TRADELINK,V R PAWAR SAREES,DRISHYAM,VAISHALI SILK MILLS,540754,50,,46,2,2,-46,46,2300,5,114.95,2414.03,0731572,42,J.D.LOGISTICS,AMAR BHAI
1256,11/04/2026,443,MANIBHADRA TRADELINK,V R PAWAR SAREES,PAWAN W,SAI DESIGNER CREATIVE,540754,4,,1395,2,,,1395,5580,5,284.58,5976.18,0731261,330,J.D.LOGISTICS,RATAN BHAI
1257,11/04/2026,443,MANIBHADRA TRADELINK,V R PAWAR SAREES,KRISHPI,SAI DESIGNER CREATIVE,540754,7,,795,2,,,795,5565,5,283.82,5960.12,0731261,330,J.D.LOGISTICS,RATAN BHAI
1258,11/04/2026,443,MANIBHADRA TRADELINK,V R PAWAR SAREES,SHIVANSH 8,SAI DESIGNER CREATIVE,540754,6,,595,2,,,595,3570,5,182.07,3823.47,0731261,330,J.D.LOGISTICS,RATAN BHAI
1259,11/04/2026,443,MANIBHADRA TRADELINK,V R PAWAR SAREES,MICKU,SAI DESIGNER CREATIVE,540754,5,,1675,2,,,1675,8375,5,427.13,8969.63,0731261,330,J.D.LOGISTICS,RATAN BHAI
1260,11/04/2026,443,MANIBHADRA TRADELINK,V R PAWAR SAREES,DEVANSHI,SAI DESIGNER CREATIVE,540754,5,,1795,2,,,1795,8975,5,457.73,9612.23,0731261,330,J.D.LOGISTICS,RATAN BHAI
1261,11/04/2026,443,MANIBHADRA TRADELINK,V R PAWAR SAREES,HEMA SIROSKY,SAI DESIGNER CREATIVE,540754,5,,925,2,,,925,4625,5,235.88,4953.38,0731261,330,J.D.LOGISTICS,RATAN BHAI
1262,11/04/2026,443,MANIBHADRA TRADELINK,V R PAWAR SAREES,SURMANDIR,SAI DESIGNER CREATIVE,540754,5,,888,2,,,888,4440,5,226.44,4755.24,0731261,330,J.D.LOGISTICS,RATAN BHAI
1263,11/04/2026,443,MANIBHADRA TRADELINK,V R PAWAR SAREES,FRONX,SAI DESIGNER CREATIVE,540754,4,,888,2,,,888,3552,5,181.15,3804.19,0731261,330,J.D.LOGISTICS,RATAN BHAI
1264,11/04/2026,444,MANIBHADRA TRADELINK,V R PAWAR SAREES,MANBHARI,AAI ANANDA SYNTEX,540754,96,,235,2,3,-676.8,235,22560,5,1116.04,23436.9,0731278,552,J.D.LOGISTICS,AMAR BHAI
1265,11/04/2026,445,MANIBHADRA TRADELINK,V R PAWAR SAREES,MANBHARI SILK,AAI ANANDA SYNTEX,540754,96,,235,2,3,-676.8,235,22560,5,1116.04,23436.9,0731275,553,J.D.LOGISTICS,AMAR BHAI
1266,11/04/2026,446,MANIBHADRA TRADELINK,V R PAWAR SAREES,MANBHARI SILK,AAI ANANDA SYNTEX,540754,96,,235,2,3,-676.8,235,22560,5,1116.04,23436.9,0731267,554,J.D.LOGISTICS,AMAR BHAI
1267,11/04/2026,447,MANIBHADRA TRADELINK,V R PAWAR SAREES,MANBHARI SILK,AAI ANANDA SYNTEX,540754,96,,235,2,3,-676.8,235,22560,5,1116.04,23436.9,0731269,555,J.D.LOGISTICS,AMAR BHAI
1268,11/04/2026,448,MANIBHADRA TRADELINK,V R PAWAR SAREES,RAS MALAI SILK,AAI ANANDA SYNTEX,540754,104,,245,2,3,-764.4,245,25480,5,1260.5,26470.41,0731270,563,J.D.LOGISTICS,AMAR BHAI
1269,11/04/2026,449,MANIBHADRA TRADELINK,V R PAWAR SAREES,RAS MALAI SILK,AAI ANANDA SYNTEX,540754,104,,245,2,3,-764.4,245,25480,5,1260.5,26470.41,0731272,565,J.D.LOGISTICS,AMAR BHAI
1270,11/04/2026,450,MANIBHADRA TRADELINK,V R PAWAR SAREES,RAS MALAI SILK,AAI ANANDA SYNTEX,540754,104,,245,2,3,-764.4,245,25480,5,1260.5,26470.41,0731274,566,J.D.LOGISTICS,AMAR BHAI
1271,11/04/2026,451,MANIBHADRA TRADELINK,V R PAWAR SAREES,RAS MALAI SILK,AAI ANANDA SYNTEX,540754,104,,245,2,3,-764.4,245,25480,5,1260.5,26470.41,0731277,567,J.D.LOGISTICS,AMAR BHAI
1272,11/04/2026,452,MANIBHADRA TRADELINK,V R PAWAR SAREES,LINE 2  ,SHYAM TEX,540754,15,,423,2,2,-126.9,423,6345,5,317.12,6659.58,0731243,107,J.D.LOGISTICS,AMAR BHAI
1273,11/04/2026,452,MANIBHADRA TRADELINK,V R PAWAR SAREES,MARKET 1,SHYAM TEX,540754,15,,423,2,2,-126.9,423,6345,5,317.12,6659.58,0731243,107,J.D.LOGISTICS,AMAR BHAI
1274,11/04/2026,452,MANIBHADRA TRADELINK,V R PAWAR SAREES,DELTA 1,SHYAM TEX,540754,15,,423,2,2,-126.9,423,6345,5,317.12,6659.58,0731243,107,J.D.LOGISTICS,AMAR BHAI
1275,11/04/2026,452,MANIBHADRA TRADELINK,V R PAWAR SAREES,DELTA 2,SHYAM TEX,540754,15,,423,2,2,-126.9,423,6345,5,317.12,6659.58,0731243,107,J.D.LOGISTICS,AMAR BHAI
1276,11/04/2026,453,MANIBHADRA TRADELINK,V R PAWAR SAREES,RPL 1208,GAJIWALA SAREES,540754,2,,2495,2,2,-99.8,2495,4990,5,249.4,5237.4,0731547,532,J.D.LOGISTICS,RATAN BHAI
1277,11/04/2026,453,MANIBHADRA TRADELINK,V R PAWAR SAREES,RPL1538,GAJIWALA SAREES,630790,4,,3695,2,2,-295.6,3695,14780,18,2659.34,17433.43,0731547,532,J.D.LOGISTICS,RATAN BHAI
1278,11/04/2026,453,MANIBHADRA TRADELINK,V R PAWAR SAREES,RPL 1539,GAJIWALA SAREES,630790,4,,3695,2,2,-295.6,3695,14780,18,2659.34,17433.43,0731547,532,J.D.LOGISTICS,RATAN BHAI
1279,11/04/2026,454,MANIBHADRA TRADELINK,V R PAWAR SAREES,GANGA PATTU,AAI ANANDA SYNTEX,540754,96,,270,2,3,-777.6,270,25920,5,1282.26,26927.51,0731268,572,J.D.LOGISTICS,AMAR BHAI
1280,11/04/2026,455,MANIBHADRA TRADELINK,V R PAWAR SAREES,GANGA PATTU,AAI ANANDA SYNTEX,540754,96,,270,2,3,-777.6,270,25920,5,1282.26,26927.51,0731271,573,J.D.LOGISTICS,AMAR BHAI
1281,11/04/2026,456,MANIBHADRA TRADELINK,V R PAWAR SAREES,CLASSIC BEAUTY,AAI ANANDA SYNTEX,540754,360,,225,2,3,-2430,225,81000,5,4007.07,84148.47,0731766,574,J.D.LOGISTICS,AMAR BHAI
1282,11/04/2026,457,MANIBHADRA TRADELINK,V R PAWAR SAREES,POCHAMPALLI,AAI ANANDA SYNTEX,540754,410,,390,2,3,-4797,390,159900,5,7910.25,166115.31,0731767,575,J.D.LOGISTICS,AMAR BHAI
1283,11/04/2026,458,MANIBHADRA TRADELINK,V R PAWAR SAREES,JAYA SILK,AAI ANANDA SYNTEX,540754,192,,440,2,3,-2534.4,440,84480,5,4179.23,87763.74,0731764,576,J.D.LOGISTICS,AMAR BHAI
1284,11/04/2026,459,MANIBHADRA TRADELINK,V R PAWAR SAREES,SHRINGAR,LAVANYA SILK MILLS,540754,120,,275,2,2,-660,275,33000,5,1649.34,34636.14,0731874,37,J.D.LOGISTICS,AMAR BHAI
1285,11/04/2026,460,MANIBHADRA TRADELINK,V R PAWAR SAREES,RAJ BHOG,AAI ANANDA SYNTEX,540754,103,,270,2,3,-834.3,270,27810,5,1375.76,28890.97,0731279,577,J.D.LOGISTICS,AMAR BHAI
1286,11/04/2026,461,MANIBHADRA TRADELINK,V R PAWAR SAREES,RAJ BHOG,AAI ANANDA SYNTEX,540754,104,,270,2,3,-842.4,270,28080,5,1389.12,29171.47,0731273,578,J.D.LOGISTICS,AMAR BHAI
1287,11/04/2026,462,MANIBHADRA TRADELINK,V R PAWAR SAREES,9377,M P CREATIONS,540754,14,,1165,2,3,-489.3,1165,16310,5,806.86,16943.98,0731554,229,J.D.LOGISTICS,RISHIKESH
1288,11/04/2026,462,MANIBHADRA TRADELINK,V R PAWAR SAREES,9392,M P CREATIONS,540754,14,,1220,2,3,-512.4,1220,17080,5,844.95,17743.9,0731554,229,J.D.LOGISTICS,RISHIKESH
1289,11/04/2026,462,MANIBHADRA TRADELINK,V R PAWAR SAREES,9312,M P CREATIONS,540754,8,,1250,2,3,-300,1250,10000,5,494.7,10388.7,0731554,229,J.D.LOGISTICS,RISHIKESH
1290,11/04/2026,463,MANIBHADRA TRADELINK,V R PAWAR SAREES,9306,M P CREATIONS,540754,18,,1165,2,3,-629.1,1165,20970,5,1037.39,21785.11,0731549,230,J.D.LOGISTICS,RISHIKESH
1291,11/04/2026,463,MANIBHADRA TRADELINK,V R PAWAR SAREES,9305,M P CREATIONS,540754,18,,1165,2,3,-629.1,1165,20970,5,1037.39,21785.11,0731549,230,J.D.LOGISTICS,RISHIKESH
1292,11/04/2026,464,MANIBHADRA TRADELINK,V R PAWAR SAREES,9379,M P CREATIONS,540754,24,,1165,2,3,-838.8,1165,27960,5,1383.18,29046.81,0731552,231,J.D.LOGISTICS,RISHIKESH
1293,11/04/2026,464,MANIBHADRA TRADELINK,V R PAWAR SAREES,9391,M P CREATIONS,540754,10,,1165,2,3,-349.5,1165,11650,5,576.33,12102.84,0731552,231,J.D.LOGISTICS,RISHIKESH
1294,11/04/2026,464,MANIBHADRA TRADELINK,V R PAWAR SAREES,9329,M P CREATIONS,540754,14,,1220,2,3,-512.4,1220,17080,5,844.95,17743.9,0731552,231,J.D.LOGISTICS,RISHIKESH
1295,11/04/2026,465,MANIBHADRA TRADELINK,V R PAWAR SAREES,9325,M P CREATIONS,540754,14,,1250,2,3,-525,1250,17500,5,865.73,18180.23,0731555,232,J.D.LOGISTICS,RISHIKESH
1296,11/04/2026,465,MANIBHADRA TRADELINK,V R PAWAR SAREES,9296,M P CREATIONS,540754,22,,1165,2,3,-768.9,1165,25630,5,1267.92,26626.24,0731555,232,J.D.LOGISTICS,RISHIKESH
1297,11/04/2026,466,MANIBHADRA TRADELINK,V R PAWAR SAREES,9303   ,M P CREATIONS,540754,18,,1165,2,3,-629.1,1165,20970,5,1037.39,21785.11,0731553,233,J.D.LOGISTICS,RISHIKESH
1298,11/04/2026,466,MANIBHADRA TRADELINK,V R PAWAR SAREES,9385,M P CREATIONS,540754,12,,1220,2,3,-439.2,1220,14640,5,724.24,15209.06,0731553,233,J.D.LOGISTICS,RISHIKESH
1299,11/04/2026,466,MANIBHADRA TRADELINK,V R PAWAR SAREES,9317,M P CREATIONS,540754,10,,1250,2,3,-375,1250,12500,5,618.38,12985.88,0731553,233,J.D.LOGISTICS,RISHIKESH
1300,11/04/2026,466,MANIBHADRA TRADELINK,V R PAWAR SAREES,9311,M P CREATIONS,540754,8,,1165,2,3,-279.6,1165,9320,5,461.06,9682.27,0731553,233,J.D.LOGISTICS,RISHIKESH
1301,11/04/2026,467,MANIBHADRA TRADELINK,V R PAWAR SAREES,9313,M P CREATIONS,540754,20,,1165,2,3,-699,1165,23300,5,1152.65,24205.67,0731551,234,J.D.LOGISTICS,RISHIKESH
1302,11/04/2026,467,MANIBHADRA TRADELINK,V R PAWAR SAREES,9308 ,M P CREATIONS,540754,16,,1220,2,3,-585.6,1220,19520,5,965.65,20278.74,0731551,234,J.D.LOGISTICS,RISHIKESH
1303,11/04/2026,468,MANIBHADRA TRADELINK,V R PAWAR SAREES,9309,M P CREATIONS,540754,20,,1250,2,3,-750,1250,25000,5,1236.75,25971.75,0731548,235,J.D.LOGISTICS,RISHIKESH
1304,11/04/2026,468,MANIBHADRA TRADELINK,V R PAWAR SAREES,9328,M P CREATIONS,540754,16,,1250,2,3,-600,1250,20000,5,989.4,20777.4,0731548,235,J.D.LOGISTICS,RISHIKESH
1305,11/04/2026,469,MANIBHADRA TRADELINK,V R PAWAR SAREES,9318,M P CREATIONS,540754,14,,1220,2,3,-512.4,1220,17080,5,844.95,17743.9,0731550,237,J.D.LOGISTICS,RISHIKESH
1306,11/04/2026,469,MANIBHADRA TRADELINK,V R PAWAR SAREES,9315,M P CREATIONS,540754,14,,1250,2,3,-525,1250,17500,5,865.73,18180.23,0731550,237,J.D.LOGISTICS,RISHIKESH
1307,11/04/2026,469,MANIBHADRA TRADELINK,V R PAWAR SAREES,9312,M P CREATIONS,540754,8,,1250,2,3,-300,1250,10000,5,494.7,10388.7,0731550,237,J.D.LOGISTICS,RISHIKESH
1308,11/04/2026,470,MANIBHADRA TRADELINK,V R PAWAR SAREES,BISCUIT,VIVAAN PRINTS,540754,160,,173,2,3,-830.4,173,27680,5,1369.33,28755.92,0731856,101,J.D.LOGISTICS,AMAR BHAI
1309,11/04/2026,471,MANIBHADRA TRADELINK,V R PAWAR SAREES,BISCUIT,VIVAAN PRINTS,540754,160,,173,2,3,-830.4,173,27680,5,1369.33,28755.92,0731854,102,J.D.LOGISTICS,AMAR BHAI
1310,11/04/2026,472,MANIBHADRA TRADELINK,V R PAWAR SAREES,BANDHANI,VIVAAN PRINTS,540754,160,,173,2,3,-830.4,173,27680,5,1369.33,28755.92,0732861,103,J.D.LOGISTICS,AMAR BHAI
1311,11/04/2026,473,MANIBHADRA TRADELINK,V R PAWAR SAREES,BANDHANI,VIVAAN PRINTS,540754,160,,173,2,3,-830.4,173,27680,5,1369.33,28755.92,0732862,104,J.D.LOGISTICS,AMAR BHAI
1312,11/04/2026,474,MANIBHADRA TRADELINK,V R PAWAR SAREES,BARFI,VIVAAN PRINTS,540754,160,,233,2,3,-1118.4,233,37280,5,1844.24,38729.07,0731860,105,J.D.LOGISTICS,AMAR BHAI
1313,11/04/2026,475,MANIBHADRA TRADELINK,V R PAWAR SAREES,BARFI,VIVAAN PRINTS,540754,160,,233,2,3,-1118.4,233,37280,5,1844.24,38729.07,0735113,106,J.D.LOGISTICS,AMAR BHAI
1314,13/04/2026,476,MANIBHADRA TRADELINK,V R PAWAR SAREES,BRIDAL DUPATTA,MEERA DESIGNER,540754,10,0,1195,2,12,-1434,1195,11950,5,536.32,11262.64,0732430,199,J.D.LOGISTICS,RATAN BHAI
1315,13/04/2026,476,MANIBHADRA TRADELINK,V R PAWAR SAREES,PRINCY 11,MEERA DESIGNER,540754,5,0,3495,2,12,-2097,3495,17475,5,784.28,16469.84,0732430,199,J.D.LOGISTICS,RATAN BHAI
1316,13/04/2026,476,MANIBHADRA TRADELINK,V R PAWAR SAREES,RUCHI 4,MEERA DESIGNER,540754,4,0,2695,2,12,-1293.6,2695,10780,5,483.81,10159.94,0732430,199,J.D.LOGISTICS,RATAN BHAI
1317,13/04/2026,476,MANIBHADRA TRADELINK,V R PAWAR SAREES,RUCHI 5,MEERA DESIGNER,540754,4,0,2595,2,12,-1245.6,2595,10380,5,465.85,9782.94,0732430,199,J.D.LOGISTICS,RATAN BHAI
1318,13/04/2026,476,MANIBHADRA TRADELINK,V R PAWAR SAREES,GAURAV 2,MEERA DESIGNER,540754,5,0,2595,2,12,-1557,2595,12975,5,582.32,12228.68,0732430,199,J.D.LOGISTICS,RATAN BHAI
1319,13/04/2026,477,MANIBHADRA TRADELINK,V R PAWAR SAREES,PRINIUM VAVVAR 2,MEERA DESIGNER,540754,3,0,7495,2,12,-2698.2,7495,22485,5,1009.13,21191.67,BILL NO MT-477 PARSAL EXCHENGE HO GAYA HAI,198,J.D.LOGISTICS,RATAN BHAI
1320,13/04/2026,477,MANIBHADRA TRADELINK,V R PAWAR SAREES,10 VAR 4,MEERA DESIGNER,540754,6,0,3495,2,12,-2516.4,3495,20970,5,941.13,19763.8,BILL NO MT-477 PARSAL EXCHENGE HO GAYA HAI,198,J.D.LOGISTICS,RATAN BHAI
1321,13/04/2026,477,MANIBHADRA TRADELINK,V R PAWAR SAREES,10 VAR 3,MEERA DESIGNER,540754,6,0,4695,2,12,-3380.4,4695,28170,5,1264.27,26549.66,BILL NO MT-477 PARSAL EXCHENGE HO GAYA HAI,198,J.D.LOGISTICS,RATAN BHAI
1322,13/04/2026,477,MANIBHADRA TRADELINK,V R PAWAR SAREES,10 VAR 1,MEERA DESIGNER,540754,4,0,4095,2,12,-1965.6,4095,16380,5,735.13,15437.82,BILL NO MT-477 PARSAL EXCHENGE HO GAYA HAI,198,J.D.LOGISTICS,RATAN BHAI
1323,13/04/2026,478,MANIBHADRA TRADELINK,V R PAWAR SAREES,CHANDNI,B. SUMIT & CO.,540754,72,0,280,2,2,-403.2,280,20160,5,1007.6,21159.54,0731870,245,J.D.LOGISTICS,AMAR BHAI
1324,13/04/2026,479,MANIBHADRA TRADELINK,V R PAWAR SAREES,CHANDNI,B. SUMIT & CO.,540754,71,0,280,2,2,-397.6,280,19880,5,993.6,20865.65,0731871,246,J.D.LOGISTICS,AMAR BHAI
1325,13/04/2026,480,MANIBHADRA TRADELINK,V R PAWAR SAREES,CHANDNI,B. SUMIT & CO.,540754,72,0,280,2,2,-403.2,280,20160,5,1007.6,21159.54,0731872,247,J.D.LOGISTICS,AMAR BHAI
1326,13/04/2026,481,MANIBHADRA TRADELINK,V R PAWAR SAREES,CHANDNI,B. SUMIT & CO.,540754,71,0,280,2,2,-397.6,280,19880,5,993.6,20865.65,0731869,248,J.D.LOGISTICS,AMAR BHAI
1327,13/04/2026,482,MANIBHADRA TRADELINK,V R PAWAR SAREES,CHANDNI,B. SUMIT & CO.,540754,72,0,280,2,2,-403.2,280,20160,5,1007.6,21159.54,0731873,249,J.D.LOGISTICS,AMAR BHAI
1328,13/04/2026,483,MANIBHADRA TRADELINK,V R PAWAR SAREES,TANA BANA BRIDAL 6217,JULAHAA EXCLUSIVE,540754,4,0,7159,2,10,-2863.6,7159,28636,5,1314.39,27602.24,0732290,361212,J.D.LOGISTICS,RATAN BHAI
1329,13/04/2026,484,MANIBHADRA TRADELINK,V R PAWAR SAREES,MOGRA SILK,ROZY SILK MILLS,540754,84,0,345,2,2,-579.6,345,28980,5,1448.42,30416.83,0731819,779,J.D.LOGISTICS,AMAR BHAI
1330,13/04/2026,485,MANIBHADRA TRADELINK,V R PAWAR SAREES,MOGRA SILK,ROZY SILK MILLS,540754,84,0,345,2,2,-579.6,345,28980,5,1448.42,30416.83,0731816,780,J.D.LOGISTICS,AMAR BHAI
1331,13/04/2026,486,MANIBHADRA TRADELINK,V R PAWAR SAREES,MOGRA SILK,ROZY SILK MILLS,540754,84,0,345,2,2,-579.6,345,28980,5,1448.42,30416.83,0731829,781,J.D.LOGISTICS,AMAR BHAI
1332,13/04/2026,487,MANIBHADRA TRADELINK,V R PAWAR SAREES,MOGRA SILK,ROZY SILK MILLS,540754,84,0,345,2,2,-579.6,345,28980,5,1448.42,30416.83,0731818,782,J.D.LOGISTICS,AMAR BHAI
1333,13/04/2026,488,MANIBHADRA TRADELINK,V R PAWAR SAREES,MOGRA SILK,ROZY SILK MILLS,540754,84,0,345,2,2,-579.6,345,28980,5,1448.42,30416.83,0731813,783,J.D.LOGISTICS,AMAR BHAI
1334,13/04/2026,489,MANIBHADRA TRADELINK,V R PAWAR SAREES,MOGRA SILK,ROZY SILK MILLS,540754,84,0,345,2,2,-579.6,345,28980,5,1448.42,30416.83,0731825,784,J.D.LOGISTICS,AMAR BHAI
1335,13/04/2026,490,MANIBHADRA TRADELINK,V R PAWAR SAREES,MOGRA SILK,ROZY SILK MILLS,540754,84,0,345,2,2,-579.6,345,28980,5,1448.42,30416.83,0731831,785,J.D.LOGISTICS,AMAR BHAI
1336,13/04/2026,491,MANIBHADRA TRADELINK,V R PAWAR SAREES,MOGRA SILK,ROZY SILK MILLS,540754,84,0,345,2,2,-579.6,345,28980,5,1448.42,30416.83,0731824,786,J.D.LOGISTICS,AMAR BHAI
1337,13/04/2026,492,MANIBHADRA TRADELINK,V R PAWAR SAREES,MOGRA SILK,ROZY SILK MILLS,540754,84,0,345,2,2,-579.6,345,28980,5,1448.42,30416.83,0731820,787,J.D.LOGISTICS,AMAR BHAI
1338,13/04/2026,493,MANIBHADRA TRADELINK,V R PAWAR SAREES,MOGRA SILK,ROZY SILK MILLS,540754,84,0,345,2,2,-579.6,345,28980,5,1448.42,30416.83,0731822,788,J.D.LOGISTICS,AMAR BHAI
1339,13/04/2026,494,MANIBHADRA TRADELINK,V R PAWAR SAREES,MOGRA SILK,ROZY SILK MILLS,540754,84,0,345,2,2,-579.6,345,28980,5,1448.42,30416.83,0731815,789,J.D.LOGISTICS,AMAR BHAI
1340,13/04/2026,495,MANIBHADRA TRADELINK,V R PAWAR SAREES,LINEN SPECIAL,ROZY SILK MILLS,540754,84,0,225,2,2,-378,225,18900,5,944.62,19837.06,0731827,790,J.D.LOGISTICS,AMAR BHAI
1341,13/04/2026,496,MANIBHADRA TRADELINK,V R PAWAR SAREES,LINEN SPECIAL,ROZY SILK MILLS,540754,84,0,225,2,2,-378,225,18900,5,944.62,19837.06,0731837,791,J.D.LOGISTICS,AMAR BHAI
1342,13/04/2026,497,MANIBHADRA TRADELINK,V R PAWAR SAREES,LINEN SPECIAL,ROZY SILK MILLS,540754,84,0,225,2,2,-378,225,18900,5,944.62,19837.06,0731821,792,J.D.LOGISTICS,AMAR BHAI
1343,13/04/2026,498,MANIBHADRA TRADELINK,V R PAWAR SAREES,LINEN SPECIAL,ROZY SILK MILLS,540754,84,0,225,2,2,-378,225,18900,5,944.62,19837.06,0731836,793,J.D.LOGISTICS,AMAR BHAI
1344,13/04/2026,499,MANIBHADRA TRADELINK,V R PAWAR SAREES,LINEN SPECIAL,ROZY SILK MILLS,540754,84,0,225,2,2,-378,225,18900,5,944.62,19837.06,0731823,794,J.D.LOGISTICS,AMAR BHAI
1345,13/04/2026,500,MANIBHADRA TRADELINK,V R PAWAR SAREES,LINEN SPECIAL,ROZY SILK MILLS,540754,84,0,225,2,2,-378,225,18900,5,944.62,19837.06,0731834,795,J.D.LOGISTICS,AMAR BHAI
1346,13/04/2026,501,MANIBHADRA TRADELINK,V R PAWAR SAREES,KASHMIRI,ROZY SILK MILLS,540754,84,0,270,2,2,-453.6,270,22680,5,1133.55,23804.48,0731839,796,J.D.LOGISTICS,AMAR BHAI
1347,13/04/2026,502,MANIBHADRA TRADELINK,V R PAWAR SAREES,KASHMIRI,ROZY SILK MILLS,540754,84,0,270,2,2,-453.6,270,22680,5,1133.55,23804.48,0731817,797,J.D.LOGISTICS,AMAR BHAI
1348,13/04/2026,503,MANIBHADRA TRADELINK,V R PAWAR SAREES,KASHMIRI,ROZY SILK MILLS,540754,84,0,270,2,2,-453.6,270,22680,5,1133.55,23804.48,0731814,798,J.D.LOGISTICS,AMAR BHAI
1349,13/04/2026,504,MANIBHADRA TRADELINK,V R PAWAR SAREES,KASHMIRI,ROZY SILK MILLS,540754,84,0,270,2,2,-453.6,270,22680,5,1133.55,23804.48,0731832,799,J.D.LOGISTICS,AMAR BHAI
1350,13/04/2026,505,MANIBHADRA TRADELINK,V R PAWAR SAREES,KASHMIRI,ROZY SILK MILLS,540754,84,0,270,2,2,-453.6,270,22680,5,1133.55,23804.48,0731835,800,J.D.LOGISTICS,AMAR BHAI
1351,13/04/2026,506,MANIBHADRA TRADELINK,V R PAWAR SAREES,KASHMIRI,ROZY SILK MILLS,540754,84,0,270,2,2,-453.6,270,22680,5,1133.55,23804.48,0731833,801,J.D.LOGISTICS,AMAR BHAI
1352,13/04/2026,507,MANIBHADRA TRADELINK,V R PAWAR SAREES,SWIZER,ROZY SILK MILLS,540754,144,0,175,2,2,-504,175,25200,5,1259.5,26449.42,0732215,802,J.D.LOGISTICS,AMAR BHAI
1353,13/04/2026,508,MANIBHADRA TRADELINK,V R PAWAR SAREES,SWIZER,ROZY SILK MILLS,540754,144,0,175,2,2,-504,175,25200,5,1259.5,26449.42,0732213,803,J.D.LOGISTICS,AMAR BHAI
1354,13/04/2026,509,MANIBHADRA TRADELINK,V R PAWAR SAREES,SWIZER,ROZY SILK MILLS,540754,144,0,175,2,2,-504,175,25200,5,1259.5,26449.42,0732216,804,J.D.LOGISTICS,AMAR BHAI
1355,13/04/2026,510,MANIBHADRA TRADELINK,V R PAWAR SAREES,SWIZER,ROZY SILK MILLS,540754,144,0,175,2,2,-504,175,25200,5,1259.5,26449.42,0732217,805,J.D.LOGISTICS,AMAR BHAI
1356,13/04/2026,511,MANIBHADRA TRADELINK,V R PAWAR SAREES,SWIZER,ROZY SILK MILLS,540754,144,0,175,2,2,-504,175,25200,5,1259.5,26449.42,0732221,806,J.D.LOGISTICS,AMAR BHAI
1357,13/04/2026,512,MANIBHADRA TRADELINK,V R PAWAR SAREES,SWIZER,ROZY SILK MILLS,540754,144,0,175,2,2,-504,175,25200,5,1259.5,26449.42,0732228,807,J.D.LOGISTICS,AMAR BHAI
1358,13/04/2026,513,MANIBHADRA TRADELINK,V R PAWAR SAREES,SWIZER,ROZY SILK MILLS,540754,144,0,175,2,2,-504,175,25200,5,1259.5,26449.42,0732219,808,J.D.LOGISTICS,AMAR BHAI
1359,13/04/2026,514,MANIBHADRA TRADELINK,V R PAWAR SAREES,SWIZER,ROZY SILK MILLS,540754,144,0,175,2,2,-504,175,25200,5,1259.5,26449.42,0732220,809,J.D.LOGISTICS,AMAR BHAI
1360,13/04/2026,515,MANIBHADRA TRADELINK,V R PAWAR SAREES,SWIZER,ROZY SILK MILLS,540754,144,0,175,2,2,-504,175,25200,5,1259.5,26449.42,0732214,810,J.D.LOGISTICS,AMAR BHAI
1361,13/04/2026,516,MANIBHADRA TRADELINK,V R PAWAR SAREES,SWIZER,ROZY SILK MILLS,540754,144,0,175,2,2,-504,175,25200,5,1259.5,26449.42,0732218,811,J.D.LOGISTICS,AMAR BHAI
1362,13/04/2026,517,MANIBHADRA TRADELINK,V R PAWAR SAREES,ARPAN,ROZY SILK MILLS,540754,120,0,190,2,2,-456,190,22800,5,1139.54,23930.42,0731812,812,J.D.LOGISTICS,AMAR BHAI
1363,13/04/2026,518,MANIBHADRA TRADELINK,V R PAWAR SAREES,ARPAN,ROZY SILK MILLS,540754,120,0,190,2,2,-456,190,22800,5,1139.54,23930.42,0731838,813,J.D.LOGISTICS,AMAR BHAI
1364,13/04/2026,519,MANIBHADRA TRADELINK,V R PAWAR SAREES,ARPAN,ROZY SILK MILLS,540754,120,0,190,2,2,-456,190,22800,5,1139.54,23930.42,0731830,814,J.D.LOGISTICS,AMAR BHAI
1365,13/04/2026,520,MANIBHADRA TRADELINK,V R PAWAR SAREES,ARPAN,ROZY SILK MILLS,540754,120,0,190,2,2,-456,190,22800,5,1139.54,23930.42,0731809,815,J.D.LOGISTICS,AMAR BHAI
1366,13/04/2026,521,MANIBHADRA TRADELINK,V R PAWAR SAREES,ARPAN,ROZY SILK MILLS,540754,120,0,190,2,2,-456,190,22800,5,1139.54,23930.42,0732229,816,J.D.LOGISTICS,AMAR BHAI
1367,13/04/2026,522,MANIBHADRA TRADELINK,V R PAWAR SAREES,ARPAN,ROZY SILK MILLS,540754,120,0,190,2,2,-456,190,22800,5,1139.54,23930.42,0732616,817,J.D.LOGISTICS,AMAR BHAI
1368,13/04/2026,523,MANIBHADRA TRADELINK,V R PAWAR SAREES,ARPAN,ROZY SILK MILLS,540754,120,0,190,2,2,-456,190,22800,5,1139.54,23930.42,0732615,818,J.D.LOGISTICS,AMAR BHAI
1369,13/04/2026,524,MANIBHADRA TRADELINK,V R PAWAR SAREES,ARPAN,ROZY SILK MILLS,540754,120,0,190,2,2,-456,190,22800,5,1139.54,23930.42,0731810,819,J.D.LOGISTICS,AMAR BHAI
1370,13/04/2026,525,MANIBHADRA TRADELINK,V R PAWAR SAREES,ARPAN,ROZY SILK MILLS,540754,120,0,190,2,2,-456,190,22800,5,1139.54,23930.42,0731811,820,J.D.LOGISTICS,AMAR BHAI
1371,13/04/2026,526,MANIBHADRA TRADELINK,V R PAWAR SAREES,ARPAN,ROZY SILK MILLS,540754,120,0,190,2,2,-456,190,22800,5,1139.54,23930.42,0731826,821,J.D.LOGISTICS,AMAR BHAI
1372,13/04/2026,527,MANIBHADRA TRADELINK,V R PAWAR SAREES,MAURVI NANDAN 3,CAUL FASHION,630790,2,0,9490,2,5,-949,9490,18980,18,3310.49,21702.11,0731957,276,J.D.LOGISTICS,RATAN BHAI
1373,13/04/2026,527,MANIBHADRA TRADELINK,V R PAWAR SAREES,MAURVI NANDAN 2,CAUL FASHION,630790,2,0,8290,2,5,-829,8290,16580,18,2891.88,18957.9,0731957,276,J.D.LOGISTICS,RATAN BHAI
1374,13/04/2026,527,MANIBHADRA TRADELINK,V R PAWAR SAREES,MAURVI NANDAN 4,CAUL FASHION,630790,1,0,9590,2,5,-479.5,9590,9590,18,1672.69,10965.4,0731957,276,J.D.LOGISTICS,RATAN BHAI
1375,13/04/2026,527,MANIBHADRA TRADELINK,V R PAWAR SAREES,RASSBURRY 7,CAUL FASHION,630790,2,0,4490,2,5,-449,4490,8980,18,1566.29,10267.91,0731957,276,J.D.LOGISTICS,RATAN BHAI
1376,13/04/2026,528,MANIBHADRA TRADELINK,V R PAWAR SAREES,VRIJVAN 7,CAUL FASHION,630790,3,0,3890,2,5,-583.5,3890,11670,18,2035.48,13343.71,0731956,277,J.D.LOGISTICS,RATAN BHAI
1377,13/04/2026,528,MANIBHADRA TRADELINK,V R PAWAR SAREES,VRIJVAN 8,CAUL FASHION,630790,3,0,3890,2,5,-583.5,3890,11670,18,2035.48,13343.71,0731956,277,J.D.LOGISTICS,RATAN BHAI
1378,13/04/2026,528,MANIBHADRA TRADELINK,V R PAWAR SAREES,RASSBURRY 6,CAUL FASHION,630790,2,0,4490,2,5,-449,4490,8980,18,1566.29,10267.91,0731956,277,J.D.LOGISTICS,RATAN BHAI
1379,13/04/2026,529,MANIBHADRA TRADELINK,V R PAWAR SAREES,SONIKA,AARTI TEX,540754,585,0,182,2,2,-2129.4,182,106470,5,5321.37,111748.78,0732578,9,J.D.LOGISTICS,AMAR BHAI
1380,13/04/2026,530,MANIBHADRA TRADELINK,V R PAWAR SAREES,SONIKA,AARTI TEX,540754,436,0,182,2,2,-1587.04,182,79352,5,3966.01,83286.27,0732579,10,J.D.LOGISTICS,AMAR BHAI
1381,13/04/2026,531,MANIBHADRA TRADELINK,V R PAWAR SAREES,SUBH SANGAM,SHYAM SILK MILLS,540754,120,0,440,2,2,-1056,440,52800,5,2638.94,55417.82,0732303,43,J.D.LOGISTICS,RISHIKESH
1382,13/04/2026,532,MANIBHADRA TRADELINK,V R PAWAR SAREES,SUBH SANGAM,SHYAM SILK MILLS,540754,119,0,440,2,2,-1047.2,440,52360,5,2616.95,54956.01,0732304,44,J.D.LOGISTICS,RISHIKESH
1383,13/04/2026,533,MANIBHADRA TRADELINK,V R PAWAR SAREES,BITCOIN,POOJA TEXTILES,540754,156,0,150,2,2,-468,150,23400,5,1169.53,24560.17,0731959,1052,J.D.LOGISTICS,AMAR BHAI
1384,13/04/2026,534,MANIBHADRA TRADELINK,V R PAWAR SAREES,BITCOIN,POOJA TEXTILES,540754,161,0,150,2,2,-483,150,24150,5,1207.02,25347.36,0731961,1053,J.D.LOGISTICS,AMAR BHAI
1385,13/04/2026,535,MANIBHADRA TRADELINK,V R PAWAR SAREES,SONICA,VIVAN PRINTS,540754,133,0,245,2,3,-977.55,245,32585,5,1611.98,33851.58,0731857,113,J.D.LOGISTICS,AMAR BHAI
1386,13/04/2026,536,MANIBHADRA TRADELINK,V R PAWAR SAREES,SONICA,VIVAN PRINTS,540754,144,0,245,2,3,-1058.4,245,35280,5,1745.3,36651.33,0731859,114,J.D.LOGISTICS,AMAR BHAI
1387,13/04/2026,537,MANIBHADRA TRADELINK,V R PAWAR SAREES,MAL MAL SILK,NAVYA SAREES,540754,67,0,350,2,2,-469,350,23450,5,1172.03,24612.65,0731795,58,J.D.LOGISTICS,AMAR BHAI
1388,13/04/2026,538,MANIBHADRA TRADELINK,V R PAWAR SAREES,MAL MAL SILK,NAVYA SAREES,540754,66,0,350,2,2,-462,350,23100,5,1154.54,24245.3,0731794,59,J.D.LOGISTICS,AMAR BHAI
1389,13/04/2026,539,MANIBHADRA TRADELINK,V R PAWAR SAREES,D 46,PARIS FASHION,540754,7,0,2375,2,2,-332.5,2375,16625,5,830.92,17449.27,0733703,457,J.D.LOGISTICS,RISHIKESH
1390,13/04/2026,539,MANIBHADRA TRADELINK,V R PAWAR SAREES,D 47,PARIS FASHION,540754,6,0,2375,2,2,-285,2375,14250,5,712.22,14956.52,0733703,457,J.D.LOGISTICS,RISHIKESH
1391,13/04/2026,539,MANIBHADRA TRADELINK,V R PAWAR SAREES,P 2022,PARIS FASHION,540754,5,0,1750,2,2,-175,1750,8750,5,437.33,9183.83,0733703,457,J.D.LOGISTICS,RISHIKESH
1392,13/04/2026,539,MANIBHADRA TRADELINK,V R PAWAR SAREES,C 1797,PARIS FASHION,540754,5,0,1850,2,2,-185,1850,9250,5,462.32,9708.62,0733703,457,J.D.LOGISTICS,RISHIKESH
1393,13/04/2026,539,MANIBHADRA TRADELINK,V R PAWAR SAREES,D 671,PARIS FASHION,540754,10,0,1290,2,2,-258,1290,12900,5,644.74,13539.58,0733703,457,J.D.LOGISTICS,RISHIKESH
1394,13/04/2026,539,MANIBHADRA TRADELINK,V R PAWAR SAREES,C 1688,PARIS FASHION,540754,5,0,1850,2,2,-185,1850,9250,5,462.32,9708.62,0733703,457,J.D.LOGISTICS,RISHIKESH
1395,13/04/2026,540,MANIBHADRA TRADELINK,V R PAWAR SAREES,DIGITAL SILK SIROSKI,SURIYA PRINT,540754,88,0,550,2,2,-968,550,48400,5,2419.03,50799.67,0731921,72,J.D.LOGISTICS,AMAR BHAI
1396,13/04/2026,541,MANIBHADRA TRADELINK,V R PAWAR SAREES,VARALAXMI 21,CAUL FASHION,630790,3,0,6290,2,5,-943.5,6290,18870,18,3291.31,21576.34,0731955,309,J.D.LOGISTICS,RATAN BHAI
1397,13/04/2026,541,MANIBHADRA TRADELINK,V R PAWAR SAREES,VARALAXMI 18,CAUL FASHION,630790,3,0,6290,2,5,-943.5,6290,18870,18,3291.31,21576.34,0731955,309,J.D.LOGISTICS,RATAN BHAI
1398,13/04/2026,541,MANIBHADRA TRADELINK,V R PAWAR SAREES,VARALAXMI 7,CAUL FASHION,630790,2,0,6290,2,5,-629,6290,12580,18,2194.2,14384.22,0731955,309,J.D.LOGISTICS,RATAN BHAI
1399,13/04/2026,542,MANIBHADRA TRADELINK,V R PAWAR SAREES,KALYANI,ABHIRANG TEXTILES,540754,80,0,285,2,2,-456,285,22800,5,1139.54,23930.42,0732119,129,J.D.LOGISTICS,AMAR BHAI
1400,13/04/2026,543,MANIBHADRA TRADELINK,V R PAWAR SAREES,KALYANI,ABHIRANG TEXTILES,540754,80,0,285,2,2,-456,285,22800,5,1139.54,23930.42,0732120,130,J.D.LOGISTICS,AMAR BHAI
1401,13/04/2026,544,MANIBHADRA TRADELINK,V R PAWAR SAREES,10885,SHRESHTH DESIGNER,540754,6,0,4650,2,2,-558,4650,27900,5,1394.44,29283.28,0732175,49,J.D.LOGISTICS,RATAN BHAI
1402,13/04/2026,544,MANIBHADRA TRADELINK,V R PAWAR SAREES,10140,SHRESHTH DESIGNER,540754,1,0,4798,2,2,-95.96,4798,4798,5,239.8,5035.88,0732175,49,J.D.LOGISTICS,RATAN BHAI
1403,13/04/2026,544,MANIBHADRA TRADELINK,V R PAWAR SAREES,10800,SHRESHTH DESIGNER,540754,6,0,3550,2,2,-426,3550,21300,5,1064.57,22356.05,0732175,49,J.D.LOGISTICS,RATAN BHAI
1404,13/04/2026,544,MANIBHADRA TRADELINK,V R PAWAR SAREES,10795,SHRESHTH DESIGNER,540754,7,0,3198,2,2,-447.72,3198,22386,5,1118.85,23495.9,0732175,49,J.D.LOGISTICS,RATAN BHAI
1405,13/04/2026,544,MANIBHADRA TRADELINK,V R PAWAR SAREES,10870,SHRESHTH DESIGNER,540754,4,0,5598,2,2,-447.84,5598,22392,5,1119.15,23502.19,0732175,49,J.D.LOGISTICS,RATAN BHAI
1406,13/04/2026,545,MANIBHADRA TRADELINK,V R PAWAR SAREES,MINAXI NET,SAI DESIGNER CREATIVE,540754,6,0,1495,2,,,1495,8970,5,457.47,9606.87,0732425,360,J.D.LOGISTICS,RATAN BHAI
1407,13/04/2026,545,MANIBHADRA TRADELINK,V R PAWAR SAREES,MAHESHWARI,SAI DESIGNER CREATIVE,540754,5,0,1195,2,,,1195,5975,5,304.73,6399.23,0732425,360,J.D.LOGISTICS,RATAN BHAI
1408,13/04/2026,545,MANIBHADRA TRADELINK,V R PAWAR SAREES,MAZZA,SAI DESIGNER CREATIVE,540754,5,0,695,2,,,695,3475,5,177.23,3721.73,0732425,360,J.D.LOGISTICS,RATAN BHAI
1409,13/04/2026,545,MANIBHADRA TRADELINK,V R PAWAR SAREES,CHANDNI ZALL,SAI DESIGNER CREATIVE,540754,5,0,1895,2,,,1895,9475,5,483.23,10147.73,0732425,360,J.D.LOGISTICS,RATAN BHAI
1410,13/04/2026,545,MANIBHADRA TRADELINK,V R PAWAR SAREES,SONA BITS,SAI DESIGNER CREATIVE,540754,4,0,2595,2,,,2595,10380,5,529.38,11116.98,0732425,360,J.D.LOGISTICS,RATAN BHAI
1411,14/04/2026,546,MANIBHADRA TRADELINK,V R PAWAR SAREES,RADHA RAMAN SILK,JAY MAHAVIR SAREE,540754,80,0,399,2,4,-1276.8,399,31920,5,1562.8,32818.86,0732412,464,J.D.LOGISTICS,RISHIKESH
1412,14/04/2026,547,MANIBHADRA TRADELINK,V R PAWAR SAREES,NUTAN 5700,MANJUBAA CLOTHING,540754,10,0,5195,2,2,-1039,5195,51950,5,2596.46,54525.68,0732712,119,J.D.LOGISTICS,RATAN BHAI
1413,14/04/2026,547,MANIBHADRA TRADELINK,V R PAWAR SAREES,SALONI 12500,MANJUBAA CLOTHING,540754,6,0,5495,2,2,-659.4,5495,32970,5,1647.84,34604.65,0732712,119,J.D.LOGISTICS,RATAN BHAI
1414,14/04/2026,547,MANIBHADRA TRADELINK,V R PAWAR SAREES,JIYANA 10000,MANJUBAA CLOTHING,540754,3,0,6245,2,2,-374.7,6245,18735,5,936.38,19663.89,0732712,119,J.D.LOGISTICS,RATAN BHAI
1415,14/04/2026,547,MANIBHADRA TRADELINK,V R PAWAR SAREES,ANANYA 8000,MANJUBAA CLOTHING,540754,8,0,5595,2,2,-895.2,5595,44760,5,2237.1,46979.19,0732712,119,J.D.LOGISTICS,RATAN BHAI
1416,14/04/2026,548,MANIBHADRA TRADELINK,V R PAWAR SAREES,VT 6757,JAINAM CREATION,540754,60,0,829,2,2,-994.8,829,49740,5,2486.01,52206.11,0732741,360,J.D.LOGISTICS,RATAN BHAI
1417,14/04/2026,549,MANIBHADRA TRADELINK,V R PAWAR SAREES,GT 8215,JAINAM CREATION,540754,50,0,1611,2,2,-1611,1611,80550,5,4025.89,84543.67,0732743,422,J.D.LOGISTICS,RATAN BHAI
1418,14/04/2026,550,MANIBHADRA TRADELINK,V R PAWAR SAREES,B VT 12887,BHAGYASHREE TEXTLIE,540754,64,0,999,2,2,-1278.72,999,63936,5,3195.52,67105.95,0732742,155,J.D.LOGISTICS,RATAN BHAI
1419,14/04/2026,551,MANIBHADRA TRADELINK,V R PAWAR SAREES,MOTICHOOR,SIDDHI VINAYAK PRINTS,540754,144,0,225,2,2,-648,225,32400,5,1619.35,34006.39,0732683,373,J.D.LOGISTICS,AMAR BHAI
1420,14/04/2026,552,MANIBHADRA TRADELINK,V R PAWAR SAREES,MOTICHOOR,SIDDHI VINAYAK PRINTS,540754,144,0,225,2,2,-648,225,32400,5,1619.35,34006.39,0732682,374,J.D.LOGISTICS,AMAR BHAI
1421,14/04/2026,553,MANIBHADRA TRADELINK,V R PAWAR SAREES,ALPI SILK,SANJYOTI EXCLUSIVES,540754,72,0,470,2,2,-676.8,470,33840,5,1691.32,35517.78,0733233,256,J.D.LOGISTICS,AMAR BHAI
1422,14/04/2026,554,MANIBHADRA TRADELINK,V R PAWAR SAREES,SHREYA,SANJYOTI EXCLUSIVES,540754,72,0,440,2,2,-633.6,440,31680,5,1583.37,33250.7,0732658,255,J.D.LOGISTICS,AMAR BHAI
1423,14/04/2026,555,MANIBHADRA TRADELINK,V R PAWAR SAREES,BMW DIGITAL,SANJYOTI EXCLUSIVES,540754,120,0,215,2,2,-516,215,25800,5,1289.48,27079.16,0732657,253,J.D.LOGISTICS,AMAR BHAI
1424,14/04/2026,556,MANIBHADRA TRADELINK,V R PAWAR SAREES,VAANI,SANJYOTI EXCLUSIVES,540754,72,0,330,2,2,-475.2,330,23760,5,1187.53,24938.03,0732659,258,J.D.LOGISTICS,AMAR BHAI
1425,14/04/2026,557,MANIBHADRA TRADELINK,V R PAWAR SAREES,BMW DIGITAL,SANJYOTI EXCLUSIVES,540754,120,0,215,2,2,-516,215,25800,5,1289.48,27079.16,0732656,254,J.D.LOGISTICS,AMAR BHAI
1426,14/04/2026,558,MANIBHADRA TRADELINK,V R PAWAR SAREES,VAMIKA,SANJYOTI EXCLUSIVES,540754,72,0,431,2,2,-620.64,431,31032,5,1550.98,32570.57,0732655,257,J.D.LOGISTICS,AMAR BHAI
1427,14/04/2026,559,MANIBHADRA TRADELINK,V R PAWAR SAREES,ROYAL SIGNATURE,AMRAT INTERNATIONAL,540754,162,0,210,2,2,-680.4,210,34020,5,1700.32,35706.71,0732573,566,J.D.LOGISTICS,AMAR BHAI
1428,14/04/2026,560,MANIBHADRA TRADELINK,V R PAWAR SAREES,ROYAL SIGNATURE,AMRAT INTERNATIONAL,540754,157,0,210,2,2,-659.4,210,32970,5,1647.84,34604.65,0732574,568,J.D.LOGISTICS,AMAR BHAI
1429,14/04/2026,561,MANIBHADRA TRADELINK,V R PAWAR SAREES,GEETA,VIMARSH PRINTS LLP,540754,52,0,515,2,2,-535.6,515,26780,5,1338.46,28107.75,0732329,299,J.D.LOGISTICS,AMAR BHAI
1430,14/04/2026,562,MANIBHADRA TRADELINK,V R PAWAR SAREES,GEETA,VIMARSH PRINTS LLP,540754,65,0,515,2,2,-669.5,515,33475,5,1673.08,35134.69,0732330,300,J.D.LOGISTICS,AMAR BHAI
1431,14/04/2026,563,MANIBHADRA TRADELINK,V R PAWAR SAREES,ROYAL SIGNATURE,AMRAT INTERNATIONAL,540754,165,0,210,2,2,-693,210,34650,5,1731.81,36367.95,0732572,584,J.D.LOGISTICS,AMAR BHAI
1432,14/04/2026,564,MANIBHADRA TRADELINK,V R PAWAR SAREES,17612,YASH CREATION,540754,5,0,3495,2,5,-873.75,3495,17475,5,846.66,17779.94,0733181,310,J.D.LOGISTICS,RATAN BHAI
1433,14/04/2026,564,MANIBHADRA TRADELINK,V R PAWAR SAREES,16987,YASH CREATION,540754,5,0,2995,2,5,-748.75,2995,14975,5,725.54,15236.32,0733181,310,J.D.LOGISTICS,RATAN BHAI
1434,14/04/2026,564,MANIBHADRA TRADELINK,V R PAWAR SAREES,17290,YASH CREATION,540754,3,0,3350,2,5,-502.5,3350,10050,5,486.92,10225.37,0733181,310,J.D.LOGISTICS,RATAN BHAI
1435,14/04/2026,564,MANIBHADRA TRADELINK,V R PAWAR SAREES,18041,YASH CREATION,540754,5,0,2895,2,5,-723.75,2895,14475,5,701.31,14727.59,0733181,310,J.D.LOGISTICS,RATAN BHAI
1436,14/04/2026,564,MANIBHADRA TRADELINK,V R PAWAR SAREES,17928,YASH CREATION,540754,4,0,2750,2,5,-550,2750,11000,5,532.95,11191.95,0733181,310,J.D.LOGISTICS,RATAN BHAI
1437,14/04/2026,564,MANIBHADRA TRADELINK,V R PAWAR SAREES,17881,YASH CREATION,540754,5,0,2995,2,5,-748.75,2995,14975,5,725.54,15236.32,0733181,310,J.D.LOGISTICS,RATAN BHAI
1438,14/04/2026,564,MANIBHADRA TRADELINK,V R PAWAR SAREES,17912,YASH CREATION,540754,5,0,1695,2,5,-423.75,1695,8475,5,410.61,8622.88,0733181,310,J.D.LOGISTICS,RATAN BHAI
1439,14/04/2026,564,MANIBHADRA TRADELINK,V R PAWAR SAREES,17578,YASH CREATION,540754,5,0,3850,2,5,-962.5,3850,19250,5,932.66,19585.91,0733181,310,J.D.LOGISTICS,RATAN BHAI
1440,14/04/2026,564,MANIBHADRA TRADELINK,V R PAWAR SAREES,17582,YASH CREATION,540754,5,0,3795,2,5,-948.75,3795,18975,5,919.34,19306.12,0733181,310,J.D.LOGISTICS,RATAN BHAI
1441,14/04/2026,565,MANIBHADRA TRADELINK,V R PAWAR SAREES,GULAB JAMUN,AARTI TEX,540754,156,0,202,2,2,-630.24,202,31512,5,1574.97,33074.37,0732577,11,J.D.LOGISTICS,AMAR BHAI
1442,14/04/2026,566,MANIBHADRA TRADELINK,V R PAWAR SAREES,TANA BANA BRIDAL 5664,JULAHAA EXCLUSIVE,540754,3,0,8970,2,10,-2691,8970,26910,5,1235.17,25938.55,BILL NO MT-566 BILL TO BILL GR (MAL NAHI GAYA THA),361265,J.D.LOGISTICS,RATAN BHAI
1443,14/04/2026,567,MANIBHADRA TRADELINK,V R PAWAR SAREES,REVATI Y,SAI DESIGNER CREATIVE,540754,3,0,2195,2,,,2195,6585,5,335.84,7052.54,0733197,393,J.D.LOGISTICS,RATAN BHAI
1444,14/04/2026,567,MANIBHADRA TRADELINK,V R PAWAR SAREES,VARDHMAN Y,SAI DESIGNER CREATIVE,540754,4,0,2195,2,,,2195,8780,5,447.78,9403.38,0733197,393,J.D.LOGISTICS,RATAN BHAI
1445,14/04/2026,567,MANIBHADRA TRADELINK,V R PAWAR SAREES,LAS VEGAS,SAI DESIGNER CREATIVE,540754,5,0,999,2,,,999,4995,5,254.75,5349.65,0733197,393,J.D.LOGISTICS,RATAN BHAI
1446,14/04/2026,567,MANIBHADRA TRADELINK,V R PAWAR SAREES,UMA 2,SAI DESIGNER CREATIVE,540754,5,0,595,2,,,595,2975,5,151.73,3186.23,0733197,393,J.D.LOGISTICS,RATAN BHAI
1447,14/04/2026,567,MANIBHADRA TRADELINK,V R PAWAR SAREES,RUTKA,SAI DESIGNER CREATIVE,540754,5,0,2265,2,,,2265,11325,5,577.58,12129.08,0733197,393,J.D.LOGISTICS,RATAN BHAI
1448,14/04/2026,567,MANIBHADRA TRADELINK,V R PAWAR SAREES,YUKTA,SAI DESIGNER CREATIVE,540754,5,0,1595,2,,,1595,7975,5,406.73,8541.23,0733197,393,J.D.LOGISTICS,RATAN BHAI
1449,14/04/2026,567,MANIBHADRA TRADELINK,V R PAWAR SAREES,RANZANA,SAI DESIGNER CREATIVE,540754,5,0,1465,2,,,1465,7325,5,373.58,7845.08,0733197,393,J.D.LOGISTICS,RATAN BHAI
1450,14/04/2026,567,MANIBHADRA TRADELINK,V R PAWAR SAREES,MUKTA,SAI DESIGNER CREATIVE,540754,5,0,1895,2,,,1895,9475,5,483.23,10147.73,0733197,393,J.D.LOGISTICS,RATAN BHAI
1451,14/04/2026,568,MANIBHADRA TRADELINK,V R PAWAR SAREES,CHIFFON REAL CHIFFON,GLOBAL TEXTILES,540754,982,0,137,2,2,-2690.68,137,134534,5,6724.01,141204.2,0732328,49,J.D.LOGISTICS,AMAR BHAI
1452,15/04/2026,569,MANIBHADRA TRADELINK,V R PAWAR SAREES,LINEN SILK,VIVA FAB,540754,72,0,260,2,3,-561.6,260,18720,5,926.08,19447.65,0732745,105,J.D.LOGISTICS,AMAR BHAI
1453,15/04/2026,570,MANIBHADRA TRADELINK,V R PAWAR SAREES,LINEN SILK,VIVA FAB,540754,72,0,260,2,3,-561.6,260,18720,5,926.08,19447.65,0732744,106,J.D.LOGISTICS,AMAR BHAI
1454,15/04/2026,571,MANIBHADRA TRADELINK,V R PAWAR SAREES,LINEN SILK,VIVA FAB,540754,72,0,260,2,3,-561.6,260,18720,5,926.08,19447.65,0732746,104,J.D.LOGISTICS,AMAR BHAI
1455,15/04/2026,572,MANIBHADRA TRADELINK,V R PAWAR SAREES,MAGIC,SHREE MAHAVIR SYNTHETICS,540754,168,0,183,2,2,-614.88,183,30744,5,1536.59,32268.29,0732892,508,J.D.LOGISTICS,AMAR BHAI
1456,15/04/2026,573,MANIBHADRA TRADELINK,V R PAWAR SAREES,TANA BANA PRIME 6064,JULAHAA EXCLUSIVE,540754,3,0,6797,2,10,-2039.1,6797,20391,5,935.95,19654.89,0733791,361376,J.D.LOGISTICS,RATAN BHAI
1457,15/04/2026,574,MANIBHADRA TRADELINK,V R PAWAR SAREES,NILOFER,ABHIRANG TEXTILES,540754,80,0,320,2,2,-512,320,25600,5,1279.49,26869.25,0733172,137,J.D.LOGISTICS,AMAR BHAI
1458,15/04/2026,575,MANIBHADRA TRADELINK,V R PAWAR SAREES,NILOFER,ABHIRANG TEXTILES,540754,80,0,320,2,2,-512,320,25600,5,1279.49,26869.25,0733180,135,J.D.LOGISTICS,AMAR BHAI
1459,15/04/2026,576,MANIBHADRA TRADELINK,V R PAWAR SAREES,NILOFER,ABHIRANG TEXTILES,540754,80,0,320,2,2,-512,320,25600,5,1279.49,26869.25,0733171,136,J.D.LOGISTICS,AMAR BHAI
1460,15/04/2026,577,MANIBHADRA TRADELINK,V R PAWAR SAREES,APPLE X,ROZY SILK MILLS,540754,144,0,147,2,2,-423.36,147,21168,5,1057.98,22217.51,0733034,949,J.D.LOGISTICS,AMAR BHAI
1461,15/04/2026,578,MANIBHADRA TRADELINK,V R PAWAR SAREES,APPLE X,ROZY SILK MILLS,540754,144,0,147,2,2,-423.36,147,21168,5,1057.98,22217.51,0733032,950,J.D.LOGISTICS,AMAR BHAI
1462,15/04/2026,579,MANIBHADRA TRADELINK,V R PAWAR SAREES,BANSI,SAI DESIGNER CREATIVE,540754,5,0,1885,2,,,1885,9425,5,480.68,10094.18,0733196,421,J.D.LOGISTICS,RATAN BHAI
1463,15/04/2026,579,MANIBHADRA TRADELINK,V R PAWAR SAREES,PALAK,SAI DESIGNER CREATIVE,540754,5,0,1765,2,,,1765,8825,5,450.08,9451.58,0733196,421,J.D.LOGISTICS,RATAN BHAI
1464,15/04/2026,579,MANIBHADRA TRADELINK,V R PAWAR SAREES,MAHESWARI Y,SAI DESIGNER CREATIVE,540754,5,0,1535,2,,,1535,7675,5,391.43,8219.93,0733196,421,J.D.LOGISTICS,RATAN BHAI
1465,15/04/2026,579,MANIBHADRA TRADELINK,V R PAWAR SAREES,NANDANI,SAI DESIGNER CREATIVE,540754,6,0,1595,2,,,1595,9570,5,488.07,10249.47,0733196,421,J.D.LOGISTICS,RATAN BHAI
1466,15/04/2026,579,MANIBHADRA TRADELINK,V R PAWAR SAREES,ARORA,SAI DESIGNER CREATIVE,540754,6,0,1425,2,,,1425,8550,5,436.05,9157.05,0733196,421,J.D.LOGISTICS,RATAN BHAI
1467,15/04/2026,579,MANIBHADRA TRADELINK,V R PAWAR SAREES,KRINU,SAI DESIGNER CREATIVE,540754,5,0,2095,2,,,2095,10475,5,534.23,11218.73,0733196,421,J.D.LOGISTICS,RATAN BHAI
1468,15/04/2026,579,MANIBHADRA TRADELINK,V R PAWAR SAREES,SJ 2,SAI DESIGNER CREATIVE,540754,6,0,1195,2,,,1195,7170,5,365.67,7679.07,0733196,421,J.D.LOGISTICS,RATAN BHAI
1469,15/04/2026,580,MANIBHADRA TRADELINK,V R PAWAR SAREES,MEDHAASHVI,SAI DESIGNER CREATIVE,540754,10,0,2195,2,,,2195,21950,5,1119.45,23508.45,0733194,424,J.D.LOGISTICS,RATAN BHAI
1470,15/04/2026,580,MANIBHADRA TRADELINK,V R PAWAR SAREES,NANDANI,SAI DESIGNER CREATIVE,540754,12,0,1595,2,,,1595,19140,5,976.14,20498.94,0733194,424,J.D.LOGISTICS,RATAN BHAI
1471,15/04/2026,580,MANIBHADRA TRADELINK,V R PAWAR SAREES,MITAL,SAI DESIGNER CREATIVE,540754,12,0,1555,2,,,1555,18660,5,951.66,19984.86,0733194,424,J.D.LOGISTICS,RATAN BHAI
1472,15/04/2026,580,MANIBHADRA TRADELINK,V R PAWAR SAREES,ARORA,SAI DESIGNER CREATIVE,540754,6,0,1425,2,,,1425,8550,5,436.05,9157.05,0733194,424,J.D.LOGISTICS,RATAN BHAI
1473,15/04/2026,580,MANIBHADRA TRADELINK,V R PAWAR SAREES,EKTA,SAI DESIGNER CREATIVE,540754,4,0,1665,2,,,1665,6660,5,339.66,7132.86,0733194,424,J.D.LOGISTICS,RATAN BHAI
1474,15/04/2026,580,MANIBHADRA TRADELINK,V R PAWAR SAREES,UMA 2,SAI DESIGNER CREATIVE,540754,5,0,595,2,,,595,2975,5,151.73,3186.23,0733194,424,J.D.LOGISTICS,RATAN BHAI
1475,15/04/2026,580,MANIBHADRA TRADELINK,V R PAWAR SAREES,HEMA SIROSKY,SAI DESIGNER CREATIVE,540754,5,0,925,2,,,925,4625,5,235.88,4953.38,0733194,424,J.D.LOGISTICS,RATAN BHAI
1476,15/04/2026,580,MANIBHADRA TRADELINK,V R PAWAR SAREES,AADI DEV,SAI DESIGNER CREATIVE,540754,5,0,975,2,,,975,4875,5,248.63,5221.13,0733194,424,J.D.LOGISTICS,RATAN BHAI
1477,15/04/2026,581,MANIBHADRA TRADELINK,V R PAWAR SAREES,SHIZUKA,SAI DESIGNER CREATIVE,540754,10,0,695,2,,,695,6950,5,354.45,7443.45,0733195,425,J.D.LOGISTICS,RATAN BHAI
1478,15/04/2026,581,MANIBHADRA TRADELINK,V R PAWAR SAREES,CHUTKI,SAI DESIGNER CREATIVE,540754,10,0,695,2,,,695,6950,5,354.45,7443.45,0733195,425,J.D.LOGISTICS,RATAN BHAI
1479,15/04/2026,581,MANIBHADRA TRADELINK,V R PAWAR SAREES,PARASMANI,SAI DESIGNER CREATIVE,540754,10,0,695,2,,,695,6950,5,354.45,7443.45,0733195,425,J.D.LOGISTICS,RATAN BHAI
1480,15/04/2026,581,MANIBHADRA TRADELINK,V R PAWAR SAREES,MANKI NET,SAI DESIGNER CREATIVE,540754,5,0,965,2,,,965,4825,5,246.08,5167.58,0733195,425,J.D.LOGISTICS,RATAN BHAI
1481,15/04/2026,581,MANIBHADRA TRADELINK,V R PAWAR SAREES,ANILA,SAI DESIGNER CREATIVE,540754,4,0,995,2,,,995,3980,5,202.98,4262.58,0733195,425,J.D.LOGISTICS,RATAN BHAI
1482,15/04/2026,581,MANIBHADRA TRADELINK,V R PAWAR SAREES,SHIVANSH 13,SAI DESIGNER CREATIVE,540754,5,0,595,2,,,595,2975,5,151.73,3186.23,0733195,425,J.D.LOGISTICS,RATAN BHAI
1483,15/04/2026,581,MANIBHADRA TRADELINK,V R PAWAR SAREES,SHIVANSH 11,SAI DESIGNER CREATIVE,540754,6,0,595,2,,,595,3570,5,182.07,3823.47,0733195,425,J.D.LOGISTICS,RATAN BHAI
1484,15/04/2026,581,MANIBHADRA TRADELINK,V R PAWAR SAREES,SHIVANSH 8,SAI DESIGNER CREATIVE,540754,6,0,595,2,,,595,3570,5,182.07,3823.47,0733195,425,J.D.LOGISTICS,RATAN BHAI
1485,15/04/2026,581,MANIBHADRA TRADELINK,V R PAWAR SAREES,SHIVANSH 1,SAI DESIGNER CREATIVE,540754,6,0,595,2,,,595,3570,5,182.07,3823.47,0733195,425,J.D.LOGISTICS,RATAN BHAI
1486,15/04/2026,581,MANIBHADRA TRADELINK,V R PAWAR SAREES,SHIVANSH 2,SAI DESIGNER CREATIVE,540754,6,0,595,2,,,595,3570,5,182.07,3823.47,0733195,425,J.D.LOGISTICS,RATAN BHAI
1487,15/04/2026,581,MANIBHADRA TRADELINK,V R PAWAR SAREES,SHIVANSH 4,SAI DESIGNER CREATIVE,540754,6,0,595,2,,,595,3570,5,182.07,3823.47,0733195,425,J.D.LOGISTICS,RATAN BHAI
1488,15/04/2026,581,MANIBHADRA TRADELINK,V R PAWAR SAREES,SHIVANSH 7,SAI DESIGNER CREATIVE,540754,5,0,595,2,,,595,2975,5,151.73,3186.23,0733195,425,J.D.LOGISTICS,RATAN BHAI
1489,15/04/2026,582,MANIBHADRA TRADELINK,V R PAWAR SAREES,LAKMI PALLU,VIVAAN PRINTS,540754,160,0,215,2,3,-1032,215,34400,5,1701.77,35737.13,0732860,146,J.D.LOGISTICS,AMAR BHAI
1490,15/04/2026,583,MANIBHADRA TRADELINK,V R PAWAR SAREES,LAKMI PALLU,VIVAAN PRINTS,540754,160,0,215,2,3,-1032,215,34400,5,1701.77,35737.13,0732859,147,J.D.LOGISTICS,AMAR BHAI
1491,15/04/2026,584,MANIBHADRA TRADELINK,V R PAWAR SAREES,JHUMKA,SHREE VALLI SAREES,540754,96,0,375,2,2,-720,375,36000,5,1799.28,37784.88,0733039,736,J.D.LOGISTICS,AMAR BHAI
1492,15/04/2026,585,MANIBHADRA TRADELINK,V R PAWAR SAREES,JHUMKA,SHREE VALLI SAREES,540754,96,0,375,2,2,-720,375,36000,5,1799.28,37784.88,0733038,737,J.D.LOGISTICS,AMAR BHAI
1493,15/04/2026,586,MANIBHADRA TRADELINK,V R PAWAR SAREES,SONIKA,ASHOK TEX,540754,592,0,182,2,2,-2154.88,182,107744,5,5385.05,113085.95,0733364,101,J.D.LOGISTICS,AMAR BHAI
1494,15/04/2026,587,MANIBHADRA TRADELINK,V R PAWAR SAREES,BANDHANI,VIVAAN PRINTS,540754,160,0,173,2,3,-830.4,173,27680,5,1369.33,28755.92,0733994,155,J.D.LOGISTICS,AMAR BHAI
1495,15/04/2026,588,MANIBHADRA TRADELINK,V R PAWAR SAREES,BANDHANI,VIVAAN PRINTS,540754,160,0,173,2,3,-830.4,173,27680,5,1369.33,28755.92,0733993,156,J.D.LOGISTICS,AMAR BHAI
1496,15/04/2026,589,MANIBHADRA TRADELINK,V R PAWAR SAREES,BANDHANI,VIVAAN PRINTS,540754,160,0,173,2,3,-830.4,173,27680,5,1369.33,28755.92,0733996,157,J.D.LOGISTICS,AMAR BHAI
1497,15/04/2026,590,MANIBHADRA TRADELINK,V R PAWAR SAREES,BANDHANI,VIVAAN PRINTS,540754,160,0,173,2,3,-830.4,173,27680,5,1369.33,28755.92,0733995,158,J.D.LOGISTICS,AMAR BHAI
1498,16/04/2026,591,MANIBHADRA TRADELINK,V R PAWAR SAREES,NEW GANGA PATTU,SAI CREATION,540754,80,0,285,2,2,-456,285,22800,5,1139.54,23930.42,0733518,191,J.D.LOGISTICS,AMAR BHAI
1499,16/04/2026,592,MANIBHADRA TRADELINK,V R PAWAR SAREES,NEW GANGA PATTU,SAI CREATION,540754,80,0,285,2,2,-456,285,22800,5,1139.54,23930.42,0733517,192,J.D.LOGISTICS,AMAR BHAI
1500,16/04/2026,593,MANIBHADRA TRADELINK,V R PAWAR SAREES,NEW GANGA PATTU,SAI CREATION,540754,80,0,285,2,2,-456,285,22800,5,1139.54,23930.42,0733516,193,J.D.LOGISTICS,AMAR BHAI
1501,16/04/2026,594,MANIBHADRA TRADELINK,V R PAWAR SAREES,NEW GANGA PATTU,SAI CREATION,540754,80,0,285,2,2,-456,285,22800,5,1139.54,23930.42,0733520,194,J.D.LOGISTICS,AMAR BHAI
1502,16/04/2026,595,MANIBHADRA TRADELINK,V R PAWAR SAREES,NEW GANGA PATTU,SAI CREATION,540754,80,0,285,2,2,-456,285,22800,5,1139.54,23930.42,0733515,195,J.D.LOGISTICS,AMAR BHAI
1503,16/04/2026,596,MANIBHADRA TRADELINK,V R PAWAR SAREES,NEW GANGA PATTU,SAI CREATION,540754,80,0,285,2,2,-456,285,22800,5,1139.54,23930.42,0733519,196,J.D.LOGISTICS,AMAR BHAI
1504,16/04/2026,597,MANIBHADRA TRADELINK,V R PAWAR SAREES,SARITA COTTON,SANJYOTI EXCLUSIVES,540754,48,0,411,2,2,-394.56,411,19728,5,986.01,20706.12,0733230,279,J.D.LOGISTICS,AMAR BHAI
1505,16/04/2026,597,MANIBHADRA TRADELINK,V R PAWAR SAREES,JHARNA,SANJYOTI EXCLUSIVES,540754,24,0,345,2,2,-165.6,345,8280,5,413.83,8690.52,0733230,279,J.D.LOGISTICS,AMAR BHAI
1506,16/04/2026,598,MANIBHADRA TRADELINK,V R PAWAR SAREES,VAANI,SANJYOTI EXCLUSIVES,540754,72,0,330,2,2,-475.2,330,23760,5,1187.53,24938.03,0733231,276,J.D.LOGISTICS,AMAR BHAI
1507,16/04/2026,599,MANIBHADRA TRADELINK,V R PAWAR SAREES,VARSHA ,SANJYOTI EXCLUSIVES,551511,72,0,455,2,2,-655.2,455,32760,5,1637.35,34384.25,0733234,277,J.D.LOGISTICS,AMAR BHAI
1508,16/04/2026,600,MANIBHADRA TRADELINK,V R PAWAR SAREES,BABITA CREPE,SANJYOTI EXCLUSIVES,540754,72,0,475,2,2,-684,475,34200,5,1709.32,35895.64,0733232,278,J.D.LOGISTICS,AMAR BHAI
1509,16/04/2026,601,MANIBHADRA TRADELINK,V R PAWAR SAREES,CHAMELI,VAANI FASHION,540754,90,0,305,2,2,-549,305,27450,5,1371.95,28810.97,0733260,247,J.D.LOGISTICS,AMAR BHAI
1510,16/04/2026,602,MANIBHADRA TRADELINK,V R PAWAR SAREES,LINEN SPECIAL,ROZY SILK MILLS,540754,84,0,225,2,2,-378,225,18900,5,944.62,19837.06,0733483,969,J.D.LOGISTICS,AMAR BHAI
1511,16/04/2026,603,MANIBHADRA TRADELINK,V R PAWAR SAREES,LINEN SPECIAL,ROZY SILK MILLS,540754,84,0,225,2,2,-378,225,18900,5,944.62,19837.06,0733480,970,J.D.LOGISTICS,AMAR BHAI
1512,16/04/2026,604,MANIBHADRA TRADELINK,V R PAWAR SAREES,LINEN SPECIAL,ROZY SILK MILLS,540754,84,0,225,2,2,-378,225,18900,5,944.62,19837.06,0733490,971,J.D.LOGISTICS,AMAR BHAI
1513,16/04/2026,605,MANIBHADRA TRADELINK,V R PAWAR SAREES,LINEN SPECIAL,ROZY SILK MILLS,540754,84,0,225,2,2,-378,225,18900,5,944.62,19837.06,0733481,972,J.D.LOGISTICS,AMAR BHAI
1514,16/04/2026,606,MANIBHADRA TRADELINK,V R PAWAR SAREES,LINEN SPECIAL,ROZY SILK MILLS,540754,84,0,225,2,2,-378,225,18900,5,944.62,19837.06,0733484,973,J.D.LOGISTICS,AMAR BHAI
1515,16/04/2026,607,MANIBHADRA TRADELINK,V R PAWAR SAREES,LINEN SPECIAL,ROZY SILK MILLS,540754,84,0,225,2,2,-378,225,18900,5,944.62,19837.06,0733488,974,J.D.LOGISTICS,AMAR BHAI
1516,16/04/2026,608,MANIBHADRA TRADELINK,V R PAWAR SAREES,LINEN SPECIAL,ROZY SILK MILLS,540754,84,0,225,2,2,-378,225,18900,5,944.62,19837.06,0733492,975,J.D.LOGISTICS,AMAR BHAI
1517,16/04/2026,609,MANIBHADRA TRADELINK,V R PAWAR SAREES,LINEN SPECIAL,ROZY SILK MILLS,540754,84,0,225,2,2,-378,225,18900,5,944.62,19837.06,0733493,976,J.D.LOGISTICS,AMAR BHAI
1518,16/04/2026,610,MANIBHADRA TRADELINK,V R PAWAR SAREES,LINEN SPECIAL,ROZY SILK MILLS,540754,84,0,225,2,2,-378,225,18900,5,944.62,19837.06,0733489,977,J.D.LOGISTICS,AMAR BHAI
1519,16/04/2026,611,MANIBHADRA TRADELINK,V R PAWAR SAREES,LINEN SPECIAL,ROZY SILK MILLS,540754,84,0,225,2,2,-378,225,18900,5,944.62,19837.06,0733491,978,J.D.LOGISTICS,AMAR BHAI
1520,16/04/2026,612,MANIBHADRA TRADELINK,V R PAWAR SAREES,MOGRA SILK,ROZY SILK MILLS,540754,84,0,345,2,2,-579.6,345,28980,5,1448.42,30416.83,0733482,979,J.D.LOGISTICS,AMAR BHAI
1521,16/04/2026,613,MANIBHADRA TRADELINK,V R PAWAR SAREES,MOGRA SILK,ROZY SILK MILLS,540754,84,0,345,2,2,-579.6,345,28980,5,1448.42,30416.83,0733485,980,J.D.LOGISTICS,AMAR BHAI
1522,16/04/2026,614,MANIBHADRA TRADELINK,V R PAWAR SAREES,MOGRA SILK,ROZY SILK MILLS,540754,84,0,345,2,2,-579.6,345,28980,5,1448.42,30416.83,0733487,981,J.D.LOGISTICS,AMAR BHAI
1523,16/04/2026,615,MANIBHADRA TRADELINK,V R PAWAR SAREES,MOGRA SILK,ROZY SILK MILLS,540754,84,0,345,2,2,-579.6,345,28980,5,1448.42,30416.83,0733486,982,J.D.LOGISTICS,AMAR BHAI
1524,16/04/2026,616,MANIBHADRA TRADELINK,V R PAWAR SAREES,MOGRA SILK,ROZY SILK MILLS,540754,84,0,345,2,2,-579.6,345,28980,5,1448.42,30416.83,0733479,983,J.D.LOGISTICS,AMAR BHAI
1525,16/04/2026,617,MANIBHADRA TRADELINK,V R PAWAR SAREES,SAMARA,ABHIRANG TEXTILES,540754,128,0,235,2,2,-601.6,235,30080,5,1503.4,31571.37,0733177,148,J.D.LOGISTICS,AMAR BHAI
1526,16/04/2026,618,MANIBHADRA TRADELINK,V R PAWAR SAREES,SAMARA,ABHIRANG TEXTILES,540754,129,0,235,2,2,-606.3,235,30315,5,1515.14,31818.01,0733176,149,J.D.LOGISTICS,AMAR BHAI
1527,16/04/2026,619,MANIBHADRA TRADELINK,V R PAWAR SAREES,SAMARA,ABHIRANG TEXTILES,540754,126,0,235,2,2,-592.2,235,29610,5,1479.91,31078.07,0733178,150,J.D.LOGISTICS,AMAR BHAI
1528,16/04/2026,620,MANIBHADRA TRADELINK,V R PAWAR SAREES,SAMARA,ABHIRANG TEXTILES,540754,144,0,235,2,2,-676.8,235,33840,5,1691.32,35517.78,0733175,151,J.D.LOGISTICS,AMAR BHAI
1529,16/04/2026,621,MANIBHADRA TRADELINK,V R PAWAR SAREES,SOFT & COOL,ABHIRANG TEXTILES,540754,143,0,185,2,2,-529.1,185,26455,5,1322.22,27766.64,0733174,152,J.D.LOGISTICS,AMAR BHAI
1530,16/04/2026,622,MANIBHADRA TRADELINK,V R PAWAR SAREES,SOFT & COOL,ABHIRANG TEXTILES,540754,144,0,185,2,2,-532.8,185,26640,5,1331.47,27960.81,0733173,153,J.D.LOGISTICS,AMAR BHAI
1531,16/04/2026,623,MANIBHADRA TRADELINK,V R PAWAR SAREES,SOFT & COOL,ABHIRANG TEXTILES,540754,144,0,185,2,2,-532.8,185,26640,5,1331.47,27960.81,0733179,154,J.D.LOGISTICS,AMAR BHAI
1532,16/04/2026,624,MANIBHADRA TRADELINK,V R PAWAR SAREES,SHRIMATI,B. SUMIT & CO.,540754,72,0,375,2,2,-540,375,27000,5,1349.46,28338.66,0733469,302,J.D.LOGISTICS,AMAR BHAI
1533,16/04/2026,625,MANIBHADRA TRADELINK,V R PAWAR SAREES,SHRIMATI,B. SUMIT & CO.,540754,72,0,375,2,2,-540,375,27000,5,1349.46,28338.66,0733472,301,J.D.LOGISTICS,AMAR BHAI
1534,16/04/2026,626,MANIBHADRA TRADELINK,V R PAWAR SAREES,SHRIMATI,B. SUMIT & CO.,540754,72,0,375,2,2,-540,375,27000,5,1349.46,28338.66,0733470,300,J.D.LOGISTICS,AMAR BHAI
1535,16/04/2026,627,MANIBHADRA TRADELINK,V R PAWAR SAREES,SHRIMATI,B. SUMIT & CO.,540754,72,0,375,2,2,-540,375,27000,5,1349.46,28338.66,0733471,299,J.D.LOGISTICS,AMAR BHAI
1536,16/04/2026,628,MANIBHADRA TRADELINK,V R PAWAR SAREES,SHRIMATI,B. SUMIT & CO.,540754,72,0,375,2,2,-540,375,27000,5,1349.46,28338.66,0733468,298,J.D.LOGISTICS,AMAR BHAI
1537,16/04/2026,629,MANIBHADRA TRADELINK,V R PAWAR SAREES,KASHMIRI,ROZY SILK MILLS,540754,84,0,270,2,2,-453.6,270,22680,5,1133.55,23804.48,0734690,1026,J.D.LOGISTICS,AMAR BHAI
1538,16/04/2026,630,MANIBHADRA TRADELINK,V R PAWAR SAREES,KASHMIRI,ROZY SILK MILLS,540754,84,0,270,2,2,-453.6,270,22680,5,1133.55,23804.48,0734692,1027,J.D.LOGISTICS,AMAR BHAI
1539,16/04/2026,631,MANIBHADRA TRADELINK,V R PAWAR SAREES,KASHMIRI,ROZY SILK MILLS,540754,84,0,270,2,2,-453.6,270,22680,5,1133.55,23804.48,0734693,1028,J.D.LOGISTICS,AMAR BHAI
1540,16/04/2026,632,MANIBHADRA TRADELINK,V R PAWAR SAREES,KASHMIRI,ROZY SILK MILLS,540754,84,0,270,2,2,-453.6,270,22680,5,1133.55,23804.48,0734695,1029,J.D.LOGISTICS,AMAR BHAI
1541,16/04/2026,633,MANIBHADRA TRADELINK,V R PAWAR SAREES,KASHMIRI,ROZY SILK MILLS,540754,84,0,270,2,2,-453.6,270,22680,5,1133.55,23804.48,0734694,1030,J.D.LOGISTICS,AMAR BHAI
1542,16/04/2026,634,MANIBHADRA TRADELINK,V R PAWAR SAREES,ROOP MANTRA,AAI ANANDA SYNTEX,540754,102,0,441,2,3,-1349.46,441,44982,5,2225.26,46730.45,0733455,888,J.D.LOGISTICS,AMAR BHAI
1543,16/04/2026,635,MANIBHADRA TRADELINK,V R PAWAR SAREES,ROYAL SIGNATURE,AMRAT INTERNATIONAL,540754,169,0,210,2,2,-709.8,210,35490,5,1773.79,37249.59,0733332,668,J.D.LOGISTICS,AMAR BHAI
1544,16/04/2026,636,MANIBHADRA TRADELINK,V R PAWAR SAREES,TANA BANA 6126,JULAHAA EXCLUSIVE,540754,1,0,4830,2,10,-483,4830,4830,5,221.7,4655.64,0733793,361438,J.D.LOGISTICS,RATAN BHAI
1545,16/04/2026,636,MANIBHADRA TRADELINK,V R PAWAR SAREES,TANA BANA 6123,JULAHAA EXCLUSIVE,540754,1,0,4830,2,10,-483,4830,4830,5,221.7,4655.64,0733793,361438,J.D.LOGISTICS,RATAN BHAI
1546,16/04/2026,636,MANIBHADRA TRADELINK,V R PAWAR SAREES,TANA BANA BRIDAL 6119,JULAHAA EXCLUSIVE,540754,1,0,4830,2,10,-483,4830,4830,5,221.7,4655.64,0733793,361438,J.D.LOGISTICS,RATAN BHAI
1547,16/04/2026,636,MANIBHADRA TRADELINK,V R PAWAR SAREES,TANA BANA BRIDAL 6129,JULAHAA EXCLUSIVE,540754,1,0,4830,2,10,-483,4830,4830,5,221.7,4655.64,0733793,361438,J.D.LOGISTICS,RATAN BHAI
1548,16/04/2026,637,MANIBHADRA TRADELINK,V R PAWAR SAREES,TANA BANA BRIDAL 6218,JULAHAA EXCLUSIVE,540754,4,0,7521,2,10,-3008.4,7521,30084,5,1380.86,28997.97,0736666,361439,J.D.LOGISTICS,RATAN BHAI
1549,16/04/2026,638,MANIBHADRA TRADELINK,V R PAWAR SAREES,TANA BANA PRIME 4892,JULAHAA EXCLUSIVE,540754,1,0,4106,2,10,-410.6,4106,4106,5,188.47,3957.78,0733792,361442,J.D.LOGISTICS,RATAN BHAI
1550,16/04/2026,638,MANIBHADRA TRADELINK,V R PAWAR SAREES,TANA BANA PRIME 5627,JULAHAA EXCLUSIVE,540754,1,0,4106,2,10,-410.6,4106,4106,5,188.47,3957.78,0733792,361442,J.D.LOGISTICS,RATAN BHAI
1551,16/04/2026,638,MANIBHADRA TRADELINK,V R PAWAR SAREES,TANA BANA PRIME 5628,JULAHAA EXCLUSIVE,540754,1,0,4106,2,10,-410.6,4106,4106,5,188.47,3957.78,0733792,361442,J.D.LOGISTICS,RATAN BHAI
1552,16/04/2026,638,MANIBHADRA TRADELINK,V R PAWAR SAREES,TANA BANA PRIME 4894,JULAHAA EXCLUSIVE,540754,1,0,4106,2,10,-410.6,4106,4106,5,188.47,3957.78,0733792,361442,J.D.LOGISTICS,RATAN BHAI
1553,16/04/2026,639,MANIBHADRA TRADELINK,V R PAWAR SAREES,RASSBURRY 8,CAUL FASHION,630790,2,0,4490,2,5,-449,4490,8980,18,1566.29,10267.91,0733583,374,J.D.LOGISTICS,RATAN BHAI
1554,16/04/2026,639,MANIBHADRA TRADELINK,V R PAWAR SAREES,RASSBURRY 10,CAUL FASHION,630790,2,0,4490,2,5,-449,4490,8980,18,1566.29,10267.91,0733583,374,J.D.LOGISTICS,RATAN BHAI
1555,16/04/2026,639,MANIBHADRA TRADELINK,V R PAWAR SAREES,RASSBURRY 2,CAUL FASHION,630790,2,0,4490,2,5,-449,4490,8980,18,1566.29,10267.91,0733583,374,J.D.LOGISTICS,RATAN BHAI
1556,16/04/2026,640,MANIBHADRA TRADELINK,V R PAWAR SAREES,RASSBURRY 9,CAUL FASHION,630790,5,0,4490,2,5,-1122.5,4490,22450,18,3915.73,25669.78,0733584,375,J.D.LOGISTICS,RATAN BHAI
1557,16/04/2026,640,MANIBHADRA TRADELINK,V R PAWAR SAREES,VARALAXMI 19,CAUL FASHION,630790,2,0,6290,2,5,-629,6290,12580,18,2194.2,14384.22,0733584,375,J.D.LOGISTICS,RATAN BHAI
1558,16/04/2026,641,MANIBHADRA TRADELINK,V R PAWAR SAREES,CHINA MOON,SANKAT MOCHAN TEXTILES,540754,94,0,435,2,5,-2044.5,435,40890,5,1981.12,41603.53,0734947,315,J.D.LOGISTICS,AMAR BHAI
1559,16/04/2026,642,MANIBHADRA TRADELINK,V R PAWAR SAREES,CHINA MOON,SANKAT MOCHAN TEXTILES,540754,92,0,435,2,5,-2001,435,40020,5,1938.97,40718.35,0734948,316,J.D.LOGISTICS,AMAR BHAI
1560,16/04/2026,643,MANIBHADRA TRADELINK,V R PAWAR SAREES,,SAI AASHA,540754,6,0,730,2,,,730,4380,5,223.38,4690.98,BILL NO 322  KA RATE DIFF,415,J.D.LOGISTICS,RATAN BHAI
1561,16/04/2026,644,MANIBHADRA TRADELINK,V R PAWAR SAREES,MONOPOLEY,VINAYAK FASHION,540754,137,0,200,2,2,-548,200,27400,5,1369.45,28758.49,0733396,84,J.D.LOGISTICS,AMAR BHAI
1562,16/04/2026,645,MANIBHADRA TRADELINK,V R PAWAR SAREES,MONOPOLEY,VINAYAK FASHION,540754,135,0,200,2,2,-540,200,27000,5,1349.46,28338.66,0733397,85,J.D.LOGISTICS,AMAR BHAI
1563,16/04/2026,646,MANIBHADRA TRADELINK,V R PAWAR SAREES,MONOPOLEY,VINAYAK FASHION,540754,135,0,200,2,2,-540,200,27000,5,1349.46,28338.66,0733400,86,J.D.LOGISTICS,AMAR BHAI
1564,16/04/2026,647,MANIBHADRA TRADELINK,V R PAWAR SAREES,MONOPOLEY,VINAYAK FASHION,540754,137,0,200,2,2,-548,200,27400,5,1369.45,28758.49,0733399,87,J.D.LOGISTICS,AMAR BHAI
1565,16/04/2026,648,MANIBHADRA TRADELINK,V R PAWAR SAREES,MONOPOLEY,VINAYAK FASHION,540754,145,0,200,2,2,-580,200,29000,5,1449.42,30437.82,0733398,88,J.D.LOGISTICS,AMAR BHAI
1566,16/04/2026,649,MANIBHADRA TRADELINK,V R PAWAR SAREES,11569,MAHAVIR CREATION,540754,12,0,875,2,2,-210,875,10500,5,524.79,11020.59,0733414,202,J.D.LOGISTICS,RATAN BHAI
1567,16/04/2026,649,MANIBHADRA TRADELINK,V R PAWAR SAREES,11622,MAHAVIR CREATION,540754,12,0,858,2,2,-205.92,858,10296,5,514.59,10806.47,0733414,202,J.D.LOGISTICS,RATAN BHAI
1568,16/04/2026,649,MANIBHADRA TRADELINK,V R PAWAR SAREES,11608,MAHAVIR CREATION,540754,12,0,849,2,2,-203.76,849,10188,5,509.2,10693.12,0733414,202,J.D.LOGISTICS,RATAN BHAI
1569,16/04/2026,649,MANIBHADRA TRADELINK,V R PAWAR SAREES,11623,MAHAVIR CREATION,540754,12,0,849,2,2,-203.76,849,10188,5,509.2,10693.12,0733414,202,J.D.LOGISTICS,RATAN BHAI
1570,16/04/2026,650,MANIBHADRA TRADELINK,V R PAWAR SAREES,11565,MAHAVIR CREATION,540754,16,0,946,2,2,-302.72,946,15136,5,756.5,15886.45,0733411,203,J.D.LOGISTICS,RATAN BHAI
1571,16/04/2026,650,MANIBHADRA TRADELINK,V R PAWAR SAREES,11528,MAHAVIR CREATION,540754,16,0,928,2,2,-296.96,928,14848,5,742.1,15584.16,0733411,203,J.D.LOGISTICS,RATAN BHAI
1572,16/04/2026,650,MANIBHADRA TRADELINK,V R PAWAR SAREES,11610,MAHAVIR CREATION,540754,8,0,928,2,2,-148.48,928,7424,5,371.05,7792.08,0733411,203,J.D.LOGISTICS,RATAN BHAI
1573,16/04/2026,650,MANIBHADRA TRADELINK,V R PAWAR SAREES,11579,MAHAVIR CREATION,540754,10,0,937,2,2,-187.4,937,9370,5,468.31,9834.56,0733411,203,J.D.LOGISTICS,RATAN BHAI
1574,16/04/2026,651,MANIBHADRA TRADELINK,V R PAWAR SAREES,11580,MAHAVIR CREATION,540754,12,0,858,2,2,-205.92,858,10296,5,514.59,10806.47,0733415,204,J.D.LOGISTICS,RATAN BHAI
1575,16/04/2026,651,MANIBHADRA TRADELINK,V R PAWAR SAREES,5223,MAHAVIR CREATION,540754,12,0,858,2,2,-205.92,858,10296,5,514.59,10806.47,0733415,204,J.D.LOGISTICS,RATAN BHAI
1576,16/04/2026,651,MANIBHADRA TRADELINK,V R PAWAR SAREES,11628,MAHAVIR CREATION,540754,12,0,1130,2,2,-271.2,1130,13560,5,677.73,14232.3,0733415,204,J.D.LOGISTICS,RATAN BHAI
1577,16/04/2026,651,MANIBHADRA TRADELINK,V R PAWAR SAREES,11620,MAHAVIR CREATION,540754,12,0,778,2,2,-186.72,778,9336,5,466.61,9798.87,0733415,204,J.D.LOGISTICS,RATAN BHAI
1578,16/04/2026,652,MANIBHADRA TRADELINK,V R PAWAR SAREES,11595,MAHAVIR CREATION,540754,16,0,629,2,2,-201.28,629,10064,5,503,10562.98,0733412,205,J.D.LOGISTICS,RATAN BHAI
1579,16/04/2026,652,MANIBHADRA TRADELINK,V R PAWAR SAREES,11618,MAHAVIR CREATION,540754,6,0,655,2,2,-78.6,655,3930,5,196.42,4124.85,0733412,205,J.D.LOGISTICS,RATAN BHAI
1580,16/04/2026,652,MANIBHADRA TRADELINK,V R PAWAR SAREES,11621,MAHAVIR CREATION,540754,12,0,699,2,2,-167.76,699,8388,5,419.23,8803.88,0733412,205,J.D.LOGISTICS,RATAN BHAI
1581,16/04/2026,652,MANIBHADRA TRADELINK,V R PAWAR SAREES,11483,MAHAVIR CREATION,540754,5,0,1650,2,2,-165,1650,8250,5,412.34,8659.04,0733412,205,J.D.LOGISTICS,RATAN BHAI
1582,16/04/2026,653,MANIBHADRA TRADELINK,V R PAWAR SAREES,5224,MAHAVIR CREATION,540754,18,0,875,2,2,-315,875,15750,5,787.19,16530.89,0733413,206,J.D.LOGISTICS,RATAN BHAI
1583,16/04/2026,653,MANIBHADRA TRADELINK,V R PAWAR SAREES,5228,MAHAVIR CREATION,540754,18,0,840,2,2,-302.4,840,15120,5,755.7,15869.65,0733413,206,J.D.LOGISTICS,RATAN BHAI
1584,16/04/2026,653,MANIBHADRA TRADELINK,V R PAWAR SAREES,5237,MAHAVIR CREATION,540754,18,0,805,2,2,-289.8,805,14490,5,724.21,15208.42,0733413,206,J.D.LOGISTICS,RATAN BHAI
1585,16/04/2026,654,MANIBHADRA TRADELINK,V R PAWAR SAREES,DUSTY PIPING,VEERVAANI SAREES,540754,34,0,295,2,2.5,-250.75,295,10030,5,498.74,10473.57,0733582,33,J.D.LOGISTICS,AMAR BHAI
1586,16/04/2026,654,MANIBHADRA TRADELINK,V R PAWAR SAREES,OLIVE SIROSHKI,VEERVAANI SAREES,540754,16,0,490,2,2.5,-196,490,7840,5,389.84,8186.72,0733582,33,J.D.LOGISTICS,AMAR BHAI
1587,16/04/2026,654,MANIBHADRA TRADELINK,V R PAWAR SAREES,SIMRAN,VEERVAANI SAREES,540754,7,0,411,2,2.5,-71.93,411,2877,5,143.06,3004.24,0733582,33,J.D.LOGISTICS,AMAR BHAI
1588,16/04/2026,654,MANIBHADRA TRADELINK,V R PAWAR SAREES,CRYSTAL HAND,VEERVAANI SAREES,540754,22,0,411,2,2.5,-226.05,411,9042,5,449.61,9441.88,0733582,33,J.D.LOGISTICS,AMAR BHAI
1589,17/04/2026,655,MANIBHADRA TRADELINK,V R PAWAR SAREES,GULABO,ASHOK FABRICS,540754,163,0,214,2,2,-697.64,214,34882,5,1743.4,36611.45,0734353,1026,J.D.LOGISTICS,AMAR BHAI
1590,17/04/2026,656,MANIBHADRA TRADELINK,V R PAWAR SAREES,GULABO,ASHOK FABRICS,540754,161,0,214,2,2,-689.08,214,34454,5,1722.01,36162.23,0734356,1027,J.D.LOGISTICS,AMAR BHAI
1591,17/04/2026,657,MANIBHADRA TRADELINK,V R PAWAR SAREES,GULABO,ASHOK FABRICS,540754,161,0,214,2,2,-689.08,214,34454,5,1722.01,36162.23,0734349,1028,J.D.LOGISTICS,AMAR BHAI
1592,17/04/2026,658,MANIBHADRA TRADELINK,V R PAWAR SAREES,GULABO,ASHOK FABRICS,540754,162,0,214,2,2,-693.36,214,34668,5,1732.71,36386.84,0734357,1029,J.D.LOGISTICS,AMAR BHAI
1593,17/04/2026,659,MANIBHADRA TRADELINK,V R PAWAR SAREES,GULABO,ASHOK FABRICS,540754,162,0,214,2,2,-693.36,214,34668,5,1732.71,36386.84,0734352,1030,J.D.LOGISTICS,AMAR BHAI
1594,17/04/2026,660,MANIBHADRA TRADELINK,V R PAWAR SAREES,GULABO,ASHOK FABRICS,540754,160,0,214,2,2,-684.8,214,34240,5,1711.32,35937.62,0734355,1031,J.D.LOGISTICS,AMAR BHAI
1595,17/04/2026,661,MANIBHADRA TRADELINK,V R PAWAR SAREES,GULABO,ASHOK FABRICS,540754,161,0,214,2,2,-689.08,214,34454,5,1722.01,36162.23,0734361,1032,J.D.LOGISTICS,AMAR BHAI
1596,17/04/2026,662,MANIBHADRA TRADELINK,V R PAWAR SAREES,MOGRA SILK,ROZY SILK MILLS,540754,84,0,345,2,2,-579.6,345,28980,5,1448.42,30416.83,0733890,1103,J.D.LOGISTICS,AMAR BHAI
1597,17/04/2026,663,MANIBHADRA TRADELINK,V R PAWAR SAREES,GUN GUN,ASHOK FABRICS,551511,159,0,206,2,2,-655.08,206,32754,5,1637.05,34377.95,0734365,1034,J.D.LOGISTICS,AMAR BHAI
1598,17/04/2026,664,MANIBHADRA TRADELINK,V R PAWAR SAREES,GUN GUN,ASHOK FABRICS,551511,160,0,206,2,2,-659.2,206,32960,5,1647.34,34594.16,0734362,1035,J.D.LOGISTICS,AMAR BHAI
1599,17/04/2026,665,MANIBHADRA TRADELINK,V R PAWAR SAREES,GUN GUN,ASHOK FABRICS,551511,159,0,206,2,2,-655.08,206,32754,5,1637.05,34377.95,0734364,1036,J.D.LOGISTICS,AMAR BHAI
1600,17/04/2026,666,MANIBHADRA TRADELINK,V R PAWAR SAREES,GUN GUN,ASHOK FABRICS,551511,161,0,206,2,2,-663.32,206,33166,5,1657.64,34810.37,0734354,1037,J.D.LOGISTICS,AMAR BHAI
1601,17/04/2026,667,MANIBHADRA TRADELINK,V R PAWAR SAREES,GUN GUN,ASHOK FABRICS,551511,161,0,206,2,2,-663.32,206,33166,5,1657.64,34810.37,0734363,1038,J.D.LOGISTICS,AMAR BHAI
1602,17/04/2026,668,MANIBHADRA TRADELINK,V R PAWAR SAREES,GUN GUN,ASHOK FABRICS,551511,159,0,206,2,2,-655.08,206,32754,5,1637.05,34377.95,0734359,1039,J.D.LOGISTICS,AMAR BHAI
1603,17/04/2026,669,MANIBHADRA TRADELINK,V R PAWAR SAREES,GUN GUN,ASHOK FABRICS,551511,158,0,206,2,2,-650.96,206,32548,5,1626.75,34161.73,0734360,1040,J.D.LOGISTICS,AMAR BHAI
1604,17/04/2026,670,MANIBHADRA TRADELINK,V R PAWAR SAREES,BARFI,VIVAAN PRINTS,540754,160,0,233,2,3,-1118.4,233,37280,5,1844.24,38729.07,0734036,163,J.D.LOGISTICS,AMAR BHAI
1605,17/04/2026,671,MANIBHADRA TRADELINK,V R PAWAR SAREES,COLDPLAY,ROOPKESARI SAREES,540754,96,0,331,2,3,-953.28,331,31776,5,1571.96,33011.13,0734439,34,J.D.LOGISTICS,AMAR BHAI
1606,17/04/2026,672,MANIBHADRA TRADELINK,V R PAWAR SAREES,RICH FEEL,MANVI CREATION,540754,73,0,300,2,2,-438,300,21900,5,1094.56,22985.8,0733967,298,J.D.LOGISTICS,AMAR BHAI
1607,17/04/2026,673,MANIBHADRA TRADELINK,V R PAWAR SAREES,RICH FEEL,MANVI CREATION,540754,72,0,300,2,2,-432,300,21600,5,1079.57,22670.93,0733968,299,J.D.LOGISTICS,AMAR BHAI
1608,17/04/2026,674,MANIBHADRA TRADELINK,V R PAWAR SAREES,RICH FEEL,MANVI CREATION,540754,72,0,300,2,2,-432,300,21600,5,1079.57,22670.93,0733969,303,J.D.LOGISTICS,AMAR BHAI
1609,17/04/2026,675,MANIBHADRA TRADELINK,V R PAWAR SAREES,RICH FEEL,MANVI CREATION,540754,75,0,300,2,2,-450,300,22500,5,1124.55,23615.55,0733970,304,J.D.LOGISTICS,AMAR BHAI
1610,17/04/2026,676,MANIBHADRA TRADELINK,V R PAWAR SAREES,RICH FEEL,MANVI CREATION,540754,74,0,300,2,2,-444,300,22200,5,1109.56,23300.68,0733973,305,J.D.LOGISTICS,AMAR BHAI
1611,17/04/2026,677,MANIBHADRA TRADELINK,V R PAWAR SAREES,CRYSTAL HAND,VEERVAANI SAREES,540754,66,0,411,2,2.5,-678.15,411,27126,5,1348.84,28325.65,0733901,34,J.D.LOGISTICS,AMAR BHAI
1612,17/04/2026,678,MANIBHADRA TRADELINK,V R PAWAR SAREES,UMA 1,SAI DESIGNER CREATIVE,540754,5,0,595,2,,,595,2975,5,151.73,3186.23,0734276,465,J.D.LOGISTICS,RATAN BHAI
1613,17/04/2026,678,MANIBHADRA TRADELINK,V R PAWAR SAREES,AAISHA,SAI DESIGNER CREATIVE,540754,5,0,1985,2,,,1985,9925,5,506.18,10629.68,0734276,465,J.D.LOGISTICS,RATAN BHAI
1614,17/04/2026,678,MANIBHADRA TRADELINK,V R PAWAR SAREES,KINJU,SAI DESIGNER CREATIVE,540754,6,0,2025,2,,,2025,12150,5,619.65,13012.65,0734276,465,J.D.LOGISTICS,RATAN BHAI
1615,17/04/2026,678,MANIBHADRA TRADELINK,V R PAWAR SAREES,ELIZA,SAI DESIGNER CREATIVE,540754,6,0,1475,2,,,1475,8850,5,451.35,9478.35,0734276,465,J.D.LOGISTICS,RATAN BHAI
1616,17/04/2026,678,MANIBHADRA TRADELINK,V R PAWAR SAREES,GLOBAL,SAI DESIGNER CREATIVE,540754,5,0,695,2,,,695,3475,5,177.23,3721.73,0734276,465,J.D.LOGISTICS,RATAN BHAI
1617,17/04/2026,679,MANIBHADRA TRADELINK,V R PAWAR SAREES,T 20,ROHAN FABRICS,540754,76,0,485,2,2,-737.2,485,36860,5,1842.26,38687.52,0734292,314,J.D.LOGISTICS,AMAR BHAI
1618,17/04/2026,680,MANIBHADRA TRADELINK,V R PAWAR SAREES,FLAME,ROHAN FABRICS,540754,12,0,775,2,2,-186,775,9300,5,464.81,9761.09,0734291,315,J.D.LOGISTICS,AMAR BHAI
1619,17/04/2026,680,MANIBHADRA TRADELINK,V R PAWAR SAREES,NILIMA,ROHAN FABRICS,540754,6,0,825,2,2,-99,825,4950,5,247.4,5195.42,0734291,315,J.D.LOGISTICS,AMAR BHAI
1620,17/04/2026,680,MANIBHADRA TRADELINK,V R PAWAR SAREES,NAVYA,ROHAN FABRICS,540754,28,0,918,2,2,-514.08,918,25704,5,1284.69,26978.41,0734291,315,J.D.LOGISTICS,AMAR BHAI
1621,17/04/2026,680,MANIBHADRA TRADELINK,V R PAWAR SAREES,BANI,ROHAN FABRICS,540754,30,0,867,2,2,-520.2,867,26010,5,1299.98,27299.57,0734291,315,J.D.LOGISTICS,AMAR BHAI
1622,17/04/2026,681,MANIBHADRA TRADELINK,V R PAWAR SAREES,RADHIKA,ABHIRANG TEXTILES,540754,80,0,310,2,2,-496,310,24800,5,1239.5,26029.58,0734046,164,J.D.LOGISTICS,AMAR BHAI
1623,17/04/2026,682,MANIBHADRA TRADELINK,V R PAWAR SAREES,RADHIKA,ABHIRANG TEXTILES,540754,80,0,310,2,2,-496,310,24800,5,1239.5,26029.58,0734047,165,J.D.LOGISTICS,AMAR BHAI
1624,17/04/2026,683,MANIBHADRA TRADELINK,V R PAWAR SAREES,RADHIKA,ABHIRANG TEXTILES,540754,80,0,310,2,2,-496,310,24800,5,1239.5,26029.58,0734045,166,J.D.LOGISTICS,AMAR BHAI
1625,17/04/2026,684,MANIBHADRA TRADELINK,V R PAWAR SAREES,FLAME,ROHAN FABRICS,540754,4,0,775,2,2,-62,775,3100,5,154.94,3253.7,0734293,316,J.D.LOGISTICS,AMAR BHAI
1626,17/04/2026,684,MANIBHADRA TRADELINK,V R PAWAR SAREES,T 20,ROHAN FABRICS,540754,6,0,485,2,2,-58.2,485,2910,5,145.44,3054.28,0734293,316,J.D.LOGISTICS,AMAR BHAI
1627,17/04/2026,684,MANIBHADRA TRADELINK,V R PAWAR SAREES,MONA LISHA,ROHAN FABRICS,540754,12,0,732,2,2,-175.68,732,8784,5,439.02,9219.51,0734293,316,J.D.LOGISTICS,AMAR BHAI
1628,17/04/2026,684,MANIBHADRA TRADELINK,V R PAWAR SAREES,YASH,ROHAN FABRICS,540754,12,0,681,2,2,-163.44,681,8172,5,408.44,8577.17,0734293,316,J.D.LOGISTICS,AMAR BHAI
1629,17/04/2026,684,MANIBHADRA TRADELINK,V R PAWAR SAREES,SITAFAL,ROHAN FABRICS,540754,42,0,860,2,2,-722.4,860,36120,5,1805.28,37910.83,0734293,316,J.D.LOGISTICS,AMAR BHAI
1630,17/04/2026,685,MANIBHADRA TRADELINK,V R PAWAR SAREES,RAM RATAN DHAN PAYO,SHREE SHREE BALAJI FABRICS,540754,12,0,935,2,12,-1346.4,935,11220,5,503.55,10574.62,0734379,671,J.D.LOGISTICS,AMAR BHAI
1631,17/04/2026,685,MANIBHADRA TRADELINK,V R PAWAR SAREES,GOPI GEET,SHREE SHREE BALAJI FABRICS,540754,12,0,795,2,12,-1144.8,795,9540,5,428.16,8991.26,0734379,671,J.D.LOGISTICS,AMAR BHAI
1632,17/04/2026,685,MANIBHADRA TRADELINK,V R PAWAR SAREES,TULSI KE RAMM,SHREE SHREE BALAJI FABRICS,540754,12,0,865,2,12,-1245.6,865,10380,5,465.85,9782.94,0734379,671,J.D.LOGISTICS,AMAR BHAI
1633,17/04/2026,685,MANIBHADRA TRADELINK,V R PAWAR SAREES,BAL LEELA,SHREE SHREE BALAJI FABRICS,540754,12,0,765,2,12,-1101.6,765,9180,5,412,8651.97,0734379,671,J.D.LOGISTICS,AMAR BHAI
1634,17/04/2026,685,MANIBHADRA TRADELINK,V R PAWAR SAREES,KAMAL NAYAN,SHREE SHREE BALAJI FABRICS,540754,12,0,1199,2,12,-1726.56,1199,14388,5,645.73,13560.4,0734379,671,J.D.LOGISTICS,AMAR BHAI
1635,17/04/2026,685,MANIBHADRA TRADELINK,V R PAWAR SAREES,SHREE RADHIKA,SHREE SHREE BALAJI FABRICS,540754,6,0,955,2,12,-687.6,955,5730,5,257.16,5400.41,0734379,671,J.D.LOGISTICS,AMAR BHAI
1636,17/04/2026,686,MANIBHADRA TRADELINK,V R PAWAR SAREES,RAM RATAN DHAN PAYO,SHREE SHREE BALAJI FABRICS,540754,12,0,935,2,12,-1346.4,935,11220,5,503.55,10574.62,0734380,672,J.D.LOGISTICS,AMAR BHAI
1637,17/04/2026,686,MANIBHADRA TRADELINK,V R PAWAR SAREES,GOPI GEET,SHREE SHREE BALAJI FABRICS,540754,12,0,795,2,12,-1144.8,795,9540,5,428.16,8991.26,0734380,672,J.D.LOGISTICS,AMAR BHAI
1638,17/04/2026,686,MANIBHADRA TRADELINK,V R PAWAR SAREES,TULSI KE RAMM,SHREE SHREE BALAJI FABRICS,540754,12,0,865,2,12,-1245.6,865,10380,5,465.85,9782.94,0734380,672,J.D.LOGISTICS,AMAR BHAI
1639,17/04/2026,686,MANIBHADRA TRADELINK,V R PAWAR SAREES,BAL LEELA,SHREE SHREE BALAJI FABRICS,540754,12,0,765,2,12,-1101.6,765,9180,5,412,8651.97,0734380,672,J.D.LOGISTICS,AMAR BHAI
1640,17/04/2026,686,MANIBHADRA TRADELINK,V R PAWAR SAREES,KAMAL NAYAN,SHREE SHREE BALAJI FABRICS,540754,12,0,1199,2,12,-1726.56,1199,14388,5,645.73,13560.4,0734380,672,J.D.LOGISTICS,AMAR BHAI
1641,17/04/2026,686,MANIBHADRA TRADELINK,V R PAWAR SAREES,SANT MILAN,SHREE SHREE BALAJI FABRICS,540754,6,0,1080,2,12,-777.6,1080,6480,5,290.82,6107.27,0734380,672,J.D.LOGISTICS,AMAR BHAI
1642,17/04/2026,687,MANIBHADRA TRADELINK,V R PAWAR SAREES,SONIKA,ASHOK TEX,540754,862,0,182,2,2,-3137.68,182,156884,5,7841.06,164662.31,0735047,116,J.D.LOGISTICS,AMAR BHAI
1643,18/04/2026,688,MANIBHADRA TRADELINK,V R PAWAR SAREES,TIRUPATI SILK,JAY MAHAVIR SAREE,540754,80,0,511,2,4,-1635.2,511,40880,5,2001.49,42031.19,0734592,639,J.D.LOGISTICS,RISHIKESH
1644,18/04/2026,689,MANIBHADRA TRADELINK,V R PAWAR SAREES,KALAKRITI,AAI ANANDA SYNTEX,540754,74,0,411,2,3,-912.42,411,30414,5,1504.58,31596.19,0735472,1008,J.D.LOGISTICS,AMAR BHAI
1645,18/04/2026,690,MANIBHADRA TRADELINK,V R PAWAR SAREES,CHAMELI,VAANI FASHION,540754,90,0,305,2,2,-549,305,27450,5,1371.95,28810.97,0734602,262,J.D.LOGISTICS,AMAR BHAI
1646,18/04/2026,691,MANIBHADRA TRADELINK,V R PAWAR SAREES,A-1 SILK,SURIYA PRINT,540754,85,0,515,2,2,-875.5,515,43775,5,2187.87,45945.36,0734589,99,J.D.LOGISTICS,AMAR BHAI
1647,18/04/2026,692,MANIBHADRA TRADELINK,V R PAWAR SAREES,VAANI,SANJYOTI EXCLUSIVES,540754,72,0,330,2,2,-475.2,330,23760,5,1187.53,24938.03,0734400,318,J.D.LOGISTICS,AMAR BHAI
1648,18/04/2026,693,MANIBHADRA TRADELINK,V R PAWAR SAREES,VAANI,SANJYOTI EXCLUSIVES,540754,120,0,250,2,2,-600,250,30000,5,1499.4,31487.4,0734519,319,J.D.LOGISTICS,AMAR BHAI
1649,18/04/2026,694,MANIBHADRA TRADELINK,V R PAWAR SAREES,VAANI,SANJYOTI EXCLUSIVES,540754,72,0,330,2,2,-475.2,330,23760,5,1187.53,24938.03,0734397,317,J.D.LOGISTICS,AMAR BHAI
1650,18/04/2026,695,MANIBHADRA TRADELINK,V R PAWAR SAREES,VAANI,SANJYOTI EXCLUSIVES,540754,120,0,250,2,2,-600,250,30000,5,1499.4,31487.4,0734516,320,J.D.LOGISTICS,AMAR BHAI
1651,18/04/2026,696,MANIBHADRA TRADELINK,V R PAWAR SAREES,CHAMELI,VAANI FASHION,540754,98,0,305,2,2,-597.8,305,29890,5,1493.9,31371.94,0734605,307,J.D.LOGISTICS,AMAR BHAI
1652,18/04/2026,697,MANIBHADRA TRADELINK,V R PAWAR SAREES,SUNANDA,VARSHA FABRICS,540754,152,0,193,2,2,-586.72,193,29336,5,1466.21,30790.48,0734533,52,J.D.LOGISTICS,AMAR BHAI
1653,18/04/2026,698,MANIBHADRA TRADELINK,V R PAWAR SAREES,SUNANDA,VARSHA FABRICS,540754,153,0,193,2,2,-590.58,193,29529,5,1475.86,30993.05,0734532,51,J.D.LOGISTICS,AMAR BHAI
1654,18/04/2026,699,MANIBHADRA TRADELINK,V R PAWAR SAREES,MARIA,AMBICA FAB DESIGN (INDIA) LLP,540754,10,0,855,2,7,-598.5,855,8550,5,405.53,8516.06,0734726,701,J.D.LOGISTICS,AMAR BHAI
1655,18/04/2026,699,MANIBHADRA TRADELINK,V R PAWAR SAREES,CATLOG FAMOUS,AMBICA FAB DESIGN (INDIA) LLP,540754,10,0,650,2,7,-455,650,6500,5,308.3,6474.2,0734726,701,J.D.LOGISTICS,AMAR BHAI
1656,18/04/2026,699,MANIBHADRA TRADELINK,V R PAWAR SAREES,GANDHARI,AMBICA FAB DESIGN (INDIA) LLP,540754,10,0,1299,2,7,-909.3,1299,12990,5,616.12,12938.43,0734726,701,J.D.LOGISTICS,AMAR BHAI
1657,18/04/2026,699,MANIBHADRA TRADELINK,V R PAWAR SAREES,PANCHALI,AMBICA FAB DESIGN (INDIA) LLP,540754,10,0,899,2,7,-629.3,899,8990,5,426.4,8954.31,0734726,701,J.D.LOGISTICS,AMAR BHAI
1658,18/04/2026,699,MANIBHADRA TRADELINK,V R PAWAR SAREES,MISHRI,AMBICA FAB DESIGN (INDIA) LLP,540754,10,0,755,2,7,-528.5,755,7550,5,358.1,7520.03,0734726,701,J.D.LOGISTICS,AMAR BHAI
1659,18/04/2026,699,MANIBHADRA TRADELINK,V R PAWAR SAREES,KUNTI,AMBICA FAB DESIGN (INDIA) LLP,540754,10,0,1299,2,7,-909.3,1299,12990,5,616.12,12938.43,0734726,701,J.D.LOGISTICS,AMAR BHAI
1660,18/04/2026,700,MANIBHADRA TRADELINK,V R PAWAR SAREES,ROOHI,AMBICA FAB DESIGN (INDIA) LLP,540754,9,0,899,2,7,-566.37,899,8091,5,383.76,8058.88,0734727,702,J.D.LOGISTICS,AMAR BHAI
1661,18/04/2026,700,MANIBHADRA TRADELINK,V R PAWAR SAREES,CATLOG VINTAGE,AMBICA FAB DESIGN (INDIA) LLP,540754,17,0,755,2,7,-898.45,755,12835,5,608.76,12784.04,0734727,702,J.D.LOGISTICS,AMAR BHAI
1662,18/04/2026,700,MANIBHADRA TRADELINK,V R PAWAR SAREES,SABHYATA,AMBICA FAB DESIGN (INDIA) LLP,540754,10,0,999,2,7,-699.3,999,9990,5,473.83,9950.34,0734727,702,J.D.LOGISTICS,AMAR BHAI
1663,18/04/2026,700,MANIBHADRA TRADELINK,V R PAWAR SAREES,SHAHI,AMBICA FAB DESIGN (INDIA) LLP,540754,6,0,999,2,7,-419.58,999,5994,5,284.3,5970.21,0734727,702,J.D.LOGISTICS,AMAR BHAI
1664,18/04/2026,700,MANIBHADRA TRADELINK,V R PAWAR SAREES,PHANTOM,AMBICA FAB DESIGN (INDIA) LLP,540754,4,0,999,2,7,-279.72,999,3996,5,189.53,3980.14,0734727,702,J.D.LOGISTICS,AMAR BHAI
1665,18/04/2026,701,MANIBHADRA TRADELINK,V R PAWAR SAREES,NEW GANGA,SAI CREATION,540754,84,0,285,2,2,-478.8,285,23940,5,1196.52,25126.94,0734822,246,J.D.LOGISTICS,AMAR BHAI
1666,18/04/2026,702,MANIBHADRA TRADELINK,V R PAWAR SAREES,NEW GANGA,SAI CREATION,540754,80,0,285,2,2,-456,285,22800,5,1139.54,23930.42,0734823,247,J.D.LOGISTICS,AMAR BHAI
1667,18/04/2026,703,MANIBHADRA TRADELINK,V R PAWAR SAREES,NEW GANGA,SAI CREATION,540754,80,0,285,2,2,-456,285,22800,5,1139.54,23930.42,0734821,248,J.D.LOGISTICS,AMAR BHAI
1668,18/04/2026,704,MANIBHADRA TRADELINK,V R PAWAR SAREES,LINEN SPECIAL,ROZY SILK MILLS,540754,84,0,225,2,2,-378,225,18900,5,944.62,19837.06,0734689,1149,J.D.LOGISTICS,AMAR BHAI
1669,18/04/2026,705,MANIBHADRA TRADELINK,V R PAWAR SAREES,LINEN SPECIAL,ROZY SILK MILLS,540754,84,0,225,2,2,-378,225,18900,5,944.62,19837.06,0734691,1150,J.D.LOGISTICS,AMAR BHAI
1670,18/04/2026,706,MANIBHADRA TRADELINK,V R PAWAR SAREES,LINEN SPECIAL,ROZY SILK MILLS,540754,84,0,225,2,2,-378,225,18900,5,944.62,19837.06,0734685,1158,J.D.LOGISTICS,AMAR BHAI
1671,18/04/2026,707,MANIBHADRA TRADELINK,V R PAWAR SAREES,LINEN SPECIAL,ROZY SILK MILLS,540754,84,0,225,2,2,-378,225,18900,5,944.62,19837.06,0734687,1159,J.D.LOGISTICS,AMAR BHAI
1672,18/04/2026,708,MANIBHADRA TRADELINK,V R PAWAR SAREES,LINEN SPECIAL,ROZY SILK MILLS,540754,84,0,225,2,2,-378,225,18900,5,944.62,19837.06,0734686,1160,J.D.LOGISTICS,AMAR BHAI
1673,18/04/2026,709,MANIBHADRA TRADELINK,V R PAWAR SAREES,LINEN SPECIAL,ROZY SILK MILLS,540754,84,0,225,2,2,-378,225,18900,5,944.62,19837.06,0734688,1161,J.D.LOGISTICS,AMAR BHAI
1674,18/04/2026,710,MANIBHADRA TRADELINK,V R PAWAR SAREES,TANA BANA BRIDAL 6108,JULAHAA EXCLUSIVE,540754,1,0,4830,2,10,-483,4830,4830,5,221.7,4655.64,0736664,361734,J.D.LOGISTICS,RATAN BHAI
1675,18/04/2026,710,MANIBHADRA TRADELINK,V R PAWAR SAREES,TANA BANA BRIDAL 6116,JULAHAA EXCLUSIVE,540754,1,0,4830,2,10,-483,4830,4830,5,221.7,4655.64,0736664,361734,J.D.LOGISTICS,RATAN BHAI
1676,18/04/2026,710,MANIBHADRA TRADELINK,V R PAWAR SAREES,TANA BANA BRIDAL 6106,JULAHAA EXCLUSIVE,540754,1,0,4830,2,10,-483,4830,4830,5,221.7,4655.64,0736664,361734,J.D.LOGISTICS,RATAN BHAI
1677,18/04/2026,710,MANIBHADRA TRADELINK,V R PAWAR SAREES,TANA BANA BRIDAL 6119,JULAHAA EXCLUSIVE,540754,1,0,4830,2,10,-483,4830,4830,5,221.7,4655.64,0736664,361734,J.D.LOGISTICS,RATAN BHAI
1678,18/04/2026,710,MANIBHADRA TRADELINK,V R PAWAR SAREES,TANA BANA BRIDAL 6129,JULAHAA EXCLUSIVE,540754,1,0,4830,2,10,-483,4830,4830,5,221.7,4655.64,0736664,361734,J.D.LOGISTICS,RATAN BHAI
1679,18/04/2026,711,MANIBHADRA TRADELINK,V R PAWAR SAREES,RAJ,SHYAM TEX,540754,30,0,595,2,2,-357,595,17850,5,892.14,18735,0734669,160,J.D.LOGISTICS,AMAR BHAI
1680,18/04/2026,711,MANIBHADRA TRADELINK,V R PAWAR SAREES,UPKAR 8,SHYAM TEX,540754,5,0,595,2,2,-59.5,595,2975,5,148.69,3122.5,0734669,160,J.D.LOGISTICS,AMAR BHAI
1681,18/04/2026,711,MANIBHADRA TRADELINK,V R PAWAR SAREES,DHADKAN 2,SHYAM TEX,540754,5,0,595,2,2,-59.5,595,2975,5,148.69,3122.5,0734669,160,J.D.LOGISTICS,AMAR BHAI
1682,18/04/2026,711,MANIBHADRA TRADELINK,V R PAWAR SAREES,LALO,SHYAM TEX,540754,36,0,425,2,2,-306,425,15300,5,764.69,16058.57,0734669,160,J.D.LOGISTICS,AMAR BHAI
1683,18/04/2026,712,MANIBHADRA TRADELINK,V R PAWAR SAREES,MINAXI Y,SAI DESIGNER CREATIVE,540754,5,0,1795,2,,,1795,8975,5,457.73,9612.23,0734491,505,J.D.LOGISTICS,RATAN BHAI
1684,18/04/2026,712,MANIBHADRA TRADELINK,V R PAWAR SAREES,NANDANI Y,SAI DESIGNER CREATIVE,540754,5,0,1975,2,,,1975,9875,5,503.63,10576.13,0734491,505,J.D.LOGISTICS,RATAN BHAI
1685,18/04/2026,712,MANIBHADRA TRADELINK,V R PAWAR SAREES,TWINKLE Y,SAI DESIGNER CREATIVE,540754,5,0,1295,2,,,1295,6475,5,330.23,6934.73,0734491,505,J.D.LOGISTICS,RATAN BHAI
1686,18/04/2026,712,MANIBHADRA TRADELINK,V R PAWAR SAREES,ROYAL Y,SAI DESIGNER CREATIVE,540754,5,0,1255,2,,,1255,6275,5,320.03,6720.53,0734491,505,J.D.LOGISTICS,RATAN BHAI
1687,18/04/2026,712,MANIBHADRA TRADELINK,V R PAWAR SAREES,DADHICHI Y,SAI DESIGNER CREATIVE,540754,5,0,1145,2,,,1145,5725,5,291.98,6131.48,0734491,505,J.D.LOGISTICS,RATAN BHAI
1688,18/04/2026,712,MANIBHADRA TRADELINK,V R PAWAR SAREES,PRIYANKA Y,SAI DESIGNER CREATIVE,540754,5,0,1495,2,,,1495,7475,5,381.23,8005.73,0734491,505,J.D.LOGISTICS,RATAN BHAI
1689,18/04/2026,712,MANIBHADRA TRADELINK,V R PAWAR SAREES,TIRUPATI Y,SAI DESIGNER CREATIVE,540754,5,0,1375,2,,,1375,6875,5,350.63,7363.13,0734491,505,J.D.LOGISTICS,RATAN BHAI
1690,18/04/2026,712,MANIBHADRA TRADELINK,V R PAWAR SAREES,ALKA Y,SAI DESIGNER CREATIVE,540754,5,0,1295,2,,,1295,6475,5,330.23,6934.73,0734491,505,J.D.LOGISTICS,RATAN BHAI
1691,18/04/2026,712,MANIBHADRA TRADELINK,V R PAWAR SAREES,CHISTI Y,SAI DESIGNER CREATIVE,540754,5,0,1395,2,,,1395,6975,5,355.73,7470.23,0734491,505,J.D.LOGISTICS,RATAN BHAI
1692,18/04/2026,712,MANIBHADRA TRADELINK,V R PAWAR SAREES,DRASHTI Y,SAI DESIGNER CREATIVE,540754,5,0,1345,2,,,1345,6725,5,342.98,7202.48,0734491,505,J.D.LOGISTICS,RATAN BHAI
1693,18/04/2026,712,MANIBHADRA TRADELINK,V R PAWAR SAREES,GULAB Y,SAI DESIGNER CREATIVE,540754,5,0,1235,2,,,1235,6175,5,314.93,6613.43,0734491,505,J.D.LOGISTICS,RATAN BHAI
1694,18/04/2026,712,MANIBHADRA TRADELINK,V R PAWAR SAREES,BHAVYA Y,SAI DESIGNER CREATIVE,540754,5,0,1095,2,,,1095,5475,5,279.23,5863.73,0734491,505,J.D.LOGISTICS,RATAN BHAI
1695,18/04/2026,712,MANIBHADRA TRADELINK,V R PAWAR SAREES,KAVYA Y,SAI DESIGNER CREATIVE,540754,5,0,1095,2,,,1095,5475,5,279.23,5863.73,0734491,505,J.D.LOGISTICS,RATAN BHAI
1696,18/04/2026,713,MANIBHADRA TRADELINK,V R PAWAR SAREES,PANCHALI SILK L,SAI DESIGNER CREATIVE,540754,9,0,2285,2,,,2285,20565,5,1048.82,22025.12,0734495,506,J.D.LOGISTICS,RATAN BHAI
1697,18/04/2026,713,MANIBHADRA TRADELINK,V R PAWAR SAREES,MALAI SILK,SAI DESIGNER CREATIVE,540754,10,0,1975,2,,,1975,19750,5,1007.25,21152.25,0734495,506,J.D.LOGISTICS,RATAN BHAI
1698,18/04/2026,713,MANIBHADRA TRADELINK,V R PAWAR SAREES,MAMTA SILK 6,SAI DESIGNER CREATIVE,540754,8,0,1445,2,,,1445,11560,5,589.56,12380.76,0734495,506,J.D.LOGISTICS,RATAN BHAI
1699,18/04/2026,714,MANIBHADRA TRADELINK,V R PAWAR SAREES,TAMANNA SILK,SAI DESIGNER CREATIVE,540754,6,0,3215,2,,,3215,19290,5,983.79,20659.59,0734493,508,J.D.LOGISTICS,RATAN BHAI
1700,18/04/2026,714,MANIBHADRA TRADELINK,V R PAWAR SAREES,LELA MAJNU DYBLE,SAI DESIGNER CREATIVE,540754,12,0,2175,2,,,2175,26100,5,1331.1,27953.1,0734493,508,J.D.LOGISTICS,RATAN BHAI
1701,18/04/2026,714,MANIBHADRA TRADELINK,V R PAWAR SAREES,NIKITA DYBLE,SAI DESIGNER CREATIVE,540754,12,0,2125,2,,,2125,25500,5,1300.5,27310.5,0734493,508,J.D.LOGISTICS,RATAN BHAI
1702,18/04/2026,715,MANIBHADRA TRADELINK,V R PAWAR SAREES,BHADRIKA SILK L,SAI DESIGNER CREATIVE,540754,8,0,2345,2,,,2345,18760,5,956.76,20091.96,0734497,510,J.D.LOGISTICS,RATAN BHAI
1703,18/04/2026,715,MANIBHADRA TRADELINK,V R PAWAR SAREES,LUCKY SILK,SAI DESIGNER CREATIVE,540754,4,0,1625,2,,,1625,6500,5,331.5,6961.5,0734497,510,J.D.LOGISTICS,RATAN BHAI
1704,18/04/2026,715,MANIBHADRA TRADELINK,V R PAWAR SAREES,GANESHA SILK L,SAI DESIGNER CREATIVE,540754,3,0,1995,2,,,1995,5985,5,305.24,6409.94,0734497,510,J.D.LOGISTICS,RATAN BHAI
1705,18/04/2026,715,MANIBHADRA TRADELINK,V R PAWAR SAREES,MAMTA SILK 11,SAI DESIGNER CREATIVE,540754,8,0,1445,2,,,1445,11560,5,589.56,12380.76,0734497,510,J.D.LOGISTICS,RATAN BHAI
1706,18/04/2026,715,MANIBHADRA TRADELINK,V R PAWAR SAREES,VIDHYA SILK,SAI DESIGNER CREATIVE,540754,4,0,1295,2,,,1295,5180,5,264.18,5547.78,0734497,510,J.D.LOGISTICS,RATAN BHAI
1707,18/04/2026,716,MANIBHADRA TRADELINK,V R PAWAR SAREES,MANASWI SILK LITE,SAI DESIGNER CREATIVE,540754,8,0,2345,2,,,2345,18760,5,956.76,20091.96,0734496,509,J.D.LOGISTICS,RATAN BHAI
1708,18/04/2026,716,MANIBHADRA TRADELINK,V R PAWAR SAREES,AYANSHI SILK L,SAI DESIGNER CREATIVE,540754,8,0,2145,2,,,2145,17160,5,875.16,18378.36,0734496,509,J.D.LOGISTICS,RATAN BHAI
1709,18/04/2026,716,MANIBHADRA TRADELINK,V R PAWAR SAREES,JUNNU SILK L,SAI DESIGNER CREATIVE,540754,4,0,2275,2,,,2275,9100,5,464.1,9746.1,0734496,509,J.D.LOGISTICS,RATAN BHAI
1710,18/04/2026,716,MANIBHADRA TRADELINK,V R PAWAR SAREES,CITY SILK,SAI DESIGNER CREATIVE,540754,4,0,1625,2,,,1625,6500,5,331.5,6961.5,0734496,509,J.D.LOGISTICS,RATAN BHAI
1711,18/04/2026,717,MANIBHADRA TRADELINK,V R PAWAR SAREES,GOPI SILK LITE,SAI DESIGNER CREATIVE,540754,8,0,2150,2,,,2150,17200,5,877.2,18421.2,0734494,507,J.D.LOGISTICS,RATAN BHAI
1712,18/04/2026,717,MANIBHADRA TRADELINK,V R PAWAR SAREES,JUNAR SILK,SAI DESIGNER CREATIVE,540754,10,0,1975,2,,,1975,19750,5,1007.25,21152.25,0734494,507,J.D.LOGISTICS,RATAN BHAI
1713,18/04/2026,717,MANIBHADRA TRADELINK,V R PAWAR SAREES,MAMTA SILK 7,SAI DESIGNER CREATIVE,540754,8,0,1445,2,,,1445,11560,5,589.56,12380.76,0734494,507,J.D.LOGISTICS,RATAN BHAI
1714,18/04/2026,717,MANIBHADRA TRADELINK,V R PAWAR SAREES,VIDHYA SILK,SAI DESIGNER CREATIVE,540754,4,0,1295,2,,,1295,5180,5,264.18,5547.78,0734494,507,J.D.LOGISTICS,RATAN BHAI
1715,18/04/2026,718,MANIBHADRA TRADELINK,V R PAWAR SAREES,PREKSHA RANGKAT SIR,SAI AASHA,540754,26,0,1625,2,,,1625,42250,5,2154.75,45249.75,0734500,478,J.D.LOGISTICS,RATAN BHAI
1716,18/04/2026,719,MANIBHADRA TRADELINK,V R PAWAR SAREES,RIYA RANGKAT SIR,SAI AASHA,540754,23,0,1625,2,,,1625,37375,5,1906.13,40028.63,0734503,477,J.D.LOGISTICS,RATAN BHAI
1717,18/04/2026,719,MANIBHADRA TRADELINK,V R PAWAR SAREES,MAYAVI RANGKAT SIR,SAI AASHA,540754,22,0,1695,2,,,1695,37290,5,1901.79,39937.59,0734503,477,J.D.LOGISTICS,RATAN BHAI
1718,18/04/2026,720,MANIBHADRA TRADELINK,V R PAWAR SAREES,7273,VRAJGOPI CREATION,540754,1,0,3995,2,4,-159.8,3995,3995,5,195.6,4107.5,0735060,1056,J.D.LOGISTICS,RATAN BHAI
1719,18/04/2026,720,MANIBHADRA TRADELINK,V R PAWAR SAREES,6656,VRAJGOPI CREATION,540754,1,0,3995,2,4,-159.8,3995,3995,5,195.6,4107.5,0735060,1056,J.D.LOGISTICS,RATAN BHAI
1720,18/04/2026,720,MANIBHADRA TRADELINK,V R PAWAR SAREES,7139,VRAJGOPI CREATION,540754,1,0,9495,2,4,-379.8,9495,9495,5,464.88,9762.38,0735060,1056,J.D.LOGISTICS,RATAN BHAI
1721,18/04/2026,720,MANIBHADRA TRADELINK,V R PAWAR SAREES,7206,VRAJGOPI CREATION,540754,1,0,8995,2,4,-359.8,8995,8995,5,440.4,9248.3,0735060,1056,J.D.LOGISTICS,RATAN BHAI
1722,18/04/2026,720,MANIBHADRA TRADELINK,V R PAWAR SAREES,5334,VRAJGOPI CREATION,540754,3,0,4195,2,4,-503.4,4195,12585,5,616.16,12939.39,0735060,1056,J.D.LOGISTICS,RATAN BHAI
1723,18/04/2026,720,MANIBHADRA TRADELINK,V R PAWAR SAREES,8347,VRAJGOPI CREATION,540754,1,0,9995,2,4,-399.8,9995,9995,5,489.36,10276.46,0735060,1056,J.D.LOGISTICS,RATAN BHAI
1724,18/04/2026,721,MANIBHADRA TRADELINK,V R PAWAR SAREES,MOGRA SILK,ROZY SILK MILLS,540754,84,0,345,2,2,-579.6,345,28980,5,1448.42,30416.83,0734508,1200,J.D.LOGISTICS,AMAR BHAI
1725,18/04/2026,722,MANIBHADRA TRADELINK,V R PAWAR SAREES,MOGRA SILK,ROZY SILK MILLS,540754,84,0,345,2,2,-579.6,345,28980,5,1448.42,30416.83,0734505,1219,J.D.LOGISTICS,AMAR BHAI
1726,18/04/2026,723,MANIBHADRA TRADELINK,V R PAWAR SAREES,MOGRA SILK,ROZY SILK MILLS,540754,84,0,345,2,2,-579.6,345,28980,5,1448.42,30416.83,0734507,1220,J.D.LOGISTICS,AMAR BHAI
1727,18/04/2026,724,MANIBHADRA TRADELINK,V R PAWAR SAREES,MOGRA SILK,ROZY SILK MILLS,540754,84,0,345,2,2,-579.6,345,28980,5,1448.42,30416.83,0734506,1221,J.D.LOGISTICS,AMAR BHAI
1728,18/04/2026,725,MANIBHADRA TRADELINK,V R PAWAR SAREES,MOGRA SILK,ROZY SILK MILLS,540754,84,0,345,2,2,-579.6,345,28980,5,1448.42,30416.83,0734509,1222,J.D.LOGISTICS,AMAR BHAI
1729,18/04/2026,726,MANIBHADRA TRADELINK,V R PAWAR SAREES,MOGRA SILK,ROZY SILK MILLS,540754,84,0,345,2,2,-579.6,345,28980,5,1448.42,30416.83,0734510,1223,J.D.LOGISTICS,AMAR BHAI
1730,18/04/2026,727,MANIBHADRA TRADELINK,V R PAWAR SAREES,SHRIMATI,B. SUMIT & CO.,540754,72,0,375,2,2,-540,375,27000,5,1349.46,28338.66,0734842,372,J.D.LOGISTICS,AMAR BHAI
1731,18/04/2026,728,MANIBHADRA TRADELINK,V R PAWAR SAREES,SHRIMATI,B. SUMIT & CO.,540754,72,0,375,2,2,-540,375,27000,5,1349.46,28338.66,0734840,371,J.D.LOGISTICS,AMAR BHAI
1732,18/04/2026,729,MANIBHADRA TRADELINK,V R PAWAR SAREES,SHRIMATI,B. SUMIT & CO.,540754,72,0,375,2,2,-540,375,27000,5,1349.46,28338.66,0734839,370,J.D.LOGISTICS,AMAR BHAI
1733,18/04/2026,730,MANIBHADRA TRADELINK,V R PAWAR SAREES,SHRIMATI,B. SUMIT & CO.,540754,72,0,375,2,2,-540,375,27000,5,1349.46,28338.66,0734846,369,J.D.LOGISTICS,AMAR BHAI
1734,18/04/2026,731,MANIBHADRA TRADELINK,V R PAWAR SAREES,SHRIMATI,B. SUMIT & CO.,540754,72,0,375,2,2,-540,375,27000,5,1349.46,28338.66,0734843,368,J.D.LOGISTICS,AMAR BHAI
1735,18/04/2026,732,MANIBHADRA TRADELINK,V R PAWAR SAREES,SHRIMATI,B. SUMIT & CO.,540754,72,0,375,2,2,-540,375,27000,5,1349.46,28338.66,0734848,367,J.D.LOGISTICS,AMAR BHAI
1736,18/04/2026,733,MANIBHADRA TRADELINK,V R PAWAR SAREES,CHANDNI,B. SUMIT & CO.,540754,72,0,280,2,2,-403.2,280,20160,5,1007.6,21159.54,0734847,366,J.D.LOGISTICS,AMAR BHAI
1737,18/04/2026,734,MANIBHADRA TRADELINK,V R PAWAR SAREES,CHANDNI,B. SUMIT & CO.,540754,72,0,280,2,2,-403.2,280,20160,5,1007.6,21159.54,0734844,365,J.D.LOGISTICS,AMAR BHAI
1738,18/04/2026,735,MANIBHADRA TRADELINK,V R PAWAR SAREES,CHANDNI,B. SUMIT & CO.,540754,72,0,280,2,2,-403.2,280,20160,5,1007.6,21159.54,0734845,364,J.D.LOGISTICS,AMAR BHAI
1739,18/04/2026,736,MANIBHADRA TRADELINK,V R PAWAR SAREES,CHANDNI,B. SUMIT & CO.,540754,72,0,280,2,2,-403.2,280,20160,5,1007.6,21159.54,0734841,363,J.D.LOGISTICS,AMAR BHAI
1740,18/04/2026,737,MANIBHADRA TRADELINK,V R PAWAR SAREES,CHANDNI,B. SUMIT & CO.,540754,72,0,280,2,2,-403.2,280,20160,5,1007.6,21159.54,0734849,362,J.D.LOGISTICS,AMAR BHAI
1741,18/04/2026,738,MANIBHADRA TRADELINK,V R PAWAR SAREES,FANCY MAHIMA NX,SAI AASHA,540754,7,0,1695,2,,,1695,11865,5,605.12,12707.42,0734499,485,J.D.LOGISTICS,RATAN BHAI
1742,18/04/2026,738,MANIBHADRA TRADELINK,V R PAWAR SAREES,FANCY XUV,SAI AASHA,540754,8,0,1195,2,,,1195,9560,5,487.56,10238.76,0734499,485,J.D.LOGISTICS,RATAN BHAI
1743,18/04/2026,738,MANIBHADRA TRADELINK,V R PAWAR SAREES,FANCY RANGRAAJ,SAI AASHA,540754,7,0,1075,2,,,1075,7525,5,383.78,8059.28,0734499,485,J.D.LOGISTICS,RATAN BHAI
1744,18/04/2026,738,MANIBHADRA TRADELINK,V R PAWAR SAREES,FANCY DHANUSH,SAI AASHA,540754,6,0,1295,2,,,1295,7770,5,396.27,8321.67,0734499,485,J.D.LOGISTICS,RATAN BHAI
1745,18/04/2026,738,MANIBHADRA TRADELINK,V R PAWAR SAREES,FANCY VIVHA,SAI AASHA,540754,6,0,1295,2,,,1295,7770,5,396.27,8321.67,0734499,485,J.D.LOGISTICS,RATAN BHAI
1746,18/04/2026,738,MANIBHADRA TRADELINK,V R PAWAR SAREES,FANCY MAHARANI,SAI AASHA,540754,4,0,1095,2,,,1095,4380,5,223.38,4690.98,0734499,485,J.D.LOGISTICS,RATAN BHAI
1747,18/04/2026,738,MANIBHADRA TRADELINK,V R PAWAR SAREES,FANCY LAJVANTI,SAI AASHA,540754,4,0,1095,2,,,1095,4380,5,223.38,4690.98,0734499,485,J.D.LOGISTICS,RATAN BHAI
1748,18/04/2026,739,MANIBHADRA TRADELINK,V R PAWAR SAREES,MONOPOLEY,VINAYAK FASHION,540754,146,0,200,2,2,-584,200,29200,5,1459.42,30647.74,0735083,113,J.D.LOGISTICS,AMAR BHAI
1749,18/04/2026,740,MANIBHADRA TRADELINK,V R PAWAR SAREES,MONOPOLEY,VINAYAK FASHION,540754,145,0,200,2,2,-580,200,29000,5,1449.42,30437.82,0735084,114,J.D.LOGISTICS,AMAR BHAI
1750,20/04/2026,741,MANIBHADRA TRADELINK,V R PAWAR SAREES,KASHMIRI,ROZY SILK MILLS,540754,84,0,270,2,2,-453.6,270,22680,5,1133.55,23804.48,0734901,1244,J.D.LOGISTICS,AMAR BHAI
1751,20/04/2026,742,MANIBHADRA TRADELINK,V R PAWAR SAREES,RAM RATAN DHAN PAYO,SHREE SHREE BALAJI FABRICS,540754,12,0,935,2,12,-1346.4,935,11220,5,503.55,10574.62,0735171,673,J.D.LOGISTICS,AMAR BHAI
1752,20/04/2026,742,MANIBHADRA TRADELINK,V R PAWAR SAREES,KAMAL NAYAN,SHREE SHREE BALAJI FABRICS,540754,12,0,1199,2,12,-1726.56,1199,14388,5,645.73,13560.4,0735171,673,J.D.LOGISTICS,AMAR BHAI
1753,20/04/2026,742,MANIBHADRA TRADELINK,V R PAWAR SAREES,PADAM NATH,SHREE SHREE BALAJI FABRICS,540754,12,0,905,2,12,-1303.2,905,10860,5,487.4,10235.34,0735171,673,J.D.LOGISTICS,AMAR BHAI
1754,20/04/2026,742,MANIBHADRA TRADELINK,V R PAWAR SAREES,RAJESHWARI,SHREE SHREE BALAJI FABRICS,540754,12,0,847,2,12,-1219.68,847,10164,5,456.16,9579.37,0735171,673,J.D.LOGISTICS,AMAR BHAI
1755,20/04/2026,742,MANIBHADRA TRADELINK,V R PAWAR SAREES,CHHALIYA,SHREE SHREE BALAJI FABRICS,540754,12,0,631,2,12,-908.64,631,7572,5,339.83,7136.46,0735171,673,J.D.LOGISTICS,AMAR BHAI
1756,20/04/2026,742,MANIBHADRA TRADELINK,V R PAWAR SAREES,RAM RATAN DHAN PAYO,SHREE SHREE BALAJI FABRICS,540754,12,0,935,2,12,-1346.4,935,11220,5,503.55,10574.62,0735171,673,J.D.LOGISTICS,AMAR BHAI
1757,20/04/2026,743,MANIBHADRA TRADELINK,V R PAWAR SAREES,320,PARIS FASHION,540754,6,0,2650,2,2,-318,2650,15900,5,794.68,16688.32,0737464,743,J.D.LOGISTICS,RISHIKESH
1758,20/04/2026,743,MANIBHADRA TRADELINK,V R PAWAR SAREES,258,PARIS FASHION,540754,4,0,2960,2,2,-236.8,2960,11840,5,591.76,12427.02,0737464,743,J.D.LOGISTICS,RISHIKESH
1759,20/04/2026,744,MANIBHADRA TRADELINK,V R PAWAR SAREES,BMW DIGITAL,SANJYOTI EXCLUSIVES,540754,130,0,215,2,2,-559,215,27950,5,1396.94,29335.76,0735374,341,J.D.LOGISTICS,AMAR BHAI
1760,20/04/2026,745,MANIBHADRA TRADELINK,V R PAWAR SAREES,AARTI SILK,SANJYOTI EXCLUSIVES,540754,72,0,650,2,2,-936,650,46800,5,2339.06,49120.34,0735376,343,J.D.LOGISTICS,AMAR BHAI
1761,20/04/2026,746,MANIBHADRA TRADELINK,V R PAWAR SAREES,BMW DIGITAL,SANJYOTI EXCLUSIVES,540754,130,0,215,2,2,-559,215,27950,5,1396.94,29335.76,0735375,342,J.D.LOGISTICS,AMAR BHAI
1762,20/04/2026,747,MANIBHADRA TRADELINK,V R PAWAR SAREES,APPLE X,ROZY SILK MILLS,540754,144,0,147,2,2,-423.36,147,21168,5,1057.98,22217.51,0734897,1254,J.D.LOGISTICS,AMAR BHAI
1763,20/04/2026,748,MANIBHADRA TRADELINK,V R PAWAR SAREES,APPLE X,ROZY SILK MILLS,540754,144,0,147,2,2,-423.36,147,21168,5,1057.98,22217.51,0734898,1255,J.D.LOGISTICS,AMAR BHAI
1764,20/04/2026,749,MANIBHADRA TRADELINK,V R PAWAR SAREES,APPLE X,ROZY SILK MILLS,540754,144,0,147,2,2,-423.36,147,21168,5,1057.98,22217.51,0734895,1256,J.D.LOGISTICS,AMAR BHAI
1765,20/04/2026,750,MANIBHADRA TRADELINK,V R PAWAR SAREES,APPLE X,ROZY SILK MILLS,540754,144,0,147,2,2,-423.36,147,21168,5,1057.98,22217.51,0734896,1257,J.D.LOGISTICS,AMAR BHAI
1766,20/04/2026,751,MANIBHADRA TRADELINK,V R PAWAR SAREES,APPLE X,ROZY SILK MILLS,540754,144,0,147,2,2,-423.36,147,21168,5,1057.98,22217.51,0734894,1258,J.D.LOGISTICS,AMAR BHAI
1767,20/04/2026,752,MANIBHADRA TRADELINK,V R PAWAR SAREES,JANKI GEORGETTE,SAI AASHA,540754,7,0,865,2,,,865,6055,5,308.81,6484.91,0735285,501,J.D.LOGISTICS,RATAN BHAI
1768,20/04/2026,752,MANIBHADRA TRADELINK,V R PAWAR SAREES,RUSTAM GEORGETTE,SAI AASHA,540754,7,0,925,2,,,925,6475,5,330.23,6934.73,0735285,501,J.D.LOGISTICS,RATAN BHAI
1769,20/04/2026,752,MANIBHADRA TRADELINK,V R PAWAR SAREES,FANCY MISTRI 2,SAI AASHA,540754,8,0,1675,2,,,1675,13400,5,683.4,14351.4,0735285,501,J.D.LOGISTICS,RATAN BHAI
1770,20/04/2026,752,MANIBHADRA TRADELINK,V R PAWAR SAREES,FANCY AMBIKA,SAI AASHA,540754,6,0,1115,2,,,1115,6690,5,341.19,7164.99,0735285,501,J.D.LOGISTICS,RATAN BHAI
1771,20/04/2026,753,MANIBHADRA TRADELINK,V R PAWAR SAREES,SUNANDA,VARSHA FABRICS,540754,155,0,193,2,2,-598.3,193,29915,5,1495.15,31398.18,0735057,59,J.D.LOGISTICS,AMAR BHAI
1772,20/04/2026,754,MANIBHADRA TRADELINK,V R PAWAR SAREES,SUNANDA,VARSHA FABRICS,540754,155,0,193,2,2,-598.3,193,29915,5,1495.15,31398.18,0735058,60,J.D.LOGISTICS,AMAR BHAI
1773,20/04/2026,755,MANIBHADRA TRADELINK,V R PAWAR SAREES,SONIKA,ASHOK TEX,540754,575,0,182,2,2,-2093,182,104650,5,5230.41,109838.55,0735048,140,J.D.LOGISTICS,AMAR BHAI
1774,20/04/2026,756,MANIBHADRA TRADELINK,V R PAWAR SAREES,TANA BANA BRIDAL 6211,JULAHAA EXCLUSIVE,540754,4,0,7728,2,10,-3091.2,7728,30912,5,1418.86,29796.08,0735885,361751,J.D.LOGISTICS,RATAN BHAI
1775,20/04/2026,757,MANIBHADRA TRADELINK,V R PAWAR SAREES,TANA BANA BRIDAL 6216,JULAHAA EXCLUSIVE,540754,5,0,7521,2,10,-3760.5,7521,37605,5,1726.07,36247.46,0735888,361752,J.D.LOGISTICS,RATAN BHAI
1776,20/04/2026,758,MANIBHADRA TRADELINK,V R PAWAR SAREES,TANA BANA BRIDAL 4982,JULAHAA EXCLUSIVE,540754,2,0,7521,2,10,-1504.2,7521,15042,5,690.43,14498.99,0735891,361753,J.D.LOGISTICS,RATAN BHAI
1777,20/04/2026,759,MANIBHADRA TRADELINK,V R PAWAR SAREES,TANA BANA BRIDAL 6064,JULAHAA EXCLUSIVE,540754,3,0,6797,2,10,-2039.1,6797,20391,5,935.95,19654.89,0735889,361754,J.D.LOGISTICS,RATAN BHAI
1778,20/04/2026,760,MANIBHADRA TRADELINK,V R PAWAR SAREES,TANA BANA BRIDAL 6064,JULAHAA EXCLUSIVE,540754,3,0,6797,2,10,-2039.1,6797,20391,5,935.95,19654.89,0735887,361755,J.D.LOGISTICS,RATAN BHAI
1779,20/04/2026,761,MANIBHADRA TRADELINK,V R PAWAR SAREES,TANA BANA BRIDAL 6217,JULAHAA EXCLUSIVE,540754,4,0,7159,2,10,-2863.6,7159,28636,5,1314.39,27602.24,0735890,361761,J.D.LOGISTICS,RATAN BHAI
1780,20/04/2026,762,MANIBHADRA TRADELINK,V R PAWAR SAREES,D 723,PARIS FASHION,540754,3,0,3395,2,2,-203.7,3395,10185,5,509.05,10689.98,0735452,617,J.D.LOGISTICS,RISHIKESH
1781,20/04/2026,762,MANIBHADRA TRADELINK,V R PAWAR SAREES,D 270,PARIS FASHION,540754,6,0,2360,2,2,-283.2,2360,14160,5,707.72,14862.06,0735452,617,J.D.LOGISTICS,RISHIKESH
1782,20/04/2026,762,MANIBHADRA TRADELINK,V R PAWAR SAREES,D 360,PARIS FASHION,540754,3,0,1625,2,2,-97.5,1625,4875,5,243.65,5116.7,0735452,617,J.D.LOGISTICS,RISHIKESH
1783,20/04/2026,762,MANIBHADRA TRADELINK,V R PAWAR SAREES,C 1560,PARIS FASHION,540754,14,0,1990,2,2,-557.2,1990,27860,5,1392.44,29241.3,0735452,617,J.D.LOGISTICS,RISHIKESH
1784,20/04/2026,762,MANIBHADRA TRADELINK,V R PAWAR SAREES,C 830,PARIS FASHION,540754,11,0,1990,2,2,-437.8,1990,21890,5,1094.06,22975.3,0735452,617,J.D.LOGISTICS,RISHIKESH
1785,20/04/2026,762,MANIBHADRA TRADELINK,V R PAWAR SAREES,D 719,PARIS FASHION,540754,3,0,1525,2,2,-91.5,1525,4575,5,228.66,4801.83,0735452,617,J.D.LOGISTICS,RISHIKESH
1786,20/04/2026,762,MANIBHADRA TRADELINK,V R PAWAR SAREES,C 1770,PARIS FASHION,540754,5,0,1560,2,2,-156,1560,7800,5,389.84,8186.72,0735452,617,J.D.LOGISTICS,RISHIKESH
1787,20/04/2026,762,MANIBHADRA TRADELINK,V R PAWAR SAREES,C 1794,PARIS FASHION,540754,3,0,1575,2,2,-94.5,1575,4725,5,236.16,4959.27,0735452,617,J.D.LOGISTICS,RISHIKESH
1788,20/04/2026,762,MANIBHADRA TRADELINK,V R PAWAR SAREES,C 1704,PARIS FASHION,540754,3,0,1525,2,2,-91.5,1525,4575,5,228.66,4801.83,0735452,617,J.D.LOGISTICS,RISHIKESH
1789,20/04/2026,763,MANIBHADRA TRADELINK,V R PAWAR SAREES,C 2094,PARIS FASHION,540754,4,0,1990,2,2,-159.2,1990,7960,5,397.84,8354.66,0735453,616,J.D.LOGISTICS,RISHIKESH
1790,20/04/2026,763,MANIBHADRA TRADELINK,V R PAWAR SAREES,C 2201,PARIS FASHION,540754,5,0,1990,2,2,-199,1990,9950,5,497.3,10443.32,0735453,616,J.D.LOGISTICS,RISHIKESH
1791,20/04/2026,763,MANIBHADRA TRADELINK,V R PAWAR SAREES,D 142,PARIS FASHION,540754,13,0,1475,2,2,-383.5,1475,19175,5,958.37,20125.7,0735453,616,J.D.LOGISTICS,RISHIKESH
1792,20/04/2026,763,MANIBHADRA TRADELINK,V R PAWAR SAREES,D 42,PARIS FASHION,540754,9,0,1990,2,2,-358.2,1990,17910,5,895.14,18797.98,0735453,616,J.D.LOGISTICS,RISHIKESH
1793,20/04/2026,763,MANIBHADRA TRADELINK,V R PAWAR SAREES,D 13,PARIS FASHION,540754,6,0,1990,2,2,-238.8,1990,11940,5,596.76,12531.98,0735453,616,J.D.LOGISTICS,RISHIKESH
1794,20/04/2026,763,MANIBHADRA TRADELINK,V R PAWAR SAREES,D 208,PARIS FASHION,540754,5,0,1290,2,2,-129,1290,6450,5,322.37,6769.79,0735453,616,J.D.LOGISTICS,RISHIKESH
1795,20/04/2026,763,MANIBHADRA TRADELINK,V R PAWAR SAREES,C 1850,PARIS FASHION,540754,3,0,1990,2,2,-119.4,1990,5970,5,298.38,6265.99,0735453,616,J.D.LOGISTICS,RISHIKESH
1796,20/04/2026,763,MANIBHADRA TRADELINK,V R PAWAR SAREES,C 2090,PARIS FASHION,540754,6,0,1990,2,2,-238.8,1990,11940,5,596.76,12531.98,0735453,616,J.D.LOGISTICS,RISHIKESH
1797,20/04/2026,763,MANIBHADRA TRADELINK,V R PAWAR SAREES,C 2270,PARIS FASHION,540754,6,0,1990,2,2,-238.8,1990,11940,5,596.76,12531.98,0735453,616,J.D.LOGISTICS,RISHIKESH
1798,20/04/2026,763,MANIBHADRA TRADELINK,V R PAWAR SAREES,D 19,PARIS FASHION,540754,4,0,1990,2,2,-159.2,1990,7960,5,397.84,8354.66,0735453,616,J.D.LOGISTICS,RISHIKESH
1799,20/04/2026,764,MANIBHADRA TRADELINK,V R PAWAR SAREES,C 2094,PARIS FASHION,540754,2,0,1990,2,2,-79.6,1990,3980,5,198.92,4177.33,0735454,614,J.D.LOGISTICS,RISHIKESH
1800,20/04/2026,764,MANIBHADRA TRADELINK,V R PAWAR SAREES,D 142,PARIS FASHION,540754,5,0,1475,2,2,-147.5,1475,7375,5,368.6,7740.65,0735454,614,J.D.LOGISTICS,RISHIKESH
1801,20/04/2026,764,MANIBHADRA TRADELINK,V R PAWAR SAREES,C 2167,PARIS FASHION,540754,6,0,1910,2,2,-229.2,1910,11460,5,572.77,12028.19,0735454,614,J.D.LOGISTICS,RISHIKESH
1802,20/04/2026,764,MANIBHADRA TRADELINK,V R PAWAR SAREES,D 328,PARIS FASHION,540754,5,0,1090,2,2,-109,1090,5450,5,272.39,5720.21,0735454,614,J.D.LOGISTICS,RISHIKESH
1803,20/04/2026,764,MANIBHADRA TRADELINK,V R PAWAR SAREES,C 1561,PARIS FASHION,540754,12,0,1990,2,2,-477.6,1990,23880,5,1193.52,25063.97,0735454,614,J.D.LOGISTICS,RISHIKESH
1804,20/04/2026,764,MANIBHADRA TRADELINK,V R PAWAR SAREES,D 280,PARIS FASHION,540754,6,0,1375,2,2,-165,1375,8250,5,412.34,8659.04,0735454,614,J.D.LOGISTICS,RISHIKESH
1805,20/04/2026,764,MANIBHADRA TRADELINK,V R PAWAR SAREES,D 231,PARIS FASHION,540754,4,0,2590,2,2,-207.2,2590,10360,5,517.79,10873.65,0735454,614,J.D.LOGISTICS,RISHIKESH
1806,20/04/2026,764,MANIBHADRA TRADELINK,V R PAWAR SAREES,D 97,PARIS FASHION,540754,9,0,2025,2,2,-364.5,2025,18225,5,910.89,19128.6,0735454,614,J.D.LOGISTICS,RISHIKESH
1807,20/04/2026,764,MANIBHADRA TRADELINK,V R PAWAR SAREES,D 240,PARIS FASHION,540754,4,0,1460,2,2,-116.8,1460,5840,5,291.88,6129.54,0735454,614,J.D.LOGISTICS,RISHIKESH
1808,20/04/2026,764,MANIBHADRA TRADELINK,V R PAWAR SAREES,D 237,PARIS FASHION,540754,4,0,1350,2,2,-108,1350,5400,5,269.89,5667.73,0735454,614,J.D.LOGISTICS,RISHIKESH
1809,20/04/2026,765,MANIBHADRA TRADELINK,V R PAWAR SAREES,D 43,PARIS FASHION,540754,5,0,1990,2,2,-199,1990,9950,5,497.3,10443.32,0735451,615,J.D.LOGISTICS,RISHIKESH
1810,20/04/2026,765,MANIBHADRA TRADELINK,V R PAWAR SAREES,C 2010,PARIS FASHION,540754,7,0,1990,2,2,-278.6,1990,13930,5,696.22,14620.65,0735451,615,J.D.LOGISTICS,RISHIKESH
1811,20/04/2026,765,MANIBHADRA TRADELINK,V R PAWAR SAREES,D 219,PARIS FASHION,540754,4,0,1290,2,2,-103.2,1290,5160,5,257.9,5415.84,0735451,615,J.D.LOGISTICS,RISHIKESH
1812,20/04/2026,765,MANIBHADRA TRADELINK,V R PAWAR SAREES,C 2157,PARIS FASHION,540754,4,0,1390,2,2,-111.2,1390,5560,5,277.89,5835.67,0735451,615,J.D.LOGISTICS,RISHIKESH
1813,20/04/2026,765,MANIBHADRA TRADELINK,V R PAWAR SAREES,D 143,PARIS FASHION,540754,7,0,1990,2,2,-278.6,1990,13930,5,696.22,14620.65,0735451,615,J.D.LOGISTICS,RISHIKESH
1814,20/04/2026,765,MANIBHADRA TRADELINK,V R PAWAR SAREES,D 327,PARIS FASHION,540754,7,0,1090,2,2,-152.6,1090,7630,5,381.35,8008.3,0735451,615,J.D.LOGISTICS,RISHIKESH
1815,20/04/2026,765,MANIBHADRA TRADELINK,V R PAWAR SAREES,D 659,PARIS FASHION,540754,5,0,2510,2,2,-251,2510,12550,5,627.25,13172.23,0735451,615,J.D.LOGISTICS,RISHIKESH
1816,20/04/2026,765,MANIBHADRA TRADELINK,V R PAWAR SAREES,D 658,PARIS FASHION,540754,4,0,2510,2,2,-200.8,2510,10040,5,501.8,10537.78,0735451,615,J.D.LOGISTICS,RISHIKESH
1817,20/04/2026,765,MANIBHADRA TRADELINK,V R PAWAR SAREES,D 371,PARIS FASHION,540754,11,0,1090,2,2,-239.8,1090,11990,5,599.26,12584.46,0735451,615,J.D.LOGISTICS,RISHIKESH
1818,20/04/2026,765,MANIBHADRA TRADELINK,V R PAWAR SAREES,D 177,PARIS FASHION,540754,5,0,1990,2,2,-199,1990,9950,5,497.3,10443.32,0735451,615,J.D.LOGISTICS,RISHIKESH
1819,20/04/2026,766,MANIBHADRA TRADELINK,V R PAWAR SAREES,RAJ 1,SHYAM TEX,540754,5,0,535,2,2,-53.5,535,2675,5,133.7,2807.63,0735209,178,J.D.LOGISTICS,AMAR BHAI
1820,20/04/2026,766,MANIBHADRA TRADELINK,V R PAWAR SAREES,RAJ 2,SHYAM TEX,540754,5,0,535,2,2,-53.5,535,2675,5,133.7,2807.63,0735209,178,J.D.LOGISTICS,AMAR BHAI
1821,20/04/2026,766,MANIBHADRA TRADELINK,V R PAWAR SAREES,RAJ 3,SHYAM TEX,540754,5,0,535,2,2,-53.5,535,2675,5,133.7,2807.63,0735209,178,J.D.LOGISTICS,AMAR BHAI
1822,20/04/2026,766,MANIBHADRA TRADELINK,V R PAWAR SAREES,RAJ 4,SHYAM TEX,540754,5,0,535,2,2,-53.5,535,2675,5,133.7,2807.63,0735209,178,J.D.LOGISTICS,AMAR BHAI
1823,20/04/2026,766,MANIBHADRA TRADELINK,V R PAWAR SAREES,RAJ 6,SHYAM TEX,540754,5,0,535,2,2,-53.5,535,2675,5,133.7,2807.63,0735209,178,J.D.LOGISTICS,AMAR BHAI
1824,20/04/2026,766,MANIBHADRA TRADELINK,V R PAWAR SAREES,RAJ 8,SHYAM TEX,540754,5,0,535,2,2,-53.5,535,2675,5,133.7,2807.63,0735209,178,J.D.LOGISTICS,AMAR BHAI
1825,20/04/2026,766,MANIBHADRA TRADELINK,V R PAWAR SAREES,UPKAR 8,SHYAM TEX,540754,5,0,535,2,2,-53.5,535,2675,5,133.7,2807.63,0735209,178,J.D.LOGISTICS,AMAR BHAI
1826,20/04/2026,766,MANIBHADRA TRADELINK,V R PAWAR SAREES,DHADKAN 2,SHYAM TEX,540754,5,0,535,2,2,-53.5,535,2675,5,133.7,2807.63,0735209,178,J.D.LOGISTICS,AMAR BHAI
1827,21/04/2026,767,MANIBHADRA TRADELINK,V R PAWAR SAREES,LINEN SPECIAL,ROZY SILK MILLS,540754,84,0,225,2,2,-378,225,18900,5,944.62,19837.06,0735157,1373,J.D.LOGISTICS,AMAR BHAI
1828,21/04/2026,768,MANIBHADRA TRADELINK,V R PAWAR SAREES,LINEN SPECIAL,ROZY SILK MILLS,540754,84,0,225,2,2,-378,225,18900,5,944.62,19837.06,0735156,1374,J.D.LOGISTICS,AMAR BHAI
1829,21/04/2026,769,MANIBHADRA TRADELINK,V R PAWAR SAREES,LINEN SPECIAL,ROZY SILK MILLS,540754,84,0,225,2,2,-378,225,18900,5,944.62,19837.06,0735153,1375,J.D.LOGISTICS,AMAR BHAI
1830,21/04/2026,770,MANIBHADRA TRADELINK,V R PAWAR SAREES,LINEN SPECIAL,ROZY SILK MILLS,540754,84,0,225,2,2,-378,225,18900,5,944.62,19837.06,0735155,1376,J.D.LOGISTICS,AMAR BHAI
1831,21/04/2026,771,MANIBHADRA TRADELINK,V R PAWAR SAREES,LINEN SPECIAL,ROZY SILK MILLS,540754,84,0,225,2,2,-378,225,18900,5,944.62,19837.06,0735152,1377,J.D.LOGISTICS,AMAR BHAI
1832,21/04/2026,772,MANIBHADRA TRADELINK,V R PAWAR SAREES,LINEN SPECIAL,ROZY SILK MILLS,540754,84,0,225,2,2,-378,225,18900,5,944.62,19837.06,0735154,1378,J.D.LOGISTICS,AMAR BHAI
1833,21/04/2026,773,MANIBHADRA TRADELINK,V R PAWAR SAREES,JIO SILK,VIDHATA NX,540754,50,0,285,2,3,-427.5,285,14250,5,704.95,14803.9,0735416,1580,J.D.LOGISTICS,RISHIKESH
1834,21/04/2026,774,MANIBHADRA TRADELINK,V R PAWAR SAREES,TANA BANA BRIDAL 6219,JULAHAA EXCLUSIVE,540754,4,0,7832,2,10,-3132.8,7832,31328,5,1437.96,30197.06,0735886,361942,J.D.LOGISTICS,RATAN BHAI
1835,21/04/2026,775,MANIBHADRA TRADELINK,V R PAWAR SAREES,ZARA,ABHIRANG TEXTILES,540754,80,0,250,2,2,-400,250,20000,5,999.6,20991.6,0735549,193,J.D.LOGISTICS,AMAR BHAI
1836,21/04/2026,776,MANIBHADRA TRADELINK,V R PAWAR SAREES,ZARA,ABHIRANG TEXTILES,540754,80,0,250,2,2,-400,250,20000,5,999.6,20991.6,0735547,194,J.D.LOGISTICS,AMAR BHAI
1837,21/04/2026,777,MANIBHADRA TRADELINK,V R PAWAR SAREES,ZARA,ABHIRANG TEXTILES,540754,80,0,250,2,2,-400,250,20000,5,999.6,20991.6,0735548,195,J.D.LOGISTICS,AMAR BHAI
1838,21/04/2026,778,MANIBHADRA TRADELINK,V R PAWAR SAREES,RIWAZO,SANJYOTI EXCLUSIVES,540754,72,0,520,2,2,-748.8,520,37440,5,1871.25,39296.27,0735793,356,J.D.LOGISTICS,AMAR BHAI
1839,21/04/2026,779,MANIBHADRA TRADELINK,V R PAWAR SAREES,PAYZAPP,KESARI NANDAN SAREES PRIVATE LIMITED,540754,8,0,798,2,7,-446.88,798,6384,5,302.79,6358.65,0735483,5048,J.D.LOGISTICS,AMAR BHAI
1840,21/04/2026,779,MANIBHADRA TRADELINK,V R PAWAR SAREES,SONALIKA,KESARI NANDAN SAREES PRIVATE LIMITED,540754,6,0,778,2,7,-326.76,778,4668,5,221.4,4649.46,0735483,5048,J.D.LOGISTICS,AMAR BHAI
1841,21/04/2026,779,MANIBHADRA TRADELINK,V R PAWAR SAREES,PAYZAPP,KESARI NANDAN SAREES PRIVATE LIMITED,540754,4,0,798,2,7,-223.44,798,3192,5,151.4,3179.33,0735483,5048,J.D.LOGISTICS,AMAR BHAI
1842,21/04/2026,779,MANIBHADRA TRADELINK,V R PAWAR SAREES,MINI PALAZA,KESARI NANDAN SAREES PRIVATE LIMITED,540754,12,0,1065,2,7,-894.6,1065,12780,5,606.16,12729.27,0735483,5048,J.D.LOGISTICS,AMAR BHAI
1843,21/04/2026,779,MANIBHADRA TRADELINK,V R PAWAR SAREES,MILK CAKE,KESARI NANDAN SAREES PRIVATE LIMITED,540754,8,0,898,2,7,-502.88,898,7184,5,340.74,7155.48,0735483,5048,J.D.LOGISTICS,AMAR BHAI
1844,21/04/2026,779,MANIBHADRA TRADELINK,V R PAWAR SAREES,MINI PALAZA,KESARI NANDAN SAREES PRIVATE LIMITED,540754,8,0,1065,2,7,-596.4,1065,8520,5,404.1,8486.17,0735483,5048,J.D.LOGISTICS,AMAR BHAI
1845,21/04/2026,779,MANIBHADRA TRADELINK,V R PAWAR SAREES,MILK CAKE,KESARI NANDAN SAREES PRIVATE LIMITED,540754,12,0,898,2,7,-754.32,898,10776,5,511.11,10733.22,0735483,5048,J.D.LOGISTICS,AMAR BHAI
1846,21/04/2026,780,MANIBHADRA TRADELINK,V R PAWAR SAREES,MADHUR,KESARI NANDAN SAREES PRIVATE LIMITED,540754,24,0,598,2,7,-1004.64,598,14352,5,680.72,14295.03,0735482,5049,J.D.LOGISTICS,AMAR BHAI
1847,21/04/2026,780,MANIBHADRA TRADELINK,V R PAWAR SAREES,MILK CAKE,KESARI NANDAN SAREES PRIVATE LIMITED,540754,8,0,898,2,7,-502.88,898,7184,5,340.74,7155.48,0735482,5049,J.D.LOGISTICS,AMAR BHAI
1848,21/04/2026,780,MANIBHADRA TRADELINK,V R PAWAR SAREES,SONALIKA,KESARI NANDAN SAREES PRIVATE LIMITED,540754,6,0,778,2,7,-326.76,778,4668,5,221.4,4649.46,0735482,5049,J.D.LOGISTICS,AMAR BHAI
1849,21/04/2026,780,MANIBHADRA TRADELINK,V R PAWAR SAREES,MINI PALAZA,KESARI NANDAN SAREES PRIVATE LIMITED,540754,4,0,1065,2,7,-298.2,1065,4260,5,202.05,4243.09,0735482,5049,J.D.LOGISTICS,AMAR BHAI
1850,21/04/2026,780,MANIBHADRA TRADELINK,V R PAWAR SAREES,MILK CAKE,KESARI NANDAN SAREES PRIVATE LIMITED,540754,4,0,898,2,7,-251.44,898,3592,5,170.37,3577.74,0735482,5049,J.D.LOGISTICS,AMAR BHAI
1851,21/04/2026,780,MANIBHADRA TRADELINK,V R PAWAR SAREES,SONALIKA,KESARI NANDAN SAREES PRIVATE LIMITED,540754,7,0,778,2,7,-381.22,778,5446,5,258.3,5424.38,0735482,5049,J.D.LOGISTICS,AMAR BHAI
1852,21/04/2026,780,MANIBHADRA TRADELINK,V R PAWAR SAREES,MILK CAKE,KESARI NANDAN SAREES PRIVATE LIMITED,540754,6,0,898,2,7,-377.16,898,5388,5,255.55,5366.61,0735482,5049,J.D.LOGISTICS,AMAR BHAI
1853,21/04/2026,781,MANIBHADRA TRADELINK,V R PAWAR SAREES,ZARA,ABHIRANG TEXTILES,540754,145,0,230,2,2,-667,230,33350,5,1666.83,35003.49,0735550,196,J.D.LOGISTICS,AMAR BHAI
1854,21/04/2026,782,MANIBHADRA TRADELINK,V R PAWAR SAREES,ZARA,ABHIRANG TEXTILES,540754,146,0,230,2,2,-671.6,230,33580,5,1678.33,35244.9,0735546,197,J.D.LOGISTICS,AMAR BHAI
1855,21/04/2026,783,MANIBHADRA TRADELINK,V R PAWAR SAREES,ZARA,ABHIRANG TEXTILES,540754,147,0,230,2,2,-676.2,230,33810,5,1689.82,35486.3,0735545,198,J.D.LOGISTICS,AMAR BHAI
1856,22/04/2026,784,MANIBHADRA TRADELINK,V R PAWAR SAREES,COCA COLA,AARTI TEX,540754,578,0,212,2,2,-2450.72,212,122536,5,6124.35,128611.34,0736842,18,J.D.LOGISTICS,AMAR BHAI
1857,22/04/2026,785,MANIBHADRA TRADELINK,V R PAWAR SAREES,LALO 3,SHYAM TEX,540754,67,0,382,2,2,-511.88,382,25594,5,1279.19,26862.95,0736135,200,J.D.LOGISTICS,AMAR BHAI
1858,22/04/2026,786,MANIBHADRA TRADELINK,V R PAWAR SAREES,SHRIMATI,B. SUMIT & CO.,540754,72,0,375,2,2,-540,375,27000,5,1349.46,28338.66,0735911,401,J.D.LOGISTICS,AMAR BHAI
1859,22/04/2026,787,MANIBHADRA TRADELINK,V R PAWAR SAREES,SHRIMATI,B. SUMIT & CO.,540754,72,0,375,2,2,-540,375,27000,5,1349.46,28338.66,0735908,400,J.D.LOGISTICS,AMAR BHAI
1860,22/04/2026,788,MANIBHADRA TRADELINK,V R PAWAR SAREES,SHRIMATI,B. SUMIT & CO.,540754,72,0,375,2,2,-540,375,27000,5,1349.46,28338.66,0735910,399,J.D.LOGISTICS,AMAR BHAI
1861,22/04/2026,789,MANIBHADRA TRADELINK,V R PAWAR SAREES,SHRIMATI,B. SUMIT & CO.,540754,72,0,375,2,2,-540,375,27000,5,1349.46,28338.66,0735909,398,J.D.LOGISTICS,AMAR BHAI
1862,22/04/2026,790,MANIBHADRA TRADELINK,V R PAWAR SAREES,ALPI SILK,SANJYOTI EXCLUSIVES,540754,72,0,470,2,2,-676.8,470,33840,5,1691.32,35517.78,0735899,363,J.D.LOGISTICS,AMAR BHAI
1863,22/04/2026,791,MANIBHADRA TRADELINK,V R PAWAR SAREES,RADHIKA,SADA BAHAR,540754,144,0,330,2,2,-950.4,330,47520,5,2375.05,49876.04,0735962,158,J.D.LOGISTICS,AMAR BHAI
1864,22/04/2026,792,MANIBHADRA TRADELINK,V R PAWAR SAREES,ARPAN,ROZY SILK MILLS,540754,120,0,190,2,2,-456,190,22800,5,1139.54,23930.42,0735858,1403,J.D.LOGISTICS,AMAR BHAI
1865,22/04/2026,793,MANIBHADRA TRADELINK,V R PAWAR SAREES,ARPAN,ROZY SILK MILLS,540754,120,0,190,2,2,-456,190,22800,5,1139.54,23930.42,0735860,1404,J.D.LOGISTICS,AMAR BHAI
1866,22/04/2026,794,MANIBHADRA TRADELINK,V R PAWAR SAREES,ARPAN,ROZY SILK MILLS,540754,120,0,190,2,2,-456,190,22800,5,1139.54,23930.42,0735862,1405,J.D.LOGISTICS,AMAR BHAI
1867,22/04/2026,795,MANIBHADRA TRADELINK,V R PAWAR SAREES,ARPAN,ROZY SILK MILLS,540754,120,0,190,2,2,-456,190,22800,5,1139.54,23930.42,0735859,1406,J.D.LOGISTICS,AMAR BHAI
1868,22/04/2026,796,MANIBHADRA TRADELINK,V R PAWAR SAREES,ARPAN,ROZY SILK MILLS,540754,120,0,190,2,2,-456,190,22800,5,1139.54,23930.42,0735861,1407,J.D.LOGISTICS,AMAR BHAI
1869,22/04/2026,797,MANIBHADRA TRADELINK,V R PAWAR SAREES,SWIZER,ROZY SILK MILLS,540754,144,0,175,2,2,-504,175,25200,5,1259.5,26449.42,0735865,1408,J.D.LOGISTICS,AMAR BHAI
1870,22/04/2026,798,MANIBHADRA TRADELINK,V R PAWAR SAREES,SWIZER,ROZY SILK MILLS,540754,144,0,175,2,2,-504,175,25200,5,1259.5,26449.42,0735864,1409,J.D.LOGISTICS,AMAR BHAI
1871,22/04/2026,799,MANIBHADRA TRADELINK,V R PAWAR SAREES,SWIZER,ROZY SILK MILLS,540754,144,0,175,2,2,-504,175,25200,5,1259.5,26449.42,0735866,1410,J.D.LOGISTICS,AMAR BHAI
1872,22/04/2026,800,MANIBHADRA TRADELINK,V R PAWAR SAREES,SWIZER,ROZY SILK MILLS,540754,144,0,175,2,2,-504,175,25200,5,1259.5,26449.42,0735863,1411,J.D.LOGISTICS,AMAR BHAI
1873,22/04/2026,801,MANIBHADRA TRADELINK,V R PAWAR SAREES,SWIZER,ROZY SILK MILLS,540754,144,0,175,2,2,-504,175,25200,5,1259.5,26449.42,0735867,1412,J.D.LOGISTICS,AMAR BHAI
1874,22/04/2026,802,MANIBHADRA TRADELINK,V R PAWAR SAREES,PALLAVI,SANJYOTI EXCLUSIVES,540754,72,0,550,2,2,-792,550,39600,5,1979.21,41563.37,0735900,370,J.D.LOGISTICS,AMAR BHAI
1875,22/04/2026,803,MANIBHADRA TRADELINK,V R PAWAR SAREES,ZARA,ABHIRANG TEXTILES,540754,150,0,230,2,2,-690,230,34500,5,1724.31,36210.51,0736138,200,J.D.LOGISTICS,AMAR BHAI
1876,22/04/2026,804,MANIBHADRA TRADELINK,V R PAWAR SAREES,ZARA,ABHIRANG TEXTILES,540754,150,0,230,2,2,-690,230,34500,5,1724.31,36210.51,0736137,201,J.D.LOGISTICS,AMAR BHAI
1877,22/04/2026,805,MANIBHADRA TRADELINK,V R PAWAR SAREES,MARBLE SOFIYA SOFTY,SILVER TEXTILES,540754,401,0,174,2,2,-1395.48,174,69774,5,3487.3,73233.39,0735916,44,J.D.LOGISTICS,AMAR BHAI
1878,22/04/2026,806,MANIBHADRA TRADELINK,V R PAWAR SAREES,RADHIKA 2,MEERA DESIGNER,540754,9,0,2995,2,12,-3234.6,2995,26955,5,1209.74,25404.55,0736465,324,J.D.LOGISTICS,RATAN BHAI
1879,22/04/2026,806,MANIBHADRA TRADELINK,V R PAWAR SAREES,VICHITRA 10WAR 2,MEERA DESIGNER,540754,5,0,2495,2,12,-1497,2495,12475,5,559.88,11757.44,0736465,324,J.D.LOGISTICS,RATAN BHAI
1880,22/04/2026,806,MANIBHADRA TRADELINK,V R PAWAR SAREES,PRINCY,MEERA DESIGNER,540754,3,0,2595,2,12,-934.2,2595,7785,5,349.39,7337.21,0736465,324,J.D.LOGISTICS,RATAN BHAI
1881,22/04/2026,806,MANIBHADRA TRADELINK,V R PAWAR SAREES,PRINCY 8,MEERA DESIGNER,540754,6,0,2595,2,12,-1868.4,2595,15570,5,698.78,14674.41,0736465,324,J.D.LOGISTICS,RATAN BHAI
1882,22/04/2026,806,MANIBHADRA TRADELINK,V R PAWAR SAREES,RUCHI 1,MEERA DESIGNER,540754,5,0,2195,2,12,-1317,2195,10975,5,492.56,10343.72,0736465,324,J.D.LOGISTICS,RATAN BHAI
1883,22/04/2026,806,MANIBHADRA TRADELINK,V R PAWAR SAREES,RUCHI 3,MEERA DESIGNER,540754,5,0,2195,2,12,-1317,2195,10975,5,492.56,10343.72,0736465,324,J.D.LOGISTICS,RATAN BHAI
1884,22/04/2026,807,MANIBHADRA TRADELINK,V R PAWAR SAREES,801,K-7 DESIGNERS,540754,20,0,495,2,2,-198,495,9900,5,494.8,10390.84,0736656,141,J.D.LOGISTICS,AMAR BHAI
1885,22/04/2026,807,MANIBHADRA TRADELINK,V R PAWAR SAREES,BRITANIA CHEX A,K-7 DESIGNERS,540754,50,0,525,2,2,-525,525,26250,5,1311.98,27551.48,0736656,141,J.D.LOGISTICS,AMAR BHAI
1886,22/04/2026,807,MANIBHADRA TRADELINK,V R PAWAR SAREES,BRITANIA CHEX C,K-7 DESIGNERS,540754,19,0,525,2,2,-199.5,525,9975,5,498.55,10469.56,0736656,141,J.D.LOGISTICS,AMAR BHAI
1887,22/04/2026,808,MANIBHADRA TRADELINK,V R PAWAR SAREES,BRITANIA CHEX B,K-7 DESIGNERS,540754,50,0,525,2,2,-525,525,26250,5,1311.98,27551.48,0736655,142,J.D.LOGISTICS,AMAR BHAI
1888,22/04/2026,808,MANIBHADRA TRADELINK,V R PAWAR SAREES,802,K-7 DESIGNERS,540754,11,0,495,2,2,-108.9,495,5445,5,272.14,5714.96,0736655,142,J.D.LOGISTICS,AMAR BHAI
1889,22/04/2026,808,MANIBHADRA TRADELINK,V R PAWAR SAREES,ROYAL PAN,K-7 DESIGNERS,540754,15,0,425,2,2,-127.5,425,6375,5,318.62,6691.07,0736655,142,J.D.LOGISTICS,AMAR BHAI
1890,22/04/2026,808,MANIBHADRA TRADELINK,V R PAWAR SAREES,GOLD LEAF,K-7 DESIGNERS,540754,15,0,495,2,2,-148.5,495,7425,5,371.1,7793.13,0736655,142,J.D.LOGISTICS,AMAR BHAI
1891,23/04/2026,809,MANIBHADRA TRADELINK,V R PAWAR SAREES,GUDIYA,SAI LADLI DESIGNER,540754,5,0,1599,2,5,-399.75,1599,7995,5,387.36,8134.51,0736585,623,J.D.LOGISTICS,RATAN BHAI
1892,23/04/2026,809,MANIBHADRA TRADELINK,V R PAWAR SAREES,RANG VARSHA,SAI LADLI DESIGNER,540754,5,0,1299,2,5,-324.75,1299,6495,5,314.68,6608.33,0736585,623,J.D.LOGISTICS,RATAN BHAI
1893,23/04/2026,809,MANIBHADRA TRADELINK,V R PAWAR SAREES,SWARA,SAI LADLI DESIGNER,540754,4,0,2295,2,5,-459,2295,9180,5,444.77,9340.19,0736585,623,J.D.LOGISTICS,RATAN BHAI
1894,23/04/2026,809,MANIBHADRA TRADELINK,V R PAWAR SAREES,GAYATRI,SAI LADLI DESIGNER,540754,5,0,1595,2,5,-398.75,1595,7975,5,386.39,8114.16,0736585,623,J.D.LOGISTICS,RATAN BHAI
1895,23/04/2026,809,MANIBHADRA TRADELINK,V R PAWAR SAREES,RAINBOW,SAI LADLI DESIGNER,540754,4,0,1099,2,5,-219.8,1099,4396,5,212.99,4472.71,0736585,623,J.D.LOGISTICS,RATAN BHAI
1896,23/04/2026,809,MANIBHADRA TRADELINK,V R PAWAR SAREES,DRISHYAM,SAI LADLI DESIGNER,540754,4,0,2195,2,5,-439,2195,8780,5,425.39,8933.21,0736585,623,J.D.LOGISTICS,RATAN BHAI
1897,23/04/2026,809,MANIBHADRA TRADELINK,V R PAWAR SAREES,LEMON,SAI LADLI DESIGNER,540754,3,0,2199,2,5,-329.85,2199,6597,5,319.62,6712.11,0736585,623,J.D.LOGISTICS,RATAN BHAI
1898,23/04/2026,809,MANIBHADRA TRADELINK,V R PAWAR SAREES,AARADHYA,SAI LADLI DESIGNER,540754,5,0,1895,2,5,-473.75,1895,9475,5,459.06,9640.33,0736585,623,J.D.LOGISTICS,RATAN BHAI
1899,23/04/2026,809,MANIBHADRA TRADELINK,V R PAWAR SAREES,KGF,SAI LADLI DESIGNER,540754,4,0,1199,2,5,-239.8,1199,4796,5,232.37,4879.69,0736585,623,J.D.LOGISTICS,RATAN BHAI
1900,23/04/2026,809,MANIBHADRA TRADELINK,V R PAWAR SAREES,RUMI,SAI LADLI DESIGNER,540754,5,0,1225,2,5,-306.25,1225,6125,5,296.76,6231.88,0736585,623,J.D.LOGISTICS,RATAN BHAI
1901,23/04/2026,809,MANIBHADRA TRADELINK,V R PAWAR SAREES,VATIKA,SAI LADLI DESIGNER,540754,16,0,1699,2,5,-1359.2,1699,27184,5,1317.07,27658.37,0736585,623,J.D.LOGISTICS,RATAN BHAI
1902,23/04/2026,810,MANIBHADRA TRADELINK,V R PAWAR SAREES,FANCY AASHA,SAI AASHA,540754,7,0,1125,2,,,1125,7875,5,401.63,8434.13,0736691,587,J.D.LOGISTICS,RATAN BHAI
1903,23/04/2026,810,MANIBHADRA TRADELINK,V R PAWAR SAREES,FANCY KUM KUM DARK,SAI AASHA,540754,6,0,1450,2,,,1450,8700,5,443.7,9317.7,0736691,587,J.D.LOGISTICS,RATAN BHAI
1904,23/04/2026,810,MANIBHADRA TRADELINK,V R PAWAR SAREES,FANCY SONALI,SAI AASHA,540754,8,0,1195,2,,,1195,9560,5,487.56,10238.76,0736691,587,J.D.LOGISTICS,RATAN BHAI
1905,23/04/2026,810,MANIBHADRA TRADELINK,V R PAWAR SAREES,FANCY SUNSILK,SAI AASHA,540754,6,0,1115,2,,,1115,6690,5,341.19,7164.99,0736691,587,J.D.LOGISTICS,RATAN BHAI
1906,23/04/2026,811,MANIBHADRA TRADELINK,V R PAWAR SAREES,SUBH SANGAM,SHYAM SILK MILLS,540754,120,0,440,2,2,-1056,440,52800,5,2638.94,55417.82,0737168,57,J.D.LOGISTICS,RISHIKESH
1907,23/04/2026,812,MANIBHADRA TRADELINK,V R PAWAR SAREES,SUBH SANGAM,SHYAM SILK MILLS,540754,120,0,440,2,2,-1056,440,52800,5,2638.94,55417.82,0737167,58,J.D.LOGISTICS,RISHIKESH
1908,23/04/2026,813,MANIBHADRA TRADELINK,V R PAWAR SAREES,SUBH SANGAM,SHYAM SILK MILLS,540754,120,0,440,2,2,-1056,440,52800,5,2638.94,55417.82,0737169,59,J.D.LOGISTICS,RISHIKESH
1909,23/04/2026,814,MANIBHADRA TRADELINK,V R PAWAR SAREES,SUBH SANGAM,SHYAM SILK MILLS,540754,119,0,440,2,2,-1047.2,440,52360,5,2616.95,54956.01,0737166,60,J.D.LOGISTICS,RISHIKESH
1910,23/04/2026,815,MANIBHADRA TRADELINK,V R PAWAR SAREES,GREEN CHILLY,ROOPKESARI SAREES,540754,9,0,291,2,3,-78.57,291,2619,5,129.56,2720.8,BILL NO MT-8112 LAST YEAR 9 PCS EXTRA,22,J.D.LOGISTICS,AMAR BHAI
1911,24/04/2026,816,MANIBHADRA TRADELINK,V R PAWAR SAREES,VASTRA 02,VISHAL FASHIONS PVT LTD,540754,6,0,1110,2,13,-865.8,1110,6660,5,295.5,6205.58,0737291,5306,J.D.LOGISTICS,AMAR BHAI
1912,24/04/2026,816,MANIBHADRA TRADELINK,V R PAWAR SAREES,CHITRALEKHA,VISHAL FASHIONS PVT LTD,540754,9,0,1680,2,13,-1965.6,1680,15120,5,670.87,14088.36,0737291,5306,J.D.LOGISTICS,AMAR BHAI
1913,24/04/2026,816,MANIBHADRA TRADELINK,V R PAWAR SAREES,BALE PATRA,VISHAL FASHIONS PVT LTD,540754,12,0,995,2,13,-1552.2,995,11940,5,529.78,11125.34,0737291,5306,J.D.LOGISTICS,AMAR BHAI
1914,24/04/2026,816,MANIBHADRA TRADELINK,V R PAWAR SAREES,VAIBHAV LAXMI 02,VISHAL FASHIONS PVT LTD,540754,6,0,1680,2,13,-1310.4,1680,10080,5,447.25,9392.24,0737291,5306,J.D.LOGISTICS,AMAR BHAI
1915,24/04/2026,817,MANIBHADRA TRADELINK,V R PAWAR SAREES,CANDY,VISHAL FASHIONS PVT LTD,540754,12,0,710,2,2,-170.4,710,8520,5,425.83,8942.42,PACK WITH BILL NO MT-816,5307,J.D.LOGISTICS,AMAR BHAI
1916,24/04/2026,817,MANIBHADRA TRADELINK,V R PAWAR SAREES,ROXY 06,VISHAL FASHIONS PVT LTD,540754,12,0,730,2,2,-175.2,730,8760,5,437.83,9194.33,PACK WITH BILL NO MT-816,5307,J.D.LOGISTICS,AMAR BHAI
1917,24/04/2026,818,MANIBHADRA TRADELINK,V R PAWAR SAREES,DURGA,VISHAL FASHIONS PVT LTD,540754,4,0,870,2,13,-452.4,870,3480,5,154.41,3242.56,0737290,5312,J.D.LOGISTICS,AMAR BHAI
1918,24/04/2026,818,MANIBHADRA TRADELINK,V R PAWAR SAREES,DURGA BLOCKBUSTER,VISHAL FASHIONS PVT LTD,540754,8,0,870,2,13,-904.8,870,6960,5,308.82,6485.12,0737290,5312,J.D.LOGISTICS,AMAR BHAI
1919,24/04/2026,818,MANIBHADRA TRADELINK,V R PAWAR SAREES,CHANDA,VISHAL FASHIONS PVT LTD,540754,5,0,1210,2,13,-786.5,1210,6050,5,268.44,5637.21,0737290,5312,J.D.LOGISTICS,AMAR BHAI
1920,24/04/2026,818,MANIBHADRA TRADELINK,V R PAWAR SAREES,BAHURIYA,VISHAL FASHIONS PVT LTD,540754,1,0,1210,2,13,-157.3,1210,1210,5,53.69,1127.44,0737290,5312,J.D.LOGISTICS,AMAR BHAI
1921,24/04/2026,818,MANIBHADRA TRADELINK,V R PAWAR SAREES,CHANDA,VISHAL FASHIONS PVT LTD,540754,4,0,1210,2,13,-629.2,1210,4840,5,214.75,4509.77,0737290,5312,J.D.LOGISTICS,AMAR BHAI
1922,24/04/2026,818,MANIBHADRA TRADELINK,V R PAWAR SAREES,57240 ISHRAT,VISHAL FASHIONS PVT LTD,540754,1,0,1045,2,13,-135.85,1045,1045,5,46.37,973.7,0737290,5312,J.D.LOGISTICS,AMAR BHAI
1923,24/04/2026,818,MANIBHADRA TRADELINK,V R PAWAR SAREES,57241,VISHAL FASHIONS PVT LTD,540754,1,0,1045,2,13,-135.85,1045,1045,5,46.37,973.7,0737290,5312,J.D.LOGISTICS,AMAR BHAI
1924,24/04/2026,818,MANIBHADRA TRADELINK,V R PAWAR SAREES,57242,VISHAL FASHIONS PVT LTD,540754,1,0,1215,2,13,-157.95,1215,1215,5,53.91,1132.1,0737290,5312,J.D.LOGISTICS,AMAR BHAI
1925,24/04/2026,818,MANIBHADRA TRADELINK,V R PAWAR SAREES,57243,VISHAL FASHIONS PVT LTD,540754,1,0,1155,2,13,-150.15,1155,1155,5,51.25,1076.2,0737290,5312,J.D.LOGISTICS,AMAR BHAI
1926,24/04/2026,818,MANIBHADRA TRADELINK,V R PAWAR SAREES,57244,VISHAL FASHIONS PVT LTD,540754,1,0,1415,2,13,-183.95,1415,1415,5,62.78,1318.45,0737290,5312,J.D.LOGISTICS,AMAR BHAI
1927,24/04/2026,818,MANIBHADRA TRADELINK,V R PAWAR SAREES,57245,VISHAL FASHIONS PVT LTD,540754,1,0,1110,2,13,-144.3,1110,1110,5,49.25,1034.26,0737290,5312,J.D.LOGISTICS,AMAR BHAI
1928,24/04/2026,818,MANIBHADRA TRADELINK,V R PAWAR SAREES,57246,VISHAL FASHIONS PVT LTD,540754,1,0,1215,2,13,-157.95,1215,1215,5,53.91,1132.1,0737290,5312,J.D.LOGISTICS,AMAR BHAI
1929,24/04/2026,818,MANIBHADRA TRADELINK,V R PAWAR SAREES,57247,VISHAL FASHIONS PVT LTD,540754,1,0,1215,2,13,-157.95,1215,1215,5,53.91,1132.1,0737290,5312,J.D.LOGISTICS,AMAR BHAI
1930,24/04/2026,818,MANIBHADRA TRADELINK,V R PAWAR SAREES,57248,VISHAL FASHIONS PVT LTD,540754,1,0,1045,2,13,-135.85,1045,1045,5,46.37,973.7,0737290,5312,J.D.LOGISTICS,AMAR BHAI
1931,24/04/2026,818,MANIBHADRA TRADELINK,V R PAWAR SAREES,57249,VISHAL FASHIONS PVT LTD,540754,1,0,1290,2,13,-167.7,1290,1290,5,57.24,1201.99,0737290,5312,J.D.LOGISTICS,AMAR BHAI
1932,24/04/2026,818,MANIBHADRA TRADELINK,V R PAWAR SAREES,57250,VISHAL FASHIONS PVT LTD,540754,1,0,1215,2,13,-157.95,1215,1215,5,53.91,1132.1,0737290,5312,J.D.LOGISTICS,AMAR BHAI
1933,24/04/2026,818,MANIBHADRA TRADELINK,V R PAWAR SAREES,57251,VISHAL FASHIONS PVT LTD,540754,1,0,1215,2,13,-157.95,1215,1215,5,53.91,1132.1,0737290,5312,J.D.LOGISTICS,AMAR BHAI
1934,24/04/2026,818,MANIBHADRA TRADELINK,V R PAWAR SAREES,PAVITRA 07,VISHAL FASHIONS PVT LTD,540754,12,0,940,2,13,-1466.4,940,11280,5,500.49,10510.36,0737290,5312,J.D.LOGISTICS,AMAR BHAI
1935,24/04/2026,818,MANIBHADRA TRADELINK,V R PAWAR SAREES,KOMAL,VISHAL FASHIONS PVT LTD,540754,10,0,1155,2,13,-1501.5,1155,11550,5,512.47,10761.94,0737290,5312,J.D.LOGISTICS,AMAR BHAI
1936,24/04/2026,818,MANIBHADRA TRADELINK,V R PAWAR SAREES,TULSI 15,VISHAL FASHIONS PVT LTD,540754,11,0,835,2,13,-1194.05,835,9185,5,407.54,8558.31,0737290,5312,J.D.LOGISTICS,AMAR BHAI
1937,24/04/2026,819,MANIBHADRA TRADELINK,V R PAWAR SAREES,RIWAZO,SANJYOTI EXCLUSIVES,540754,72,0,520,2,2,-748.8,520,37440,5,1871.25,39296.27,0736684,402,J.D.LOGISTICS,AMAR BHAI
1938,24/04/2026,820,MANIBHADRA TRADELINK,V R PAWAR SAREES,ROYAL BANDHEJ,SANJYOTI EXCLUSIVES,540754,72,0,450,2,2,-648,450,32400,5,1619.35,34006.39,0737246,405,J.D.LOGISTICS,AMAR BHAI
1939,24/04/2026,821,MANIBHADRA TRADELINK,V R PAWAR SAREES,MORPANKH,SANJYOTI EXCLUSIVES,540754,72,0,380,2,2,-547.2,380,27360,5,1367.45,28716.51,0737244,403,J.D.LOGISTICS,AMAR BHAI
1940,24/04/2026,822,MANIBHADRA TRADELINK,V R PAWAR SAREES,SALONI,SANJYOTI EXCLUSIVES,540754,72,0,370,2,2,-532.8,370,26640,5,1331.47,27960.81,0737245,404,J.D.LOGISTICS,AMAR BHAI
1941,24/04/2026,823,MANIBHADRA TRADELINK,V R PAWAR SAREES,CHAMELI,VAANI FASHION,540754,91,0,305,2,2,-555.1,305,27755,5,1387.2,29131.1,0736716,348,J.D.LOGISTICS,AMAR BHAI
1942,24/04/2026,824,MANIBHADRA TRADELINK,V R PAWAR SAREES,CHAMELI,VAANI FASHION,540754,96,0,305,2,2,-585.6,305,29280,5,1463.41,30731.7,0736717,349,J.D.LOGISTICS,AMAR BHAI
1943,24/04/2026,825,MANIBHADRA TRADELINK,V R PAWAR SAREES,SARITA,VAANI FASHION,540754,86,0,560,2,2,-963.2,560,48160,5,2407.04,50547.78,0737105,391,J.D.LOGISTICS,AMAR BHAI
1944,24/04/2026,826,MANIBHADRA TRADELINK,V R PAWAR SAREES,TANA BANA BRIDAL 5642,JULAHAA EXCLUSIVE,540754,2,0,9384,2,10,-1876.8,9384,18768,5,861.45,18090.47,0737551,362157,J.D.LOGISTICS,RATAN BHAI
1945,24/04/2026,827,MANIBHADRA TRADELINK,V R PAWAR SAREES,LELA MANJU DYBLE,SAI DESIGNER CREATIVE,540754,11,0,2175,2,,,2175,23925,5,1220.18,25623.68,0737090,579,J.D.LOGISTICS,RATAN BHAI
1946,24/04/2026,827,MANIBHADRA TRADELINK,V R PAWAR SAREES,LATAKA ZATAKA DYBLE,SAI DESIGNER CREATIVE,540754,9,0,2045,2,,,2045,18405,5,938.66,19711.76,0737090,579,J.D.LOGISTICS,RATAN BHAI
1947,24/04/2026,827,MANIBHADRA TRADELINK,V R PAWAR SAREES,POTISH DYBLE,SAI DESIGNER CREATIVE,540754,5,0,2125,2,,,2125,10625,5,541.88,11379.38,0737090,579,J.D.LOGISTICS,RATAN BHAI
1948,24/04/2026,828,MANIBHADRA TRADELINK,V R PAWAR SAREES,KUMKUM DYBLE,SAI DESIGNER CREATIVE,540754,12,0,2145,2,,,2145,25740,5,1312.74,27567.54,0737089,580,J.D.LOGISTICS,RATAN BHAI
1949,24/04/2026,828,MANIBHADRA TRADELINK,V R PAWAR SAREES,CHUL BULL DYBLE,SAI DESIGNER CREATIVE,540754,12,0,2645,2,,,2645,31740,5,1618.74,33993.54,0737089,580,J.D.LOGISTICS,RATAN BHAI
1950,24/04/2026,829,MANIBHADRA TRADELINK,V R PAWAR SAREES,5 STAR,VAISHALI SILK MILLS,540754,1600,0,14,2,2,-448,14,22400,5,1119.55,23510.59,0737064,83,J.D.LOGISTICS,AMAR BHAI
1951,24/04/2026,830,MANIBHADRA TRADELINK,V R PAWAR SAREES,5 STAR,VAISHALI SILK MILLS,540754,1600,0,14,2,2,-448,14,22400,5,1119.55,23510.59,0737066,84,J.D.LOGISTICS,AMAR BHAI
1952,24/04/2026,831,MANIBHADRA TRADELINK,V R PAWAR SAREES,JIO,VAISHALI SILK MILLS,540754,1200,0,16,2,2,-384,16,19200,5,959.62,20151.94,0737063,85,J.D.LOGISTICS,AMAR BHAI
1953,24/04/2026,832,MANIBHADRA TRADELINK,V R PAWAR SAREES,JIO,VAISHALI SILK MILLS,540754,1200,0,16,2,2,-384,16,19200,5,959.62,20151.94,0737065,86,J.D.LOGISTICS,AMAR BHAI
1954,24/04/2026,833,MANIBHADRA TRADELINK,V R PAWAR SAREES,24 CARAT,VAISHALI SILK MILLS,540754,1400,0,15.75,2,2,-441,15.75,22050,5,1102.06,23143.24,0737067,87,J.D.LOGISTICS,AMAR BHAI
1955,24/04/2026,834,MANIBHADRA TRADELINK,V R PAWAR SAREES,NIHARIKA,WIPRO SAREE,540754,89,0,780,2,2,-1388.4,780,69420,5,3469.61,72861.84,0737490,214,J.D.LOGISTICS,RATAN BHAI
1956,24/04/2026,835,MANIBHADRA TRADELINK,V R PAWAR SAREES,ZEEL,NAKODA PRINT,540754,42,0,1075,2,2,-903,1075,45150,5,2256.6,47388.54,0736998,5179,J.D.LOGISTICS,RATAN BHAI
1957,24/04/2026,836,MANIBHADRA TRADELINK,V R PAWAR SAREES,ZEEL,NAKODA PRINT,540754,42,0,1075,2,2,-903,1075,45150,5,2256.6,47388.54,0737003,5180,J.D.LOGISTICS,RATAN BHAI
1958,24/04/2026,837,MANIBHADRA TRADELINK,V R PAWAR SAREES,ZEEL,NAKODA PRINT,540754,42,0,1075,2,2,-903,1075,45150,5,2256.6,47388.54,073700,5181,J.D.LOGISTICS,RATAN BHAI
1959,24/04/2026,838,MANIBHADRA TRADELINK,V R PAWAR SAREES,2233,PARIS FASHION,540754,5,0,1690,2,2,-169,1690,8450,5,422.33,8868.95,0737240,760,J.D.LOGISTICS,RISHIKESH
1960,24/04/2026,838,MANIBHADRA TRADELINK,V R PAWAR SAREES,608,PARIS FASHION,540754,2,0,2695,2,2,-107.8,2695,5390,5,269.39,5657.23,0737240,760,J.D.LOGISTICS,RISHIKESH
1961,24/04/2026,838,MANIBHADRA TRADELINK,V R PAWAR SAREES,622,PARIS FASHION,540754,2,0,2790,2,2,-111.6,2790,5580,5,278.89,5856.66,0737240,760,J.D.LOGISTICS,RISHIKESH
1962,24/04/2026,838,MANIBHADRA TRADELINK,V R PAWAR SAREES,580,PARIS FASHION,540754,6,0,2990,2,2,-358.8,2990,17940,5,896.64,18829.46,0737240,760,J.D.LOGISTICS,RISHIKESH
1963,24/04/2026,838,MANIBHADRA TRADELINK,V R PAWAR SAREES,751,PARIS FASHION,540754,3,0,3395,2,2,-203.7,3395,10185,5,509.05,10689.98,0737240,760,J.D.LOGISTICS,RISHIKESH
1964,24/04/2026,838,MANIBHADRA TRADELINK,V R PAWAR SAREES,399,PARIS FASHION,540754,5,0,2690,2,2,-269,2690,13450,5,672.23,14116.85,0737240,760,J.D.LOGISTICS,RISHIKESH
1965,24/04/2026,838,MANIBHADRA TRADELINK,V R PAWAR SAREES,384,PARIS FASHION,540754,6,0,1825,2,2,-219,1825,10950,5,547.28,11492.9,0737240,760,J.D.LOGISTICS,RISHIKESH
1966,24/04/2026,838,MANIBHADRA TRADELINK,V R PAWAR SAREES,304,PARIS FASHION,540754,7,0,1510,2,2,-211.4,1510,10570,5,528.29,11094.06,0737240,760,J.D.LOGISTICS,RISHIKESH
1967,24/04/2026,838,MANIBHADRA TRADELINK,V R PAWAR SAREES,618,PARIS FASHION,540754,10,0,2595,2,2,-519,2595,25950,5,1296.98,27236.6,0737240,760,J.D.LOGISTICS,RISHIKESH
1968,24/04/2026,839,MANIBHADRA TRADELINK,V R PAWAR SAREES,128,PARIS FASHION,540754,6,0,1575,2,2,-189,1575,9450,5,472.31,9918.53,0737238,761,J.D.LOGISTICS,RISHIKESH
1969,24/04/2026,839,MANIBHADRA TRADELINK,V R PAWAR SAREES,449,PARIS FASHION,540754,4,0,1190,2,2,-95.2,1190,4760,5,237.91,4996.01,0737238,761,J.D.LOGISTICS,RISHIKESH
1970,24/04/2026,839,MANIBHADRA TRADELINK,V R PAWAR SAREES,7252,PARIS FASHION,540754,10,0,1875,2,2,-375,1875,18750,5,937.13,19679.63,0737238,761,J.D.LOGISTICS,RISHIKESH
1971,24/04/2026,839,MANIBHADRA TRADELINK,V R PAWAR SAREES,576,PARIS FASHION,540754,9,0,3190,2,2,-574.2,3190,28710,5,1434.93,30133.45,0737238,761,J.D.LOGISTICS,RISHIKESH
1972,24/04/2026,839,MANIBHADRA TRADELINK,V R PAWAR SAREES,1707,PARIS FASHION,540754,2,0,2110,2,2,-84.4,2110,4220,5,210.92,4429.23,0737238,761,J.D.LOGISTICS,RISHIKESH
1973,24/04/2026,839,MANIBHADRA TRADELINK,V R PAWAR SAREES,1704,PARIS FASHION,540754,5,0,1525,2,2,-152.5,1525,7625,5,381.1,8003.05,0737238,761,J.D.LOGISTICS,RISHIKESH
1974,24/04/2026,839,MANIBHADRA TRADELINK,V R PAWAR SAREES,636,PARIS FASHION,540754,7,0,1760,2,2,-246.4,1760,12320,5,615.75,12930.82,0737238,761,J.D.LOGISTICS,RISHIKESH
1975,24/04/2026,840,MANIBHADRA TRADELINK,V R PAWAR SAREES,345,PARIS FASHION,540754,8,0,2275,2,2,-364,2275,18200,5,909.64,19102.36,0737239,759,J.D.LOGISTICS,RISHIKESH
1976,24/04/2026,840,MANIBHADRA TRADELINK,V R PAWAR SAREES,699,PARIS FASHION,540754,9,0,1490,2,2,-268.2,1490,13410,5,670.23,14074.87,0737239,759,J.D.LOGISTICS,RISHIKESH
1977,24/04/2026,840,MANIBHADRA TRADELINK,V R PAWAR SAREES,643,PARIS FASHION,540754,7,0,1475,2,2,-206.5,1475,10325,5,516.04,10836.91,0737239,759,J.D.LOGISTICS,RISHIKESH
1978,24/04/2026,840,MANIBHADRA TRADELINK,V R PAWAR SAREES,625,PARIS FASHION,540754,6,0,1760,2,2,-211.2,1760,10560,5,527.79,11083.57,0737239,759,J.D.LOGISTICS,RISHIKESH
1979,24/04/2026,840,MANIBHADRA TRADELINK,V R PAWAR SAREES,577,PARIS FASHION,551511,3,0,3190,2,2,-191.4,3190,9570,5,478.31,10044.48,0737239,759,J.D.LOGISTICS,RISHIKESH
1980,24/04/2026,840,MANIBHADRA TRADELINK,V R PAWAR SAREES,160,PARIS FASHION,540754,6,0,1825,2,2,-219,1825,10950,5,547.28,11492.9,0737239,759,J.D.LOGISTICS,RISHIKESH
1981,24/04/2026,840,MANIBHADRA TRADELINK,V R PAWAR SAREES,270,PARIS FASHION,540754,6,0,2360,2,2,-283.2,2360,14160,5,707.72,14862.06,0737239,759,J.D.LOGISTICS,RISHIKESH
1982,24/04/2026,840,MANIBHADRA TRADELINK,V R PAWAR SAREES,257,PARIS FASHION,540754,2,0,2890,2,2,-115.6,2890,5780,5,288.88,6066.57,0737239,759,J.D.LOGISTICS,RISHIKESH
1983,24/04/2026,840,MANIBHADRA TRADELINK,V R PAWAR SAREES,165,PARIS FASHION,540754,3,0,1890,2,2,-113.4,1890,5670,5,283.39,5951.12,0737239,759,J.D.LOGISTICS,RISHIKESH
1984,24/04/2026,841,MANIBHADRA TRADELINK,V R PAWAR SAREES,85,PARIS FASHION,540754,2,0,1990,2,2,-79.6,1990,3980,5,198.92,4177.33,0737237,758,J.D.LOGISTICS,RISHIKESH
1985,24/04/2026,841,MANIBHADRA TRADELINK,V R PAWAR SAREES,577,PARIS FASHION,551511,3,0,3190,2,2,-191.4,3190,9570,5,478.31,10044.48,0737237,758,J.D.LOGISTICS,RISHIKESH
1986,24/04/2026,841,MANIBHADRA TRADELINK,V R PAWAR SAREES,511,PARIS FASHION,540754,5,0,2625,2,2,-262.5,2625,13125,5,655.99,13775.74,0737237,758,J.D.LOGISTICS,RISHIKESH
1987,24/04/2026,841,MANIBHADRA TRADELINK,V R PAWAR SAREES,152,PARIS FASHION,540754,4,0,1740,2,2,-139.2,1740,6960,5,347.86,7305.08,0737237,758,J.D.LOGISTICS,RISHIKESH
1988,24/04/2026,841,MANIBHADRA TRADELINK,V R PAWAR SAREES,258,PARIS FASHION,540754,6,0,2960,2,2,-355.2,2960,17760,5,887.65,18640.55,0737237,758,J.D.LOGISTICS,RISHIKESH
1989,24/04/2026,841,MANIBHADRA TRADELINK,V R PAWAR SAREES,642,PARIS FASHION,540754,10,0,1475,2,2,-295,1475,14750,5,737.21,15481.31,0737237,758,J.D.LOGISTICS,RISHIKESH
1990,24/04/2026,841,MANIBHADRA TRADELINK,V R PAWAR SAREES,1679,PARIS FASHION,540754,7,0,1560,2,2,-218.4,1560,10920,5,545.78,11461.41,0737237,758,J.D.LOGISTICS,RISHIKESH
1991,24/04/2026,841,MANIBHADRA TRADELINK,V R PAWAR SAREES,658,PARIS FASHION,540754,4,0,2510,2,2,-200.8,2510,10040,5,501.8,10537.78,0737237,758,J.D.LOGISTICS,RISHIKESH
1992,24/04/2026,841,MANIBHADRA TRADELINK,V R PAWAR SAREES,1259,PARIS FASHION,540752,4,0,1475,2,2,-118,1475,5900,5,294.88,6192.52,0737237,758,J.D.LOGISTICS,RISHIKESH
1993,24/04/2026,842,MANIBHADRA TRADELINK,V R PAWAR SAREES,17958,YASH CREATION,540754,6,0,1295,2,5,-388.5,1295,7770,5,376.46,7905.59,0737273,494,J.D.LOGISTICS,RATAN BHAI
1994,24/04/2026,842,MANIBHADRA TRADELINK,V R PAWAR SAREES,18019,YASH CREATION,540754,6,0,1495,2,5,-448.5,1495,8970,5,434.6,9126.53,0737273,494,J.D.LOGISTICS,RATAN BHAI
1995,24/04/2026,842,MANIBHADRA TRADELINK,V R PAWAR SAREES,17960,YASH CREATION,540754,6,0,1295,2,5,-388.5,1295,7770,5,376.46,7905.59,0737273,494,J.D.LOGISTICS,RATAN BHAI
1996,24/04/2026,842,MANIBHADRA TRADELINK,V R PAWAR SAREES,17961,YASH CREATION,540754,6,0,1295,2,5,-388.5,1295,7770,5,376.46,7905.59,0737273,494,J.D.LOGISTICS,RATAN BHAI
1997,24/04/2026,843,MANIBHADRA TRADELINK,V R PAWAR SAREES,NAZAKAT 44,KRISHNA DESIGNER,540754,2,0,3945,2,12,-946.8,3945,7890,5,354.1,7436.16,0737016,805,J.D.LOGISTICS,RATAN BHAI
1998,24/04/2026,843,MANIBHADRA TRADELINK,V R PAWAR SAREES,KALANIKETAN 5,KRISHNA DESIGNER,540754,2,0,6145,2,12,-1474.8,6145,12290,5,551.58,11583.08,0737016,805,J.D.LOGISTICS,RATAN BHAI
1999,24/04/2026,843,MANIBHADRA TRADELINK,V R PAWAR SAREES,RAJMANDIR 3,KRISHNA DESIGNER,540754,2,,8145,2,12,-1954.8,8145,16290,5,731.1,15353,0737016,805,J.D.LOGISTICS,RATAN BHAI
2000,24/04/2026,843,MANIBHADRA TRADELINK,V R PAWAR SAREES,RAJKANYA 23,KRISHNA DESIGNER,540754,5,0,4645,2,12,-2787,4645,23225,5,1042.34,21889.1,0737016,805,J.D.LOGISTICS,RATAN BHAI
2001,24/04/2026,843,MANIBHADRA TRADELINK,V R PAWAR SAREES,RAJKANYA 7 SATIN SWAROSKI,KRISHNA DESIGNER,540754,4,0,4645,2,12,-2229.6,4645,18580,5,833.87,17511.28,0737016,805,J.D.LOGISTICS,RATAN BHAI
2002,24/04/2026,843,MANIBHADRA TRADELINK,V R PAWAR SAREES,KALANIKETAN 1,KRISHNA DESIGNER,540754,2,0,6645,2,12,-1594.8,6645,13290,5,596.46,12525.56,0737016,805,J.D.LOGISTICS,RATAN BHAI
2003,24/04/2026,843,MANIBHADRA TRADELINK,V R PAWAR SAREES,RAJMANDIR 2,KRISHNA DESIGNER,540754,2,0,8145,2,12,-1954.8,8145,16290,5,731.1,15353,0737016,805,J.D.LOGISTICS,RATAN BHAI
2004,24/04/2026,843,MANIBHADRA TRADELINK,V R PAWAR SAREES,VASTRAKALA 1,KRISHNA DESIGNER,540754,2,0,8145,2,12,-1954.8,8145,16290,5,731.1,15353,0737016,805,J.D.LOGISTICS,RATAN BHAI
2005,24/04/2026,844,MANIBHADRA TRADELINK,V R PAWAR SAREES,SAVITRI 1 SATIN SWAROSKI,KRISHNA DESIGNER,540754,3,0,2445,2,12,-880.2,2445,7335,5,329.2,6913.1,0737017,801,J.D.LOGISTICS,RATAN BHAI
2006,24/04/2026,844,MANIBHADRA TRADELINK,V R PAWAR SAREES,PANERI SATIN,KRISHNA DESIGNER,540754,4,0,2345,2,12,-1125.6,2345,9380,5,420.97,8840.46,0737017,801,J.D.LOGISTICS,RATAN BHAI
2007,24/04/2026,844,MANIBHADRA TRADELINK,V R PAWAR SAREES,PANERI 12,KRISHNA DESIGNER,540754,4,0,2345,2,12,-1125.6,2345,9380,5,420.97,8840.46,0737017,801,J.D.LOGISTICS,RATAN BHAI
2008,24/04/2026,844,MANIBHADRA TRADELINK,V R PAWAR SAREES,PANERI SATIN 11,KRISHNA DESIGNER,540754,4,0,2345,2,12,-1125.6,2345,9380,5,420.97,8840.46,0737017,801,J.D.LOGISTICS,RATAN BHAI
2009,24/04/2026,844,MANIBHADRA TRADELINK,V R PAWAR SAREES,SIMRAN 2,KRISHNA DESIGNER,540754,3,0,3645,2,12,-1312.2,3645,10935,5,490.76,10306.02,0737017,801,J.D.LOGISTICS,RATAN BHAI
2010,24/04/2026,844,MANIBHADRA TRADELINK,V R PAWAR SAREES,SIMRAN 3,KRISHNA DESIGNER,540754,3,0,3645,2,12,-1312.2,3645,10935,5,490.76,10306.02,0737017,801,J.D.LOGISTICS,RATAN BHAI
2011,24/04/2026,845,MANIBHADRA TRADELINK,V R PAWAR SAREES,NAZAKAT 34,KRISHNA DESIGNER,540754,2,0,3445,2,12,-826.8,3445,6890,5,309.22,6493.68,0737015,804,J.D.LOGISTICS,RATAN BHAI
2012,24/04/2026,845,MANIBHADRA TRADELINK,V R PAWAR SAREES,NAZAKAT 40,KRISHNA DESIGNER,540754,2,0,3445,2,12,-826.8,3445,6890,5,309.22,6493.68,0737015,804,J.D.LOGISTICS,RATAN BHAI
2013,24/04/2026,845,MANIBHADRA TRADELINK,V R PAWAR SAREES,RAJWADI 30,KRISHNA DESIGNER,540754,2,0,5145,2,12,-1234.8,5145,10290,5,461.82,9698.12,0737015,804,J.D.LOGISTICS,RATAN BHAI
2014,24/04/2026,845,MANIBHADRA TRADELINK,V R PAWAR SAREES,SAJAWAT 15,KRISHNA DESIGNER,540754,2,0,6145,2,12,-1474.8,6145,12290,5,551.58,11583.08,0737015,804,J.D.LOGISTICS,RATAN BHAI
2015,24/04/2026,845,MANIBHADRA TRADELINK,V R PAWAR SAREES,SAVITRI 1 SATIN SWAROSKI,KRISHNA DESIGNER,540754,3,0,2445,2,12,-880.2,2445,7335,5,329.2,6913.1,0737015,804,J.D.LOGISTICS,RATAN BHAI
2016,24/04/2026,845,MANIBHADRA TRADELINK,V R PAWAR SAREES,SAJAWAT,KRISHNA DESIGNER,540754,2,0,5145,2,12,-1234.8,5145,10290,5,461.82,9698.12,0737015,804,J.D.LOGISTICS,RATAN BHAI
2017,24/04/2026,845,MANIBHADRA TRADELINK,V R PAWAR SAREES,NAZAKAT 51,KRISHNA DESIGNER,540754,2,0,3445,2,12,-826.8,3445,6890,5,309.22,6493.68,0737015,804,J.D.LOGISTICS,RATAN BHAI
2018,24/04/2026,845,MANIBHADRA TRADELINK,V R PAWAR SAREES,RAJWADI 25,KRISHNA DESIGNER,540754,2,0,4645,2,12,-1114.8,4645,9290,5,416.94,8755.64,0737015,804,J.D.LOGISTICS,RATAN BHAI
2019,24/04/2026,845,MANIBHADRA TRADELINK,V R PAWAR SAREES,VIRASAT 1,KRISHNA DESIGNER,540754,2,0,4145,2,12,-994.8,4145,8290,5,372.06,7813.16,0737015,804,J.D.LOGISTICS,RATAN BHAI
2020,24/04/2026,845,MANIBHADRA TRADELINK,V R PAWAR SAREES,RAJGARANA 42,KRISHNA DESIGNER,540754,2,0,5145,2,12,-1234.8,5145,10290,5,461.82,9698.12,0737015,804,J.D.LOGISTICS,RATAN BHAI
2021,24/04/2026,846,MANIBHADRA TRADELINK,V R PAWAR SAREES,AASHOPALAV 6,KRISHNA DESIGNER,540754,14,0,2445,2,12,-4107.6,2445,34230,5,1536.24,32261.09,0737018,800,J.D.LOGISTICS,RATAN BHAI
2022,24/04/2026,846,MANIBHADRA TRADELINK,V R PAWAR SAREES,PANERI SATIN 2,KRISHNA DESIGNER,540754,7,0,2345,2,12,-1969.8,2345,16415,5,736.71,15470.81,0737018,800,J.D.LOGISTICS,RATAN BHAI
2023,24/04/2026,847,MANIBHADRA TRADELINK,V R PAWAR SAREES,AASHOPALAV 4,KRISHNA DESIGNER,540754,6,0,2445,2,12,-1760.4,2445,14670,5,658.39,13826.18,0737020,802,J.D.LOGISTICS,RATAN BHAI
2024,24/04/2026,847,MANIBHADRA TRADELINK,V R PAWAR SAREES,AASHOPALAV SILK 3,KRISHNA DESIGNER,540754,10,0,2445,2,12,-2934,2445,24450,5,1097.32,23043.64,0737020,802,J.D.LOGISTICS,RATAN BHAI
2025,24/04/2026,848,MANIBHADRA TRADELINK,V R PAWAR SAREES,RANGOLI 2 SILK,KRISHNA DESIGNER,540754,11,0,2345,2,12,-3095.4,2345,25795,5,1157.68,24311.27,0737019,803,J.D.LOGISTICS,RATAN BHAI
2026,24/04/2026,848,MANIBHADRA TRADELINK,V R PAWAR SAREES,AASOPALAV SILK 2,KRISHNA DESIGNER,540754,10,0,2445,2,12,-2934,2445,24450,5,1097.32,23043.64,0737019,803,J.D.LOGISTICS,RATAN BHAI
2027,25/04/2026,849,MANIBHADRA TRADELINK,V R PAWAR SAREES,TANA BANA BRIDAL 6108,JULAHAA EXCLUSIVE,540754,1,0,4830,2,10,-483,4830,4830,5,221.7,4655.64,0737548,362189,J.D.LOGISTICS,RATAN BHAI
2028,25/04/2026,849,MANIBHADRA TRADELINK,V R PAWAR SAREES,TANA BANA BRIDAL 6116,JULAHAA EXCLUSIVE,540754,1,0,4830,2,10,-483,4830,4830,5,221.7,4655.64,0737548,362189,J.D.LOGISTICS,RATAN BHAI
2029,25/04/2026,849,MANIBHADRA TRADELINK,V R PAWAR SAREES,TANA BANA BRIDAL 6120,JULAHAA EXCLUSIVE,540754,1,0,4830,2,10,-483,4830,4830,5,221.7,4655.64,0737548,362189,J.D.LOGISTICS,RATAN BHAI
2030,25/04/2026,849,MANIBHADRA TRADELINK,V R PAWAR SAREES,TANA BANA BRIDAL 6127,JULAHAA EXCLUSIVE,540754,1,0,4830,2,10,-483,4830,4830,5,221.7,4655.64,0737548,362189,J.D.LOGISTICS,RATAN BHAI
2031,25/04/2026,850,MANIBHADRA TRADELINK,V R PAWAR SAREES,TANA BANA BRIDAL 6108,JULAHAA EXCLUSIVE,540754,1,0,4830,2,10,-483,4830,4830,5,221.7,4655.64,0737547,362190,J.D.LOGISTICS,RATAN BHAI
2032,25/04/2026,850,MANIBHADRA TRADELINK,V R PAWAR SAREES,TANA BANA BRIDAL 6116,JULAHAA EXCLUSIVE,540754,1,0,4830,2,10,-483,4830,4830,5,221.7,4655.64,0737547,362190,J.D.LOGISTICS,RATAN BHAI
2033,25/04/2026,850,MANIBHADRA TRADELINK,V R PAWAR SAREES,TANA BANA BRIDAL 6120,JULAHAA EXCLUSIVE,540754,1,0,4830,2,10,-483,4830,4830,5,221.7,4655.64,0737547,362190,J.D.LOGISTICS,RATAN BHAI
2034,25/04/2026,850,MANIBHADRA TRADELINK,V R PAWAR SAREES,TANA BANA BRIDAL 6133,JULAHAA EXCLUSIVE,540754,1,0,4830,2,10,-483,4830,4830,5,221.7,4655.64,0737547,362190,J.D.LOGISTICS,RATAN BHAI
2035,25/04/2026,851,MANIBHADRA TRADELINK,V R PAWAR SAREES,TANA BANA BRIDAL 6108,JULAHAA EXCLUSIVE,540754,1,0,4830,2,10,-483,4830,4830,5,221.7,4655.64,0737550,362191,J.D.LOGISTICS,RATAN BHAI
2036,25/04/2026,851,MANIBHADRA TRADELINK,V R PAWAR SAREES,TANA BANA BRIDAL 6116,JULAHAA EXCLUSIVE,540754,1,0,4830,2,10,-483,4830,4830,5,221.7,4655.64,0737550,362191,J.D.LOGISTICS,RATAN BHAI
2037,25/04/2026,851,MANIBHADRA TRADELINK,V R PAWAR SAREES,TANA BANA BRIDAL 6120,JULAHAA EXCLUSIVE,540754,1,0,4830,2,10,-483,4830,4830,5,221.7,4655.64,0737550,362191,J.D.LOGISTICS,RATAN BHAI
2038,25/04/2026,851,MANIBHADRA TRADELINK,V R PAWAR SAREES,TANA BANA BRIDAL 6131,JULAHAA EXCLUSIVE,540754,1,0,4830,2,10,-483,4830,4830,5,221.7,4655.64,0737550,362191,J.D.LOGISTICS,RATAN BHAI
2039,25/04/2026,852,MANIBHADRA TRADELINK,V R PAWAR SAREES,STAR PLUS,JAY MAHAVIR SAREE,540754,375,,225,2,4,-3375,225,84375,5,4131,86751,0737320,875,J.D.LOGISTICS,AMAR BHAI
2040,25/04/2026,853,MANIBHADRA TRADELINK,V R PAWAR SAREES,NAVNOOR,KRISHNA SILK MILLS,540754,76,,270,2,2,-410.4,270,20520,5,1025.59,21537.38,0737277,23,J.D.LOGISTICS,AMAR BHAI
2041,25/04/2026,854,MANIBHADRA TRADELINK,V R PAWAR SAREES,NAVNOOR,KRISHNA SILK MILLS,540754,76,,270,2,2,-410.4,270,20520,5,1025.59,21537.38,737278,24,J.D.LOGISTICS,AMAR BHAI
2042,25/04/2026,855,MANIBHADRA TRADELINK,V R PAWAR SAREES,NAVNOOR,KRISHNA SILK MILLS,540754,72,,270,2,2,-388.8,270,19440,5,971.61,20403.83,737283,25,J.D.LOGISTICS,AMAR BHAI
2043,25/04/2026,856,MANIBHADRA TRADELINK,V R PAWAR SAREES,NAVNOOR,KRISHNA SILK MILLS,540754,72,,270,2,2,-388.8,270,19440,5,971.61,20403.83,0737279,26,J.D.LOGISTICS,AMAR BHAI
2044,25/04/2026,857,MANIBHADRA TRADELINK,V R PAWAR SAREES,NAVNOOR,KRISHNA SILK MILLS,540754,72,,270,2,2,-388.8,270,19440,5,971.61,20403.83,0737281,27,J.D.LOGISTICS,AMAR BHAI
2045,25/04/2026,858,MANIBHADRA TRADELINK,V R PAWAR SAREES,NAVNOOR,KRISHNA SILK MILLS,540754,72,,270,2,2,-388.8,270,19440,5,971.61,20403.83,0737280,28,J.D.LOGISTICS,AMAR BHAI
2046,25/04/2026,859,MANIBHADRA TRADELINK,V R PAWAR SAREES,NAVNOOR,KRISHNA SILK MILLS,540754,74,,270,2,2,-399.6,270,19980,5,998.6,20970.61,0737282,29,J.D.LOGISTICS,AMAR BHAI
2047,25/04/2026,860,MANIBHADRA TRADELINK,V R PAWAR SAREES,A 1 SILK SIROSKI,SURIYA PRINT,540754,80,,615,2,2,-984,615,49200,5,2459.02,51639.34,0737344,151,J.D.LOGISTICS,AMAR BHAI
2048,25/04/2026,861,MANIBHADRA TRADELINK,V R PAWAR SAREES,DHWANI,NAKODA PRINT,540754,42,,1525,2,2,-1281,1525,64050,5,3201.22,67225.6,0737414,5190,J.D.LOGISTICS,AMAR BHAI
2049,25/04/2026,862,MANIBHADRA TRADELINK,V R PAWAR SAREES,DHWANI,NAKODA PRINT,540754,42,,1525,2,2,-1281,1525,64050,5,3201.22,67225.6,0737413,5191,J.D.LOGISTICS,AMAR BHAI
2050,25/04/2026,863,MANIBHADRA TRADELINK,V R PAWAR SAREES,DHWANI,NAKODA PRINT,540754,42,,1525,2,2,-1281,1525,64050,5,3201.22,67225.6,0737415,5192,J.D.LOGISTICS,AMAR BHAI
2051,25/04/2026,864,MANIBHADRA TRADELINK,V R PAWAR SAREES,COCO COLA,ASHOK TEX,540754,145,,215,2,2,-623.5,215,31175,5,1558.13,32720.66,0738859,184,J.D.LOGISTICS,AMAR BHAI
2052,27/04/2026,865,MANIBHADRA TRADELINK,V R PAWAR SAREES,7139,VRAJGOPI CREATION,540754,1,0,9495,2,4,-377.42,9495,9495,5,465,9764.93,122001183897,1291,BY COURIER,RATAN BHAI
2053,27/04/2026,865,MANIBHADRA TRADELINK,V R PAWAR SAREES,COURIER CHARGE,VRAJGOPI CREATION,996812,1,0,60,2,4,-2.38,60,60,18,10.58,69.35,122001183897,1291,BY COURIER,RATAN BHAI
2054,27/04/2026,866,MANIBHADRA TRADELINK,V R PAWAR SAREES,COCA COLA,S.N.S PRINTS,540754,340,0,215,2,2,-1462,215,73100,5,3653.54,76724.3,0737597,103,J.D.LOGISTICS,AMAR BHAI
2055,27/04/2026,867,MANIBHADRA TRADELINK,V R PAWAR SAREES,SIDDHI SILK 9,PRANGAN SAREES,540754,32,0,1085,2,3,-1041.6,1085,34720,5,1717.6,36069.57,0737802,144,J.D.LOGISTICS,RISHIKESH
2056,27/04/2026,867,MANIBHADRA TRADELINK,V R PAWAR SAREES,SIDDHI SILK 10,PRANGAN SAREES,540754,16,0,1085,2,3,-520.8,1085,17360,5,858.8,18034.78,0737802,144,J.D.LOGISTICS,RISHIKESH
2057,27/04/2026,868,MANIBHADRA TRADELINK,V R PAWAR SAREES,SIDDHI SILK 10,PRANGAN SAREES,540754,16,0,1085,2,3,-520.8,1085,17360,5,858.8,18034.78,0737801,145,J.D.LOGISTICS,RISHIKESH
2058,27/04/2026,868,MANIBHADRA TRADELINK,V R PAWAR SAREES,SIDDHI SILK 11,PRANGAN SAREES,540754,32,0,1085,2,3,-1041.6,1085,34720,5,1717.6,36069.57,0737801,145,J.D.LOGISTICS,RISHIKESH
2059,27/04/2026,869,MANIBHADRA TRADELINK,V R PAWAR SAREES,SIDDHI SILK 12,PRANGAN SAREES,540754,32,0,1085,2,3,-1041.6,1085,34720,5,1717.6,36069.57,0737800,146,J.D.LOGISTICS,RISHIKESH
2060,27/04/2026,870,MANIBHADRA TRADELINK,V R PAWAR SAREES,SUPER HIT,VIVEL CREATION,540754,70,0,405,2,2,-567,405,28350,5,1416.93,29755.59,0738166,193,J.D.LOGISTICS,RISHIKESH
2061,27/04/2026,871,MANIBHADRA TRADELINK,V R PAWAR SAREES,NEW GANGA PATTU,SAI CREATION,540754,66,0,285,2,2,-376.2,285,18810,5,940.12,19742.6,0737726,362,J.D.LOGISTICS,RISHIKESH
2062,27/04/2026,872,MANIBHADRA TRADELINK,V R PAWAR SAREES,NEW GANGA PATTU,SAI CREATION,540754,66,0,285,2,2,-376.2,285,18810,5,940.12,19742.6,0737727,363,J.D.LOGISTICS,RISHIKESH
2063,27/04/2026,873,MANIBHADRA TRADELINK,V R PAWAR SAREES,NEW GANGA PATTU,SAI CREATION,540754,68,0,285,2,2,-387.6,285,19380,5,968.61,20340.86,0737725,364,J.D.LOGISTICS,RISHIKESH
2064,28/04/2026,874,MANIBHADRA TRADELINK,V R PAWAR SAREES,BANJARAN,VEER CREATION,540754,61,,799,2,15,-7310.85,799,48739,5,2112.84,44369.55,0738324,2033,J.D.LOGISTICS,AMAR BHAI
2065,28/04/2026,875,MANIBHADRA TRADELINK,V R PAWAR SAREES,521,PARIS FASHION,540754,16,,2125,2,2,-680,2125,34000,5,1699.32,35685.72,0738473,854,J.D.LOGISTICS,RISHIKESH
2066,28/04/2026,875,MANIBHADRA TRADELINK,V R PAWAR SAREES,663  ,PARIS FASHION,540754,9,,1490,2,2,-268.2,1490,13410,5,670.23,14074.87,0738473,854,J.D.LOGISTICS,RISHIKESH
2067,28/04/2026,875,MANIBHADRA TRADELINK,V R PAWAR SAREES,136,PARIS FASHION,540754,10,,1390,2,2,-278,1390,13900,5,694.72,14589.16,0738473,854,J.D.LOGISTICS,RISHIKESH
2068,28/04/2026,875,MANIBHADRA TRADELINK,V R PAWAR SAREES,403,PARIS FASHION,540754,5,,2690,2,2,-269,2690,13450,5,672.23,14116.85,0738473,854,J.D.LOGISTICS,RISHIKESH
2069,28/04/2026,875,MANIBHADRA TRADELINK,V R PAWAR SAREES,128,PARIS FASHION,540754,6,,1575,2,2,-189,1575,9450,5,472.31,9918.53,0738473,854,J.D.LOGISTICS,RISHIKESH
2070,28/04/2026,875,MANIBHADRA TRADELINK,V R PAWAR SAREES,554,PARIS FASHION,540754,3,,2460,2,2,-147.6,2460,7380,5,368.85,7745.9,0738473,854,J.D.LOGISTICS,RISHIKESH
2071,28/04/2026,875,MANIBHADRA TRADELINK,V R PAWAR SAREES,1259,PARIS FASHION,540752,4,,1475,2,2,-118,1475,5900,5,294.88,6192.52,0738473,854,J.D.LOGISTICS,RISHIKESH
2072,28/04/2026,876,MANIBHADRA TRADELINK,V R PAWAR SAREES,153  ,PARIS FASHION,540754,4,,1390,2,2,-111.2,1390,5560,5,277.89,5835.67,0738474,853,J.D.LOGISTICS,RISHIKESH
2073,28/04/2026,876,MANIBHADRA TRADELINK,V R PAWAR SAREES,2120,PARIS FASHION,540754,4,,1990,2,2,-159.2,1990,7960,5,397.84,8354.66,0738474,853,J.D.LOGISTICS,RISHIKESH
2074,28/04/2026,876,MANIBHADRA TRADELINK,V R PAWAR SAREES,342  ,PARIS FASHION,540754,7,,2540,2,2,-355.6,2540,17780,5,888.64,18661.53,0738474,853,J.D.LOGISTICS,RISHIKESH
2075,28/04/2026,876,MANIBHADRA TRADELINK,V R PAWAR SAREES,678,PARIS FASHION,540754,10,,2690,2,2,-538,2690,26900,5,1344.46,28233.7,0738474,853,J.D.LOGISTICS,RISHIKESH
2076,28/04/2026,876,MANIBHADRA TRADELINK,V R PAWAR SAREES,2181,PARIS FASHION,540754,2,,1490,2,2,-59.6,1490,2980,5,148.94,3127.75,0738474,853,J.D.LOGISTICS,RISHIKESH
2077,28/04/2026,876,MANIBHADRA TRADELINK,V R PAWAR SAREES,461  ,PARIS FASHION,540754,8,,2375,2,2,-380,2375,19000,5,949.62,19942.02,0738474,853,J.D.LOGISTICS,RISHIKESH
2078,28/04/2026,876,MANIBHADRA TRADELINK,V R PAWAR SAREES,412,PARIS FASHION,540754,8,,2460,2,2,-393.6,2460,19680,5,983.61,20655.74,0738474,853,J.D.LOGISTICS,RISHIKESH
2079,28/04/2026,877,MANIBHADRA TRADELINK,V R PAWAR SAREES,520   ,PARIS FASHION,540754,9,,2125,2,2,-382.5,2125,19125,5,955.87,20073.22,0738472,852,J.D.LOGISTICS,RISHIKESH
2080,28/04/2026,877,MANIBHADRA TRADELINK,V R PAWAR SAREES,2049,PARIS FASHION,540754,5,,2550,2,2,-255,2550,12750,5,637.25,13382.15,0738472,852,J.D.LOGISTICS,RISHIKESH
2081,28/04/2026,877,MANIBHADRA TRADELINK,V R PAWAR SAREES,437,PARIS FASHION,540754,4,,2325,2,2,-186,2325,9300,5,464.81,9761.09,0738472,852,J.D.LOGISTICS,RISHIKESH
2082,28/04/2026,877,MANIBHADRA TRADELINK,V R PAWAR SAREES,400,PARIS FASHION,540754,3,,2690,2,2,-161.4,2690,8070,5,403.34,8470.11,0738472,852,J.D.LOGISTICS,RISHIKESH
2083,28/04/2026,877,MANIBHADRA TRADELINK,V R PAWAR SAREES,449,PARIS FASHION,540754,8,,1190,2,2,-190.4,1190,9520,5,475.81,9992,0738472,852,J.D.LOGISTICS,RISHIKESH
2084,28/04/2026,877,MANIBHADRA TRADELINK,V R PAWAR SAREES,702  ,PARIS FASHION,540754,3,,4660,2,2,-279.6,4660,13980,5,698.72,14673.13,0738472,852,J.D.LOGISTICS,RISHIKESH
2085,28/04/2026,877,MANIBHADRA TRADELINK,V R PAWAR SAREES,522,PARIS FASHION,540754,14,,2125,2,2,-595,2125,29750,5,1486.91,31225.01,0738472,852,J.D.LOGISTICS,RISHIKESH
2086,28/04/2026,878,MANIBHADRA TRADELINK,V R PAWAR SAREES,487,PARIS FASHION,540754,4,,2450,2,2,-196,2450,9800,5,489.8,10285.88,0738475,851,J.D.LOGISTICS,RISHIKESH
2087,28/04/2026,878,MANIBHADRA TRADELINK,V R PAWAR SAREES,131,PARIS FASHION,540754,8,,1490,2,2,-238.4,1490,11920,5,595.76,12510.99,0738475,851,J.D.LOGISTICS,RISHIKESH
2088,28/04/2026,878,MANIBHADRA TRADELINK,V R PAWAR SAREES,2214,PARIS FASHION,540754,4,,1990,2,2,-159.2,1990,7960,5,397.84,8354.66,0738475,851,J.D.LOGISTICS,RISHIKESH
2089,28/04/2026,878,MANIBHADRA TRADELINK,V R PAWAR SAREES,102  ,PARIS FASHION,540754,4,,1990,2,2,-159.2,1990,7960,5,397.84,8354.66,0738475,851,J.D.LOGISTICS,RISHIKESH
2090,28/04/2026,878,MANIBHADRA TRADELINK,V R PAWAR SAREES,128,PARIS FASHION,540754,4,,1575,2,2,-126,1575,6300,5,314.87,6612.35,0738475,851,J.D.LOGISTICS,RISHIKESH
2091,28/04/2026,878,MANIBHADRA TRADELINK,V R PAWAR SAREES,581,PARIS FASHION,540754,4,,1325,2,2,-106,1325,5300,5,264.89,5562.77,0738475,851,J.D.LOGISTICS,RISHIKESH
2092,28/04/2026,878,MANIBHADRA TRADELINK,V R PAWAR SAREES,703,PARIS FASHION,540754,4,,1850,2,2,-148,1850,7400,5,369.85,7766.89,0738475,851,J.D.LOGISTICS,RISHIKESH
2093,28/04/2026,878,MANIBHADRA TRADELINK,V R PAWAR SAREES,411,PARIS FASHION,540754,8,,2460,2,2,-393.6,2460,19680,5,983.61,20655.74,0738475,851,J.D.LOGISTICS,RISHIKESH
2094,28/04/2026,878,MANIBHADRA TRADELINK,V R PAWAR SAREES,431   ,PARIS FASHION,540754,5,,1290,2,2,-129,1290,6450,5,322.37,6769.79,0738475,851,J.D.LOGISTICS,RISHIKESH
2095,28/04/2026,879,MANIBHADRA TRADELINK,V R PAWAR SAREES,RAJ,SHYAM TEX,540754,60,,535,2,2,-642,535,32100,5,1604.36,33691.52,0738307,235,J.D.LOGISTICS,AMAR BHAI
2096,28/04/2026,879,MANIBHADRA TRADELINK,V R PAWAR SAREES,UPKAR,SHYAM TEX,540754,10,,535,2,2,-107,535,5350,5,267.39,5615.25,0738307,235,J.D.LOGISTICS,AMAR BHAI
2097,28/04/2026,879,MANIBHADRA TRADELINK,V R PAWAR SAREES,DHADKAN,SHYAM TEX,540754,10,,535,2,2,-107,535,5350,5,267.39,5615.25,0738307,235,J.D.LOGISTICS,AMAR BHAI
2098,29/04/2026,880,MANIBHADRA TRADELINK,V R PAWAR SAREES,COPPER MAX,AAI ANANDA SYNTEX,540754,142,,195,2,3,-830.7,195,27690,5,1369.82,28766.31,0738565,1700,J.D.LOGISTICS,AMAR BHAI
2099,29/04/2026,881,MANIBHADRA TRADELINK,V R PAWAR SAREES,NISHA 1,SHYAM TEX,540754,30,,485,2,2,-291,485,14550,5,727.21,15271.39,0738735,239,J.D.LOGISTICS,AMAR BHAI
2100,29/04/2026,881,MANIBHADRA TRADELINK,V R PAWAR SAREES,VOT BANK,SHYAM TEX,540754,30,,599,2,2,-359.4,599,17970,5,898.14,18860.95,0738735,239,J.D.LOGISTICS,AMAR BHAI
2101,29/04/2026,882,MANIBHADRA TRADELINK,V R PAWAR SAREES,MIKKU,SAI DESIGNER CREATIVE,540754,6,,1695,2,,,1695,10170,5,518.67,10892.07,0738691,622,J.D.LOGISTICS,RATAN BHAI
2102,29/04/2026,882,MANIBHADRA TRADELINK,V R PAWAR SAREES,PANERI ZALL WHITE,SAI DESIGNER CREATIVE,540754,4,,1475,2,,,1475,5900,5,300.9,6318.9,0738691,622,J.D.LOGISTICS,RATAN BHAI
2103,29/04/2026,882,MANIBHADRA TRADELINK,V R PAWAR SAREES,BINITA ZALL WHITE,SAI DESIGNER CREATIVE,540754,4,,1585,2,,,1585,6340,5,323.34,6790.14,0738691,622,J.D.LOGISTICS,RATAN BHAI
2104,29/04/2026,882,MANIBHADRA TRADELINK,V R PAWAR SAREES,DIPTI ZALL,SAI DESIGNER CREATIVE,540754,4,,1535,2,,,1535,6140,5,313.14,6575.94,0738691,622,J.D.LOGISTICS,RATAN BHAI
2105,29/04/2026,882,MANIBHADRA TRADELINK,V R PAWAR SAREES,SAVLI ZALL WHITE,SAI DESIGNER CREATIVE,540754,4,,1325,2,,,1325,5300,5,270.3,5676.3,0738691,622,J.D.LOGISTICS,RATAN BHAI
2106,29/04/2026,882,MANIBHADRA TRADELINK,V R PAWAR SAREES,LOVELY LADY,SAI DESIGNER CREATIVE,540754,4,,3425,2,,,3425,13700,5,698.7,14672.7,0738691,622,J.D.LOGISTICS,RATAN BHAI
2107,29/04/2026,882,MANIBHADRA TRADELINK,V R PAWAR SAREES,PAHAL,SAI DESIGNER CREATIVE,540754,4,,2495,2,,,2495,9980,5,508.98,10688.58,0738691,622,J.D.LOGISTICS,RATAN BHAI
2108,29/04/2026,882,MANIBHADRA TRADELINK,V R PAWAR SAREES,SUBHADRA NET,SAI DESIGNER CREATIVE,540754,12,,625,2,,,625,7500,5,382.5,8032.5,0738691,622,J.D.LOGISTICS,RATAN BHAI
2109,29/04/2026,883,MANIBHADRA TRADELINK,V R PAWAR SAREES,9328,M P CREATIONS,540754,10,,1250,2,3,-375,1250,12500,5,618.38,12985.88,0738417,535,J.D.LOGISTICS,RISHIKESH
2110,29/04/2026,883,MANIBHADRA TRADELINK,V R PAWAR SAREES,9315,M P CREATIONS,540754,14,,1250,2,3,-525,1250,17500,5,865.73,18180.23,0738417,535,J.D.LOGISTICS,RISHIKESH
2111,29/04/2026,883,MANIBHADRA TRADELINK,V R PAWAR SAREES,9385,M P CREATIONS,540754,12,,1220,2,3,-439.2,1220,14640,5,724.24,15209.06,0738417,535,J.D.LOGISTICS,RISHIKESH
2112,29/04/2026,884,MANIBHADRA TRADELINK,V R PAWAR SAREES,9377,M P CREATIONS,540754,14,,1165,2,3,-489.3,1165,16310,5,806.86,16943.97,0738418,536,J.D.LOGISTICS,RISHIKESH
2113,29/04/2026,884,MANIBHADRA TRADELINK,V R PAWAR SAREES,9325,M P CREATIONS,540754,14,,1250,2,3,-525,1250,17500,5,865.73,18180.23,0738418,536,J.D.LOGISTICS,RISHIKESH
2114,29/04/2026,884,MANIBHADRA TRADELINK,V R PAWAR SAREES,9309,M P CREATIONS,540754,20,,1250,2,3,-750,1250,25000,5,1236.75,25971.75,0738418,536,J.D.LOGISTICS,RISHIKESH
2115,29/04/2026,885,MANIBHADRA TRADELINK,V R PAWAR SAREES,9317,M P CREATIONS,540754,10,,1250,2,3,-375,1250,12500,5,618.38,12985.88,0738421,537,J.D.LOGISTICS,RISHIKESH
2116,29/04/2026,885,MANIBHADRA TRADELINK,V R PAWAR SAREES,9306,M P CREATIONS,540754,18,,1165,2,3,-629.1,1165,20970,5,1037.39,21785.11,0738421,537,J.D.LOGISTICS,RISHIKESH
2117,29/04/2026,885,MANIBHADRA TRADELINK,V R PAWAR SAREES,9392,M P CREATIONS,540754,8,,1220,2,3,-292.8,1220,9760,5,482.83,10139.37,0738421,537,J.D.LOGISTICS,RISHIKESH
2118,29/04/2026,886,MANIBHADRA TRADELINK,V R PAWAR SAREES,9305,M P CREATIONS,540754,12,,1165,2,3,-419.4,1165,13980,5,691.59,14523.4,0738419,538,J.D.LOGISTICS,RISHIKESH
2119,29/04/2026,886,MANIBHADRA TRADELINK,V R PAWAR SAREES,9303   ,M P CREATIONS,540754,16,,1165,2,3,-559.2,1165,18640,5,922.12,19364.54,0738419,538,J.D.LOGISTICS,RISHIKESH
2120,29/04/2026,886,MANIBHADRA TRADELINK,V R PAWAR SAREES,9313,M P CREATIONS,540754,20,,1165,2,3,-699,1165,23300,5,1152.65,24205.67,0738419,538,J.D.LOGISTICS,RISHIKESH
2121,29/04/2026,887,MANIBHADRA TRADELINK,V R PAWAR SAREES,9329,M P CREATIONS,540754,10,,1220,2,3,-366,1220,12200,5,603.53,12674.21,0738416,539,J.D.LOGISTICS,RISHIKESH
2122,29/04/2026,887,MANIBHADRA TRADELINK,V R PAWAR SAREES,9308 ,M P CREATIONS,540754,16,,1220,2,3,-585.6,1220,19520,5,965.65,20278.74,0738416,539,J.D.LOGISTICS,RISHIKESH
2123,29/04/2026,887,MANIBHADRA TRADELINK,V R PAWAR SAREES,9318,M P CREATIONS,540754,10,,1220,2,3,-366,1220,12200,5,603.53,12674.21,0738416,539,J.D.LOGISTICS,RISHIKESH
2124,29/04/2026,888,MANIBHADRA TRADELINK,V R PAWAR SAREES,9312,M P CREATIONS,540754,12,,1250,2,3,-450,1250,15000,5,742.05,15583.05,0738415,540,J.D.LOGISTICS,RISHIKESH
2125,29/04/2026,888,MANIBHADRA TRADELINK,V R PAWAR SAREES,9375   ,M P CREATIONS,540754,24,,1220,2,3,-878.4,1220,29280,5,1448.48,30418.11,0738415,540,J.D.LOGISTICS,RISHIKESH
2126,29/04/2026,889,MANIBHADRA TRADELINK,V R PAWAR SAREES,9391,M P CREATIONS,540754,8,,1165,2,3,-279.6,1165,9320,5,463.02,9723.5,0738420,541,J.D.LOGISTICS,RISHIKESH
2127,29/04/2026,889,MANIBHADRA TRADELINK,V R PAWAR SAREES,9296,M P CREATIONS,540754,22,,1165,2,3,-768.9,1165,25630,5,1273.32,26739.63,0738420,541,J.D.LOGISTICS,RISHIKESH
2128,29/04/2026,889,MANIBHADRA TRADELINK,V R PAWAR SAREES,9385,M P CREATIONS,540754,6,,1220,2,3,-225,1250,7500,5,363.66,7636.91,0738420,541,J.D.LOGISTICS,RISHIKESH
2129,29/04/2026,890,MANIBHADRA TRADELINK,V R PAWAR SAREES,LINE 2  ,SHYAM TEX,540754,75,,423,2,2,-634.5,423,31725,5,1585.62,33297.93,0738736,242,J.D.LOGISTICS,AMAR BHAI
2130,30/04/2026,891,MANIBHADRA TRADELINK,V R PAWAR SAREES,SN VT 3702,JAINAM CREATION,540754,5,,1679,2,2,-167.9,1679,8395,5,419.58,8811.22,0738852,657,J.D.LOGISTICS,RATAN BHAI
2131,30/04/2026,891,MANIBHADRA TRADELINK,V R PAWAR SAREES,VT 7859,JAINAM CREATION,540754,8,,1551,2,2,-248.16,1551,12408,5,620.15,13023.19,0738852,657,J.D.LOGISTICS,RATAN BHAI
2132,30/04/2026,891,MANIBHADRA TRADELINK,V R PAWAR SAREES,VT 5460,JAINAM CREATION,540754,3,,1781,2,2,-106.86,1781,5343,5,267.04,5607.9,0738852,657,J.D.LOGISTICS,RATAN BHAI
2133,30/04/2026,891,MANIBHADRA TRADELINK,V R PAWAR SAREES,SF 7946,JAINAM CREATION,540754,6,,2508,2,2,-300.96,2508,15048,5,752.1,15794.08,0738852,657,J.D.LOGISTICS,RATAN BHAI
2134,30/04/2026,891,MANIBHADRA TRADELINK,V R PAWAR SAREES,VT 8448,JAINAM CREATION,540754,6,,965,2,2,-115.8,965,5790,5,289.38,6077.06,0738852,657,J.D.LOGISTICS,RATAN BHAI
2135,30/04/2026,891,MANIBHADRA TRADELINK,V R PAWAR SAREES,BS 7353,JAINAM CREATION,540754,5,,2376,2,2,-237.6,2376,11880,5,593.76,12469.01,0738852,657,J.D.LOGISTICS,RATAN BHAI
2136,30/04/2026,891,MANIBHADRA TRADELINK,V R PAWAR SAREES,SF 6411,JAINAM CREATION,540754,4,,1573,2,2,-125.84,1573,6292,5,314.47,6603.95,0738852,657,J.D.LOGISTICS,RATAN BHAI
2137,30/04/2026,891,MANIBHADRA TRADELINK,V R PAWAR SAREES,VT 7125,JAINAM CREATION,540754,4,,1743,2,2,-139.44,1743,6972,5,348.46,7317.67,0738852,657,J.D.LOGISTICS,RATAN BHAI
2138,30/04/2026,891,MANIBHADRA TRADELINK,V R PAWAR SAREES,VT 5141,JAINAM CREATION,540754,6,,1441,2,2,-172.92,1441,8646,5,432.13,9074.67,0738852,657,J.D.LOGISTICS,RATAN BHAI
2139,30/04/2026,891,MANIBHADRA TRADELINK,V R PAWAR SAREES,SF 6658,JAINAM CREATION,540754,4,,1951,2,2,-156.08,1951,7804,5,390.04,8190.92,0738852,657,J.D.LOGISTICS,RATAN BHAI
2140,30/04/2026,892,MANIBHADRA TRADELINK,V R PAWAR SAREES,VT 7223,JAINAM CREATION,540754,6,,1573,2,2,-188.76,1573,9438,5,471.71,9905.93,0738847,658,J.D.LOGISTICS,RATAN BHAI
2141,30/04/2026,892,MANIBHADRA TRADELINK,V R PAWAR SAREES,VT 7624,JAINAM CREATION,540754,8,,1526,2,2,-244.16,1526,12208,5,610.16,12813.28,0738847,658,J.D.LOGISTICS,RATAN BHAI
2142,30/04/2026,892,MANIBHADRA TRADELINK,V R PAWAR SAREES,BS 4573,JAINAM CREATION,540754,3,,2359,2,2,-141.54,2359,7077,5,353.71,7427.88,0738847,658,J.D.LOGISTICS,RATAN BHAI
2143,30/04/2026,892,MANIBHADRA TRADELINK,V R PAWAR SAREES,VT 4956,JAINAM CREATION,540754,4,,1611,2,2,-128.88,1611,6444,5,322.07,6763.49,0738847,658,J.D.LOGISTICS,RATAN BHAI
2144,30/04/2026,892,MANIBHADRA TRADELINK,V R PAWAR SAREES,SF 8474,JAINAM CREATION,540754,5,,1611,2,2,-161.1,1611,8055,5,402.59,8454.37,0738847,658,J.D.LOGISTICS,RATAN BHAI
2145,30/04/2026,892,MANIBHADRA TRADELINK,V R PAWAR SAREES,VT 4606,JAINAM CREATION,540754,3,,808,2,2,-48.48,808,2424,5,121.15,2544.18,0738847,658,J.D.LOGISTICS,RATAN BHAI
2146,30/04/2026,892,MANIBHADRA TRADELINK,V R PAWAR SAREES,SF 8458,JAINAM CREATION,540754,4,,1828,2,2,-146.24,1828,7312,5,365.45,7674.53,0738847,658,J.D.LOGISTICS,RATAN BHAI
2147,30/04/2026,892,MANIBHADRA TRADELINK,V R PAWAR SAREES,VT 7055,JAINAM CREATION,540754,4,,1560,2,2,-124.8,1560,6240,5,311.88,6549.38,0738847,658,J.D.LOGISTICS,RATAN BHAI
2148,30/04/2026,892,MANIBHADRA TRADELINK,V R PAWAR SAREES,VT 6524,JAINAM CREATION,540754,5,,1658,2,2,-165.8,1658,8290,5,414.33,8701.01,0738847,658,J.D.LOGISTICS,RATAN BHAI
2149,30/04/2026,892,MANIBHADRA TRADELINK,V R PAWAR SAREES,VT 4674,JAINAM CREATION,540754,4,,1636,2,2,-130.88,1636,6544,5,327.07,6868.45,0738847,658,J.D.LOGISTICS,RATAN BHAI
2150,30/04/2026,892,MANIBHADRA TRADELINK,V R PAWAR SAREES,GT 5361,JAINAM CREATION,540754,5,,2104,2,2,-210.4,2104,10520,5,525.79,11041.58,0738847,658,J.D.LOGISTICS,RATAN BHAI
2151,30/04/2026,893,MANIBHADRA TRADELINK,V R PAWAR SAREES,VT 6757,JAINAM CREATION,540754,6,,829,2,2,-99.48,829,4974,5,248.6,5220.61,0738845,659,J.D.LOGISTICS,RATAN BHAI
2152,30/04/2026,893,MANIBHADRA TRADELINK,V R PAWAR SAREES,SF 8578,JAINAM CREATION,540754,4,,1658,2,2,-132.64,1658,6632,5,331.47,6960.82,0738845,659,J.D.LOGISTICS,RATAN BHAI
2153,30/04/2026,893,MANIBHADRA TRADELINK,V R PAWAR SAREES,SF 8442,JAINAM CREATION,540754,5,,2231,2,2,-223.1,2231,11155,5,557.53,11708.07,0738845,659,J.D.LOGISTICS,RATAN BHAI
2154,30/04/2026,893,MANIBHADRA TRADELINK,V R PAWAR SAREES,VT 5233,JAINAM CREATION,540754,4,,1679,2,2,-134.32,1679,6716,5,335.67,7048.98,0738845,659,J.D.LOGISTICS,RATAN BHAI
2155,30/04/2026,893,MANIBHADRA TRADELINK,V R PAWAR SAREES,VT 4944,JAINAM CREATION,540754,26,,931,2,2,-484.12,931,24206,5,1209.82,25406.14,0738845,659,J.D.LOGISTICS,RATAN BHAI
2156,30/04/2026,893,MANIBHADRA TRADELINK,V R PAWAR SAREES,VT 5231,JAINAM CREATION,540754,4,,1356,2,2,-108.48,1356,5424,5,271.09,5692.92,0738845,659,J.D.LOGISTICS,RATAN BHAI
2157,30/04/2026,893,MANIBHADRA TRADELINK,V R PAWAR SAREES,VT 4766,JAINAM CREATION,540754,9,,978,2,2,-176.04,978,8802,5,439.92,9238.4,0738845,659,J.D.LOGISTICS,RATAN BHAI
2158,30/04/2026,893,MANIBHADRA TRADELINK,V R PAWAR SAREES,VT 5894,JAINAM CREATION,540754,4,,1271,2,2,-101.68,1271,5084,5,254.1,5336.07,0738845,659,J.D.LOGISTICS,RATAN BHAI
2159,30/04/2026,894,MANIBHADRA TRADELINK,V R PAWAR SAREES,FD 7565,JAINAM CREATION,540754,5,,2423,2,2,-242.3,2423,12115,5,605.51,12715.66,0738849,660,J.D.LOGISTICS,RATAN BHAI
2160,30/04/2026,894,MANIBHADRA TRADELINK,V R PAWAR SAREES,VT 7889,JAINAM CREATION,540754,18,,931,2,2,-335.16,931,16758,5,837.57,17588.87,0738849,660,J.D.LOGISTICS,RATAN BHAI
2161,30/04/2026,894,MANIBHADRA TRADELINK,V R PAWAR SAREES,VT 3366,JAINAM CREATION,540754,12,,1356,2,2,-325.44,1356,16272,5,813.27,17078.76,0738849,660,J.D.LOGISTICS,RATAN BHAI
2162,30/04/2026,894,MANIBHADRA TRADELINK,V R PAWAR SAREES,VT 7436,JAINAM CREATION,540754,16,,1437,2,2,-459.84,1437,22992,5,1149.14,24131.94,0738849,660,J.D.LOGISTICS,RATAN BHAI
2163,30/04/2026,894,MANIBHADRA TRADELINK,V R PAWAR SAREES,SR 8369,JAINAM CREATION,540754,10,,893,2,2,-178.6,893,8930,5,446.32,9372.75,0738849,660,J.D.LOGISTICS,RATAN BHAI
2164,30/04/2026,895,MANIBHADRA TRADELINK,V R PAWAR SAREES,VT 3294,JAINAM CREATION,540754,30,,846,2,2,-507.6,846,25380,5,1268.49,26638.34,0738843,661,J.D.LOGISTICS,RATAN BHAI
2165,30/04/2026,895,MANIBHADRA TRADELINK,V R PAWAR SAREES,VT 5327,JAINAM CREATION,540754,7,,1594,2,2,-223.16,1594,11158,5,557.68,11711.22,0738843,661,J.D.LOGISTICS,RATAN BHAI
2166,30/04/2026,895,MANIBHADRA TRADELINK,V R PAWAR SAREES,VT 7723,JAINAM CREATION,540754,8,,1594,2,2,-255.04,1594,12752,5,637.35,13384.25,0738843,661,J.D.LOGISTICS,RATAN BHAI
2167,30/04/2026,895,MANIBHADRA TRADELINK,V R PAWAR SAREES,VT 7060,JAINAM CREATION,540754,6,,1696,2,2,-203.52,1696,10176,5,508.6,10680.53,0738843,661,J.D.LOGISTICS,RATAN BHAI
2168,30/04/2026,896,MANIBHADRA TRADELINK,V R PAWAR SAREES,SR 8129,JAINAM CREATION,540754,10,,846,2,2,-169.2,846,8460,5,422.83,8879.45,0738844,662,J.D.LOGISTICS,RATAN BHAI
2169,30/04/2026,896,MANIBHADRA TRADELINK,V R PAWAR SAREES,VTS 4855,JAINAM CREATION,540754,7,,931,2,2,-130.34,931,6517,5,325.72,6840.11,0738844,662,J.D.LOGISTICS,RATAN BHAI
2170,30/04/2026,896,MANIBHADRA TRADELINK,V R PAWAR SAREES,TL 8160,JAINAM CREATION,540754,4,,1466,2,2,-117.28,1466,5864,5,293.08,6154.73,0738844,662,J.D.LOGISTICS,RATAN BHAI
2171,30/04/2026,896,MANIBHADRA TRADELINK,V R PAWAR SAREES,VT 7984,JAINAM CREATION,540754,8,,1041,2,2,-166.56,1041,8328,5,416.23,8740.9,0738844,662,J.D.LOGISTICS,RATAN BHAI
2172,30/04/2026,896,MANIBHADRA TRADELINK,V R PAWAR SAREES,VT 5260,JAINAM CREATION,540754,7,,1526,2,2,-213.64,1526,10682,5,533.89,11211.62,0738844,662,J.D.LOGISTICS,RATAN BHAI
2173,30/04/2026,896,MANIBHADRA TRADELINK,V R PAWAR SAREES,VT 7475,JAINAM CREATION,540754,4,,1781,2,2,-142.48,1781,7124,5,356.06,7477.21,0738844,662,J.D.LOGISTICS,RATAN BHAI
2174,30/04/2026,896,MANIBHADRA TRADELINK,V R PAWAR SAREES,VT 6499,JAINAM CREATION,540754,12,,999,2,2,-239.76,999,11988,5,599.16,12582.36,0738844,662,J.D.LOGISTICS,RATAN BHAI
2175,30/04/2026,897,MANIBHADRA TRADELINK,V R PAWAR SAREES,VT 7928,JAINAM CREATION,540754,20,,931,2,2,-372.4,931,18620,5,930.63,19543.18,0738851,663,J.D.LOGISTICS,RATAN BHAI
2176,30/04/2026,897,MANIBHADRA TRADELINK,V R PAWAR SAREES,VT 8472,JAINAM CREATION,540754,15,,978,2,2,-293.4,978,14670,5,733.21,15397.34,0738851,663,J.D.LOGISTICS,RATAN BHAI
2177,30/04/2026,897,MANIBHADRA TRADELINK,V R PAWAR SAREES,VT 7716,JAINAM CREATION,540754,12,,931,2,2,-223.44,931,11172,5,558.38,11725.91,0738851,663,J.D.LOGISTICS,RATAN BHAI
2178,30/04/2026,897,MANIBHADRA TRADELINK,V R PAWAR SAREES,VT 8195,JAINAM CREATION,540754,12,,931,2,2,-223.44,931,11172,5,558.38,11725.91,0738851,663,J.D.LOGISTICS,RATAN BHAI
2179,30/04/2026,897,MANIBHADRA TRADELINK,V R PAWAR SAREES,VT 6725,JAINAM CREATION,540754,3,,1381,2,2,-82.86,1381,4143,5,207.07,4348.41,0738851,663,J.D.LOGISTICS,RATAN BHAI
2180,30/04/2026,898,MANIBHADRA TRADELINK,V R PAWAR SAREES,KC 7249,JAINAM CREATION,540754,3,,1721,2,2,-103.26,1721,5163,5,258.05,5418.98,0738853,664,J.D.LOGISTICS,RATAN BHAI
2181,30/04/2026,898,MANIBHADRA TRADELINK,V R PAWAR SAREES,KB 7252,JAINAM CREATION,540754,4,,1381,2,2,-110.48,1381,5524,5,276.09,5797.88,0738853,664,J.D.LOGISTICS,RATAN BHAI
2182,30/04/2026,898,MANIBHADRA TRADELINK,V R PAWAR SAREES,VT 6195,JAINAM CREATION,540754,12,,931,2,2,-223.44,931,11172,5,558.38,11725.91,0738853,664,J.D.LOGISTICS,RATAN BHAI
2183,30/04/2026,898,MANIBHADRA TRADELINK,V R PAWAR SAREES,VT 6569,JAINAM CREATION,540754,20,,893,2,2,-357.2,893,17860,5,892.64,18745.5,0738853,664,J.D.LOGISTICS,RATAN BHAI
2184,30/04/2026,898,MANIBHADRA TRADELINK,V R PAWAR SAREES,VTC 3052,JAINAM CREATION,540754,21,,931,2,2,-391.02,931,19551,5,977.16,20520.34,0738853,664,J.D.LOGISTICS,RATAN BHAI
2185,30/04/2026,899,MANIBHADRA TRADELINK,V R PAWAR SAREES,SR 6559,JAINAM CREATION,540754,4,,1271,2,2,-101.68,1271,5084,5,254.1,5336.07,0738854,665,J.D.LOGISTICS,RATAN BHAI
2186,30/04/2026,899,MANIBHADRA TRADELINK,V R PAWAR SAREES,KC 7785,JAINAM CREATION,540754,10,,1271,2,2,-254.2,1271,12710,5,635.25,13340.17,0738854,665,J.D.LOGISTICS,RATAN BHAI
2187,30/04/2026,899,MANIBHADRA TRADELINK,V R PAWAR SAREES,GT 5011,JAINAM CREATION,540754,10,,1441,2,2,-288.2,1441,14410,5,720.21,15124.45,0738854,665,J.D.LOGISTICS,RATAN BHAI
2188,30/04/2026,899,MANIBHADRA TRADELINK,V R PAWAR SAREES,VT 7727,JAINAM CREATION,540754,24,,978,2,2,-469.44,978,23472,5,1173.13,24635.74,0738854,665,J.D.LOGISTICS,RATAN BHAI
2189,30/04/2026,899,MANIBHADRA TRADELINK,V R PAWAR SAREES,VT 7177,JAINAM CREATION,540754,5,,1781,2,2,-178.1,1781,8905,5,445.07,9346.51,0738854,665,J.D.LOGISTICS,RATAN BHAI
2190,30/04/2026,899,MANIBHADRA TRADELINK,V R PAWAR SAREES,VT 6257,JAINAM CREATION,540754,13,,893,2,2,-232.18,893,11609,5,580.22,12184.58,0738854,665,J.D.LOGISTICS,RATAN BHAI
2191,30/04/2026,900,MANIBHADRA TRADELINK,V R PAWAR SAREES,NT 7104,JAINAM CREATION,540754,5,,2291,2,2,-229.1,2291,11455,5,572.52,12022.94,0738855,666,J.D.LOGISTICS,RATAN BHAI
2192,30/04/2026,900,MANIBHADRA TRADELINK,V R PAWAR SAREES,FD 8438,JAINAM CREATION,540754,8,,1934,2,2,-309.44,1934,15472,5,773.29,16239.1,0738855,666,J.D.LOGISTICS,RATAN BHAI
2193,30/04/2026,900,MANIBHADRA TRADELINK,V R PAWAR SAREES,VT 6258,JAINAM CREATION,540754,13,,880,2,2,-228.8,880,11440,5,571.77,12007.19,0738855,666,J.D.LOGISTICS,RATAN BHAI
2194,30/04/2026,900,MANIBHADRA TRADELINK,V R PAWAR SAREES,GT 4039,JAINAM CREATION,540754,7,,1356,2,2,-189.84,1356,9492,5,474.41,9962.61,0738855,666,J.D.LOGISTICS,RATAN BHAI
2195,30/04/2026,900,MANIBHADRA TRADELINK,V R PAWAR SAREES,VT 6583,JAINAM CREATION,540754,12,,893,2,2,-214.32,893,10716,5,535.59,11247.3,0738855,666,J.D.LOGISTICS,RATAN BHAI
2196,30/04/2026,900,MANIBHADRA TRADELINK,V R PAWAR SAREES,VT 8196,JAINAM CREATION,540754,18,,931,2,2,-335.16,931,16758,5,837.57,17588.87,0738855,666,J.D.LOGISTICS,RATAN BHAI
2197,30/04/2026,901,MANIBHADRA TRADELINK,V R PAWAR SAREES,VT 4935,JAINAM CREATION,540754,4,,1866,2,2,-149.28,1866,7464,5,373.05,7834.06,0738848,667,J.D.LOGISTICS,RATAN BHAI
2198,30/04/2026,901,MANIBHADRA TRADELINK,V R PAWAR SAREES,NT 8036,JAINAM CREATION,540754,5,,2529,2,2,-252.9,2529,12645,5,632,13271.94,0738848,667,J.D.LOGISTICS,RATAN BHAI
2199,30/04/2026,901,MANIBHADRA TRADELINK,V R PAWAR SAREES,NCM 8588,JAINAM CREATION,540754,5,,3124,2,2,-312.4,3124,15620,5,780.69,16394.44,0738848,667,J.D.LOGISTICS,RATAN BHAI
2200,30/04/2026,901,MANIBHADRA TRADELINK,V R PAWAR SAREES,VT 4666,JAINAM CREATION,540754,27,,893,2,2,-482.22,893,24111,5,1205.07,25306.43,0738848,667,J.D.LOGISTICS,RATAN BHAI
2201,30/04/2026,901,MANIBHADRA TRADELINK,V R PAWAR SAREES,GT 6370,JAINAM CREATION,540754,5,,1828,2,2,-182.8,1828,9140,5,456.82,9593.16,0738848,667,J.D.LOGISTICS,RATAN BHAI
2202,30/04/2026,901,MANIBHADRA TRADELINK,V R PAWAR SAREES,GT 3131,JAINAM CREATION,540754,10,,1424,2,2,-284.8,1424,14240,5,711.72,14946.02,0738848,667,J.D.LOGISTICS,RATAN BHAI
2203,30/04/2026,902,MANIBHADRA TRADELINK,V R PAWAR SAREES,FD 7774,JAINAM CREATION,540754,13,,1381,2,2,-359.06,1381,17953,5,897.29,18843.11,0738846,668,J.D.LOGISTICS,RATAN BHAI
2204,30/04/2026,902,MANIBHADRA TRADELINK,V R PAWAR SAREES,VT 7050,JAINAM CREATION,540754,6,,1692,2,2,-203.04,1692,10152,5,507.4,10655.34,0738846,668,J.D.LOGISTICS,RATAN BHAI
2205,30/04/2026,902,MANIBHADRA TRADELINK,V R PAWAR SAREES,VT 4878,JAINAM CREATION,540754,4,,1658,2,2,-132.64,1658,6632,5,331.47,6960.82,0738846,668,J.D.LOGISTICS,RATAN BHAI
2206,30/04/2026,902,MANIBHADRA TRADELINK,V R PAWAR SAREES,VT 78,JAINAM CREATION,540754,16,,846,2,2,-270.72,846,13536,5,676.53,14207.12,0738846,668,J.D.LOGISTICS,RATAN BHAI
2207,30/04/2026,902,MANIBHADRA TRADELINK,V R PAWAR SAREES,GT 7737,JAINAM CREATION,540754,6,,1866,2,2,-223.92,1866,11196,5,559.58,11751.1,0738846,668,J.D.LOGISTICS,RATAN BHAI
2208,30/04/2026,902,MANIBHADRA TRADELINK,V R PAWAR SAREES,VT 7321,JAINAM CREATION,540754,8,,1607,2,2,-257.12,1607,12856,5,642.54,13493.4,0738846,668,J.D.LOGISTICS,RATAN BHAI
2209,30/04/2026,903,MANIBHADRA TRADELINK,V R PAWAR SAREES,GT 6514,JAINAM CREATION,540754,2,,1424,2,2,-56.96,1424,2848,5,142.34,2989.2,0738850,669,J.D.LOGISTICS,RATAN BHAI
2210,30/04/2026,903,MANIBHADRA TRADELINK,V R PAWAR SAREES,SR 8399,JAINAM CREATION,540754,4,,1441,2,2,-115.28,1441,5764,5,288.08,6049.77,0738850,669,J.D.LOGISTICS,RATAN BHAI
2211,30/04/2026,903,MANIBHADRA TRADELINK,V R PAWAR SAREES,VT 5251,JAINAM CREATION,540754,6,,1611,2,2,-193.32,1611,9666,5,483.11,10145.24,0738850,669,J.D.LOGISTICS,RATAN BHAI
2212,30/04/2026,903,MANIBHADRA TRADELINK,V R PAWAR SAREES,FD 8388,JAINAM CREATION,540754,4,,1424,2,2,-113.92,1424,5696,5,284.69,5978.41,0738850,669,J.D.LOGISTICS,RATAN BHAI
2213,30/04/2026,903,MANIBHADRA TRADELINK,V R PAWAR SAREES,GT 6566,JAINAM CREATION,540754,2,,1318,2,2,-52.72,1318,2636,5,131.75,2766.7,0738850,669,J.D.LOGISTICS,RATAN BHAI
2214,30/04/2026,903,MANIBHADRA TRADELINK,V R PAWAR SAREES,VT 8000,JAINAM CREATION,540754,8,,1101,2,2,-176.16,1101,8808,5,440.22,9244.7,0738850,669,J.D.LOGISTICS,RATAN BHAI
2215,30/04/2026,903,MANIBHADRA TRADELINK,V R PAWAR SAREES,VT 3924,JAINAM CREATION,540754,8,,1862,2,2,-297.92,1862,14896,5,744.5,15634.54,0738850,669,J.D.LOGISTICS,RATAN BHAI
2216,30/04/2026,903,MANIBHADRA TRADELINK,V R PAWAR SAREES,FD 8271,JAINAM CREATION,540754,3,,1475,2,2,-88.5,1475,4425,5,221.16,4644.39,0738850,669,J.D.LOGISTICS,RATAN BHAI
2217,30/04/2026,903,MANIBHADRA TRADELINK,V R PAWAR SAREES,VT 5395,JAINAM CREATION,540754,5,,1743,2,2,-174.3,1743,8715,5,435.58,9147.09,0738850,669,J.D.LOGISTICS,RATAN BHAI
2218,30/04/2026,903,MANIBHADRA TRADELINK,V R PAWAR SAREES,FD 8288,JAINAM CREATION,540754,3,,1403,2,2,-84.18,1403,4209,5,210.37,4417.69,0738850,669,J.D.LOGISTICS,RATAN BHAI
2219,30/04/2026,903,MANIBHADRA TRADELINK,V R PAWAR SAREES,VT 5380,JAINAM CREATION,540754,4,,1628,2,2,-130.24,1628,6512,5,325.47,6834.87,0738850,669,J.D.LOGISTICS,RATAN BHAI
2220,30/04/2026,904,MANIBHADRA TRADELINK,V R PAWAR SAREES,FD 6865,JAINAM CREATION,540754,4,,1611,2,2,-128.88,1611,6444,5,322.07,6763.49,0738857,670,J.D.LOGISTICS,RATAN BHAI
2221,30/04/2026,904,MANIBHADRA TRADELINK,V R PAWAR SAREES,KC 8512,JAINAM CREATION,540754,4,,2274,2,2,-181.92,2274,9096,5,454.62,9546.98,0738857,670,J.D.LOGISTICS,RATAN BHAI
2222,30/04/2026,904,MANIBHADRA TRADELINK,V R PAWAR SAREES,VT 6538,JAINAM CREATION,540754,15,,931,2,2,-279.3,931,13965,5,697.97,14657.38,0738857,670,J.D.LOGISTICS,RATAN BHAI
2223,30/04/2026,904,MANIBHADRA TRADELINK,V R PAWAR SAREES,ST 4610,JAINAM CREATION,540754,4,,978,2,2,-78.24,978,3912,5,195.52,4105.96,0738857,670,J.D.LOGISTICS,RATAN BHAI
2224,30/04/2026,904,MANIBHADRA TRADELINK,V R PAWAR SAREES,VT 5980,JAINAM CREATION,540754,4,,1611,2,2,-128.88,1611,6444,5,322.07,6763.49,0738857,670,J.D.LOGISTICS,RATAN BHAI
2225,30/04/2026,904,MANIBHADRA TRADELINK,V R PAWAR SAREES,NT 7897,JAINAM CREATION,540754,5,,2274,2,2,-227.4,2274,11370,5,568.27,11933.72,0738857,670,J.D.LOGISTICS,RATAN BHAI
2226,30/04/2026,904,MANIBHADRA TRADELINK,V R PAWAR SAREES,FD 8590,JAINAM CREATION,540754,8,,1913,2,2,-306.08,1913,15304,5,764.89,16062.77,0738857,670,J.D.LOGISTICS,RATAN BHAI
2227,30/04/2026,904,MANIBHADRA TRADELINK,V R PAWAR SAREES,SR 7405,JAINAM CREATION,540754,16,,757,2,2,-242.24,757,12112,5,605.36,12712.52,0738857,670,J.D.LOGISTICS,RATAN BHAI
2228,30/04/2026,904,MANIBHADRA TRADELINK,V R PAWAR SAREES,GJ 8319,JAINAM CREATION,540754,1,,1509,2,2,-30.18,1509,1509,5,75.42,1583.82,0738857,670,J.D.LOGISTICS,RATAN BHAI
2229,30/04/2026,904,MANIBHADRA TRADELINK,V R PAWAR SAREES,FD 8466,JAINAM CREATION,540754,1,,2291,2,2,-45.82,2291,2291,5,114.5,2404.58,0738857,670,J.D.LOGISTICS,RATAN BHAI
2230,30/04/2026,905,MANIBHADRA TRADELINK,V R PAWAR SAREES,VT 4754,JAINAM CREATION,540754,12,,931,2,2,-223.44,931,11172,5,558.38,11725.91,0738858,671,J.D.LOGISTICS,RATAN BHAI
2231,30/04/2026,905,MANIBHADRA TRADELINK,V R PAWAR SAREES,FD 8600,JAINAM CREATION,540754,5,,3188,2,2,-318.8,3188,15940,5,796.68,16730.3,0738858,671,J.D.LOGISTICS,RATAN BHAI
2232,30/04/2026,905,MANIBHADRA TRADELINK,V R PAWAR SAREES,FD 8596,JAINAM CREATION,540754,3,,1186,2,2,-71.16,1186,3558,5,177.83,3734.41,0738858,671,J.D.LOGISTICS,RATAN BHAI
2233,30/04/2026,905,MANIBHADRA TRADELINK,V R PAWAR SAREES,DP 8592,JAINAM CREATION,540754,4,,1254,2,2,-100.32,1254,5016,5,250.7,5264.69,0738858,671,J.D.LOGISTICS,RATAN BHAI
2234,30/04/2026,905,MANIBHADRA TRADELINK,V R PAWAR SAREES,SR 7448,JAINAM CREATION,540754,8,,808,2,2,-129.28,808,6464,5,323.07,6784.48,0738858,671,J.D.LOGISTICS,RATAN BHAI
2235,30/04/2026,905,MANIBHADRA TRADELINK,V R PAWAR SAREES,SR 4773,JAINAM CREATION,540754,10,,1267,2,2,-253.4,1267,12670,5,633.25,13298.18,0738858,671,J.D.LOGISTICS,RATAN BHAI
2236,30/04/2026,905,MANIBHADRA TRADELINK,V R PAWAR SAREES,GT 8266,JAINAM CREATION,540754,5,,1781,2,2,-178.1,1781,8905,5,445.07,9346.51,0738858,671,J.D.LOGISTICS,RATAN BHAI
2237,30/04/2026,905,MANIBHADRA TRADELINK,V R PAWAR SAREES,TL 8161,JAINAM CREATION,540754,4,,1356,2,2,-108.48,1356,5424,5,271.09,5692.92,0738858,671,J.D.LOGISTICS,RATAN BHAI
2238,30/04/2026,905,MANIBHADRA TRADELINK,V R PAWAR SAREES,FD 8551,JAINAM CREATION,540754,4,,1182,2,2,-94.56,1182,4728,5,236.31,4962.42,0738858,671,J.D.LOGISTICS,RATAN BHAI
2239,30/04/2026,905,MANIBHADRA TRADELINK,V R PAWAR SAREES,GT 4253,JAINAM CREATION,540754,4,,1424,2,2,-113.92,1424,5696,5,284.69,5978.41,0738858,671,J.D.LOGISTICS,RATAN BHAI
2240,30/04/2026,905,MANIBHADRA TRADELINK,V R PAWAR SAREES,FD 6950,JAINAM CREATION,540754,4,,1356,2,2,-108.48,1356,5424,5,271.09,5692.92,0738858,671,J.D.LOGISTICS,RATAN BHAI
2241,30/04/2026,905,MANIBHADRA TRADELINK,V R PAWAR SAREES,FD 7195,JAINAM CREATION,540754,4,,1356,2,2,-108.48,1356,5424,5,271.09,5692.92,0738858,671,J.D.LOGISTICS,RATAN BHAI
2242,30/04/2026,906,MANIBHADRA TRADELINK,V R PAWAR SAREES,B FD 13079,BHAGYASHREE TEXTLIE,540754,4,,2146,2,2,-171.68,2146,8584,5,429.03,9009.6,0738856,380,J.D.LOGISTICS,RATAN BHAI
2243,30/04/2026,906,MANIBHADRA TRADELINK,V R PAWAR SAREES,B FD 13074,BHAGYASHREE TEXTLIE,540754,5,,2967,2,2,-296.7,2967,14835,5,741.45,15570.52,0738856,380,J.D.LOGISTICS,RATAN BHAI
2244,30/04/2026,906,MANIBHADRA TRADELINK,V R PAWAR SAREES,B BF 12709,BHAGYASHREE TEXTLIE,540754,5,,2444,2,2,-244.4,2444,12220,5,610.76,12825.87,0738856,380,J.D.LOGISTICS,RATAN BHAI
2245,30/04/2026,906,MANIBHADRA TRADELINK,V R PAWAR SAREES,B VT 13023,BHAGYASHREE TEXTLIE,540754,4,,2083,2,2,-166.64,2083,8332,5,416.43,8745.1,0738856,380,J.D.LOGISTICS,RATAN BHAI
2246,30/04/2026,906,MANIBHADRA TRADELINK,V R PAWAR SAREES,B VT 12992,BHAGYASHREE TEXTLIE,540754,19,,931,2,2,-353.78,931,17689,5,884.1,18566.02,0738856,380,J.D.LOGISTICS,RATAN BHAI
2247,30/04/2026,906,MANIBHADRA TRADELINK,V R PAWAR SAREES,B VT 13183,BHAGYASHREE TEXTLIE,540754,5,,1594,2,2,-159.4,1594,7970,5,398.34,8365.15,0738856,380,J.D.LOGISTICS,RATAN BHAI
2248,30/04/2026,906,MANIBHADRA TRADELINK,V R PAWAR SAREES,B TS 13232,BHAGYASHREE TEXTLIE,540754,3,,2121,2,2,-127.26,2121,6363,5,318.02,6678.47,0738856,380,J.D.LOGISTICS,RATAN BHAI
2249,30/04/2026,906,MANIBHADRA TRADELINK,V R PAWAR SAREES,B OG 12823,BHAGYASHREE TEXTLIE,540754,4,,2168,2,2,-173.44,2168,8672,5,433.43,9101.96,0738856,380,J.D.LOGISTICS,RATAN BHAI
2250,30/04/2026,906,MANIBHADRA TRADELINK,V R PAWAR SAREES,B BS 13185,BHAGYASHREE TEXTLIE,540754,5,,2274,2,2,-227.4,2274,11370,5,568.27,11933.72,0738856,380,J.D.LOGISTICS,RATAN BHAI
2251,30/04/2026,906,MANIBHADRA TRADELINK,V R PAWAR SAREES,B FD 12920,BHAGYASHREE TEXTLIE,540754,4,,2276,2,2,-182.08,2276,9104,5,455.02,9555.38,0738856,380,J.D.LOGISTICS,RATAN BHAI
2252,30/04/2026,907,MANIBHADRA TRADELINK,V R PAWAR SAREES,AJITA,SAI DESIGNER CREATIVE,540754,5,,695,2,,,695,3475,5,177.23,3721.73,0739259,624,J.D.LOGISTICS,RATAN BHAI
2253,30/04/2026,907,MANIBHADRA TRADELINK,V R PAWAR SAREES,PARASMANI,SAI DESIGNER CREATIVE,540754,5,,695,2,,,695,3475,5,177.23,3721.73,0739259,624,J.D.LOGISTICS,RATAN BHAI
2254,30/04/2026,907,MANIBHADRA TRADELINK,V R PAWAR SAREES,BHAVIKA NET,SAI DESIGNER CREATIVE,540754,6,,655,2,,,655,3930,5,200.43,4209.03,0739259,624,J.D.LOGISTICS,RATAN BHAI
2255,30/04/2026,907,MANIBHADRA TRADELINK,V R PAWAR SAREES,SHIVANSH 10,SAI DESIGNER CREATIVE,540754,6,,595,2,,,595,3570,5,182.07,3823.47,0739259,624,J.D.LOGISTICS,RATAN BHAI
2256,30/04/2026,907,MANIBHADRA TRADELINK,V R PAWAR SAREES,SHIVANSH 12,SAI DESIGNER CREATIVE,540754,5,,595,2,,,595,2975,5,151.73,3186.23,0739259,624,J.D.LOGISTICS,RATAN BHAI
2257,30/04/2026,907,MANIBHADRA TRADELINK,V R PAWAR SAREES,SHIVANSH 2,SAI DESIGNER CREATIVE,540754,5,,595,2,,,595,2975,5,151.73,3186.23,0739259,624,J.D.LOGISTICS,RATAN BHAI
2258,30/04/2026,907,MANIBHADRA TRADELINK,V R PAWAR SAREES,SHIVANSH 4,SAI DESIGNER CREATIVE,540754,6,,595,2,,,595,3570,5,182.07,3823.47,0739259,624,J.D.LOGISTICS,RATAN BHAI
2259,30/04/2026,907,MANIBHADRA TRADELINK,V R PAWAR SAREES,SHIVANSH 3,SAI DESIGNER CREATIVE,540754,4,,595,2,,,595,2380,5,121.38,2548.98,0739259,624,J.D.LOGISTICS,RATAN BHAI
2260,30/04/2026,907,MANIBHADRA TRADELINK,V R PAWAR SAREES,UMA 1,SAI DESIGNER CREATIVE,540754,4,,595,2,,,595,2380,5,121.38,2548.98,0739259,624,J.D.LOGISTICS,RATAN BHAI
2261,30/04/2026,907,MANIBHADRA TRADELINK,V R PAWAR SAREES,CHANA CHAT 4,SAI DESIGNER CREATIVE,540754,5,,495,2,,,495,2475,5,126.23,2650.73,0739259,624,J.D.LOGISTICS,RATAN BHAI
2262,30/04/2026,907,MANIBHADRA TRADELINK,V R PAWAR SAREES,CHANA CHAT 5,SAI DESIGNER CREATIVE,540754,5,,495,2,,,495,2475,5,126.23,2650.73,0739259,624,J.D.LOGISTICS,RATAN BHAI
2263,30/04/2026,907,MANIBHADRA TRADELINK,V R PAWAR SAREES,MAHESHWARI,SAI DESIGNER CREATIVE,540754,6,,1195,2,,,1195,7170,5,365.67,7679.07,0739259,624,J.D.LOGISTICS,RATAN BHAI
2264,30/04/2026,907,MANIBHADRA TRADELINK,V R PAWAR SAREES,DIPTI ZALL,SAI DESIGNER CREATIVE,540754,6,,1225,2,,,1225,7350,5,374.85,7871.85,0739259,624,J.D.LOGISTICS,RATAN BHAI
2265,30/04/2026,908,MANIBHADRA TRADELINK,V R PAWAR SAREES,KAILASH,SAI DESIGNER CREATIVE,540754,6,,2195,2,,,2195,13170,5,671.67,14105.07,0739263,626,J.D.LOGISTICS,RATAN BHAI
2266,30/04/2026,908,MANIBHADRA TRADELINK,V R PAWAR SAREES,BANSI,SAI DESIGNER CREATIVE,540754,5,,1885,2,,,1885,9425,5,480.68,10094.18,0739263,626,J.D.LOGISTICS,RATAN BHAI
2267,30/04/2026,908,MANIBHADRA TRADELINK,V R PAWAR SAREES,PALAK,SAI DESIGNER CREATIVE,540754,5,,1765,2,,,1765,8825,5,450.08,9451.58,0739263,626,J.D.LOGISTICS,RATAN BHAI
2268,30/04/2026,908,MANIBHADRA TRADELINK,V R PAWAR SAREES,ELIZA,SAI DESIGNER CREATIVE,540754,6,,1475,2,,,1475,8850,5,451.35,9478.35,0739263,626,J.D.LOGISTICS,RATAN BHAI
2269,30/04/2026,908,MANIBHADRA TRADELINK,V R PAWAR SAREES,ARORA,SAI DESIGNER CREATIVE,540754,5,,1425,2,,,1425,7125,5,363.38,7630.88,0739263,626,J.D.LOGISTICS,RATAN BHAI
2270,30/04/2026,908,MANIBHADRA TRADELINK,V R PAWAR SAREES,SAYUKTA,SAI DESIGNER CREATIVE,540754,5,,2045,2,,,2045,10225,5,521.48,10950.98,0739263,626,J.D.LOGISTICS,RATAN BHAI
2271,30/04/2026,908,MANIBHADRA TRADELINK,V R PAWAR SAREES,ARPITA ZALL,SAI DESIGNER CREATIVE,540754,5,,1475,2,,,1475,7375,5,376.13,7898.63,0739263,626,J.D.LOGISTICS,RATAN BHAI
2272,30/04/2026,908,MANIBHADRA TRADELINK,V R PAWAR SAREES,NANDINI,SAI DESIGNER CREATIVE,540754,6,,1595,2,,,1595,9570,5,488.07,10249.47,0739263,626,J.D.LOGISTICS,RATAN BHAI
2273,30/04/2026,908,MANIBHADRA TRADELINK,V R PAWAR SAREES,MINAXI NET,SAI DESIGNER CREATIVE,540754,6,,1495,2,,,1495,8970,5,457.47,9606.87,0739263,626,J.D.LOGISTICS,RATAN BHAI
2274,30/04/2026,908,MANIBHADRA TRADELINK,V R PAWAR SAREES,SALINI NET,SAI DESIGNER CREATIVE,540754,6,,3325,2,,,3325,19950,5,1017.45,21366.45,0739263,626,J.D.LOGISTICS,RATAN BHAI
2275,30/04/2026,909,MANIBHADRA TRADELINK,V R PAWAR SAREES,AMRUTA BLACK,SAI DESIGNER CREATIVE,540754,5,,1895,2,,,1895,9475,5,483.23,10147.73,0739262,625,J.D.LOGISTICS,RATAN BHAI
2276,30/04/2026,909,MANIBHADRA TRADELINK,V R PAWAR SAREES,GILLORY BLACK,SAI DESIGNER CREATIVE,540754,6,,1895,2,,,1895,11370,5,579.87,12177.27,0739262,625,J.D.LOGISTICS,RATAN BHAI
2277,30/04/2026,909,MANIBHADRA TRADELINK,V R PAWAR SAREES,SONPAPDI,SAI DESIGNER CREATIVE,540754,5,,1795,2,,,1795,8975,5,457.73,9612.23,0739262,625,J.D.LOGISTICS,RATAN BHAI
2278,30/04/2026,909,MANIBHADRA TRADELINK,V R PAWAR SAREES,BARFI,SAI DESIGNER CREATIVE,540754,6,,1695,2,,,1695,10170,5,518.67,10892.07,0739262,625,J.D.LOGISTICS,RATAN BHAI
2279,30/04/2026,909,MANIBHADRA TRADELINK,V R PAWAR SAREES,VISHVAKARMA,SAI DESIGNER CREATIVE,540754,5,,1595,2,,,1595,7975,5,406.73,8541.23,0739262,625,J.D.LOGISTICS,RATAN BHAI
2280,30/04/2026,909,MANIBHADRA TRADELINK,V R PAWAR SAREES,AGNI SIFFONE,SAI DESIGNER CREATIVE,540754,4,,1345,2,,,1345,5380,5,274.38,5761.98,0739262,625,J.D.LOGISTICS,RATAN BHAI
2281,30/04/2026,909,MANIBHADRA TRADELINK,V R PAWAR SAREES,HASMUKHI,SAI DESIGNER CREATIVE,540754,5,,1795,2,,,1795,8975,5,457.73,9612.23,0739262,625,J.D.LOGISTICS,RATAN BHAI
2282,30/04/2026,909,MANIBHADRA TRADELINK,V R PAWAR SAREES,MOHINI,SAI DESIGNER CREATIVE,540754,5,,1595,2,,,1595,7975,5,406.73,8541.23,0739262,625,J.D.LOGISTICS,RATAN BHAI
2283,30/04/2026,909,MANIBHADRA TRADELINK,V R PAWAR SAREES,BHAGINI,SAI DESIGNER CREATIVE,540754,5,,1495,2,,,1495,7475,5,381.23,8005.73,0739262,625,J.D.LOGISTICS,RATAN BHAI
2284,30/04/2026,909,MANIBHADRA TRADELINK,V R PAWAR SAREES,RAGINI,SAI DESIGNER CREATIVE,540754,5,,1495,2,,,1495,7475,5,381.23,8005.73,0739262,625,J.D.LOGISTICS,RATAN BHAI
2285,30/04/2026,910,MANIBHADRA TRADELINK,V R PAWAR SAREES,NEW AMERICA,HITESH NX,540754,9,,1295,2,2,-233.1,1295,11655,5,582.52,12232.86,0738903,1663,J.D.LOGISTICS,RATAN BHAI
2286,30/04/2026,910,MANIBHADRA TRADELINK,V R PAWAR SAREES,BLACK COMMAN,HITESH NX,540754,3,,850,2,2,-51,850,2550,5,127.45,2676.43,0738903,1663,J.D.LOGISTICS,RATAN BHAI
2287,30/04/2026,910,MANIBHADRA TRADELINK,V R PAWAR SAREES,NEW CANADA,HITESH NX,540754,3,,1295,2,2,-77.7,1295,3885,5,194.17,4077.62,0738903,1663,J.D.LOGISTICS,RATAN BHAI
2288,30/04/2026,910,MANIBHADRA TRADELINK,V R PAWAR SAREES,FIVE PAN,HITESH NX,540754,5,,1595,2,2,-159.5,1595,7975,5,398.59,8370.4,0738903,1663,J.D.LOGISTICS,RATAN BHAI
2289,30/04/2026,910,MANIBHADRA TRADELINK,V R PAWAR SAREES,TECNO  ,HITESH NX,540754,5,,1025,2,2,-102.5,1025,5125,5,256.15,5379.1,0738903,1663,J.D.LOGISTICS,RATAN BHAI
2290,30/04/2026,910,MANIBHADRA TRADELINK,V R PAWAR SAREES,VICHITRA KOTI  ,HITESH NX,540754,5,,1875,2,2,-187.5,1875,9375,5,468.56,9839.81,0738903,1663,J.D.LOGISTICS,RATAN BHAI
2291,30/04/2026,910,MANIBHADRA TRADELINK,V R PAWAR SAREES,TWO MOR,HITESH NX,540754,6,,1650,2,2,-198,1650,9900,5,494.8,10390.84,0738903,1663,J.D.LOGISTICS,RATAN BHAI
2292,30/04/2026,910,MANIBHADRA TRADELINK,V R PAWAR SAREES,MONA KITE,HITESH NX,540754,5,,1825,2,2,-182.5,1825,9125,5,456.07,9577.42,0738903,1663,J.D.LOGISTICS,RATAN BHAI
2293,30/04/2026,910,MANIBHADRA TRADELINK,V R PAWAR SAREES,ASOPAN,HITESH NX,540754,5,,1450,2,2,-145,1450,7250,5,362.36,7609.46,0738903,1663,J.D.LOGISTICS,RATAN BHAI
2294,30/04/2026,910,MANIBHADRA TRADELINK,V R PAWAR SAREES,PIYANO 2,HITESH NX,540754,3,,1725,2,2,-103.5,1725,5175,5,258.65,5431.58,0738903,1663,J.D.LOGISTICS,RATAN BHAI
2295,30/04/2026,910,MANIBHADRA TRADELINK,V R PAWAR SAREES,LOVE,HITESH NX,540754,5,,1365,2,2,-136.5,1365,6825,5,341.11,7163.38,0738903,1663,J.D.LOGISTICS,RATAN BHAI
2296,30/04/2026,910,MANIBHADRA TRADELINK,V R PAWAR SAREES,LOVE 3,HITESH NX,540754,5,,1365,2,2,-136.5,1365,6825,5,341.11,7163.38,0738903,1663,J.D.LOGISTICS,RATAN BHAI
2297,30/04/2026,910,MANIBHADRA TRADELINK,V R PAWAR SAREES,ROYAL ENFILD  ,HITESH NX,540754,5,,1395,2,2,-139.5,1395,6975,5,348.61,7320.82,0738903,1663,J.D.LOGISTICS,RATAN BHAI
2298,30/04/2026,910,MANIBHADRA TRADELINK,V R PAWAR SAREES,ROYAL ENFILD 3,HITESH NX,540754,4,,1395,2,2,-111.6,1395,5580,5,278.89,5856.66,0738903,1663,J.D.LOGISTICS,RATAN BHAI
2299,30/04/2026,910,MANIBHADRA TRADELINK,V R PAWAR SAREES,ROYAL ENFIELD 2,HITESH NX,540754,5,,1395,2,2,-139.5,1395,6975,5,348.61,7320.82,0738903,1663,J.D.LOGISTICS,RATAN BHAI
2300,30/04/2026,911,MANIBHADRA TRADELINK,V R PAWAR SAREES,AIRAVAT PALLU,HITESH NX,540754,4,,1275,2,2,-102,1275,5100,5,254.9,5352.86,0738902,1665,J.D.LOGISTICS,RATAN BHAI
2301,30/04/2026,911,MANIBHADRA TRADELINK,V R PAWAR SAREES,MANSI,HITESH NX,540754,4,,1195,2,2,-95.6,1195,4780,5,238.9,5016.99,0738902,1665,J.D.LOGISTICS,RATAN BHAI
2302,30/04/2026,911,MANIBHADRA TRADELINK,V R PAWAR SAREES,MONECO,HITESH NX,540754,5,,2050,2,2,-205,2050,10250,5,512.3,10758.2,0738902,1665,J.D.LOGISTICS,RATAN BHAI
2303,30/04/2026,911,MANIBHADRA TRADELINK,V R PAWAR SAREES,GOLD DIGITAL  ,HITESH NX,540754,4,,1650,2,2,-132,1650,6600,5,329.87,6927.23,0738902,1665,J.D.LOGISTICS,RATAN BHAI
2304,30/04/2026,911,MANIBHADRA TRADELINK,V R PAWAR SAREES,ARTICLE,HITESH NX,540754,4,,1350,2,2,-108,1350,5400,5,269.89,5667.73,0738902,1665,J.D.LOGISTICS,RATAN BHAI
2305,30/04/2026,911,MANIBHADRA TRADELINK,V R PAWAR SAREES,UMAR   ,HITESH NX,540754,5,,1495,2,2,-149.5,1495,7475,5,373.6,7845.61,0738902,1665,J.D.LOGISTICS,RATAN BHAI
2306,30/04/2026,911,MANIBHADRA TRADELINK,V R PAWAR SAREES,DEVKI,HITESH NX,540754,5,,1365,2,2,-136.5,1365,6825,5,341.11,7163.38,0738902,1665,J.D.LOGISTICS,RATAN BHAI
2307,30/04/2026,911,MANIBHADRA TRADELINK,V R PAWAR SAREES,PATIYALA 4,HITESH NX,540754,6,,975,2,2,-117,975,5850,5,292.38,6140.04,0738902,1665,J.D.LOGISTICS,RATAN BHAI
2308,30/04/2026,911,MANIBHADRA TRADELINK,V R PAWAR SAREES,NIRMA,HITESH NX,540754,5,,1195,2,2,-119.5,1195,5975,5,298.63,6271.24,0738902,1665,J.D.LOGISTICS,RATAN BHAI
2309,30/04/2026,911,MANIBHADRA TRADELINK,V R PAWAR SAREES,WAR 2,HITESH NX,540754,6,,1595,2,2,-191.4,1595,9570,5,478.31,10044.48,0738902,1665,J.D.LOGISTICS,RATAN BHAI
2310,30/04/2026,911,MANIBHADRA TRADELINK,V R PAWAR SAREES,VALMIKI,HITESH NX,540754,5,,815,2,2,-81.5,815,4075,5,203.67,4277.04,0738902,1665,J.D.LOGISTICS,RATAN BHAI
2311,30/04/2026,911,MANIBHADRA TRADELINK,V R PAWAR SAREES,TAPAS 2,HITESH NX,540754,6,,1075,2,2,-129,1075,6450,5,322.37,6769.79,0738902,1665,J.D.LOGISTICS,RATAN BHAI
2312,30/04/2026,911,MANIBHADRA TRADELINK,V R PAWAR SAREES,OSCAR,HITESH NX,540754,5,,1395,2,2,-139.5,1395,6975,5,348.61,7320.82,0738902,1665,J.D.LOGISTICS,RATAN BHAI
2313,30/04/2026,911,MANIBHADRA TRADELINK,V R PAWAR SAREES,MOSS CHAKRI,HITESH NX,540754,5,,1365,2,2,-136.5,1365,6825,5,341.11,7163.38,0738902,1665,J.D.LOGISTICS,RATAN BHAI
2314,30/04/2026,912,MANIBHADRA TRADELINK,V R PAWAR SAREES,RED MOR,HITESH NX,540754,4,,1495,2,2,-119.6,1495,5980,5,298.88,6276.49,0738904,1666,J.D.LOGISTICS,RATAN BHAI
2315,30/04/2026,912,MANIBHADRA TRADELINK,V R PAWAR SAREES,KITKET 3,HITESH NX,540754,4,,1895,2,2,-151.6,1895,7580,5,378.85,7955.82,0738904,1666,J.D.LOGISTICS,RATAN BHAI
2316,30/04/2026,912,MANIBHADRA TRADELINK,V R PAWAR SAREES,CHHAYA,HITESH NX,540754,5,,1075,2,2,-107.5,1075,5375,5,268.64,5641.49,0738904,1666,J.D.LOGISTICS,RATAN BHAI
2317,30/04/2026,912,MANIBHADRA TRADELINK,V R PAWAR SAREES,LALO,HITESH NX,540754,5,,1595,2,2,-159.5,1595,7975,5,398.59,8370.4,0738904,1666,J.D.LOGISTICS,RATAN BHAI
2318,30/04/2026,912,MANIBHADRA TRADELINK,V R PAWAR SAREES,PAN,HITESH NX,540754,7,,1075,2,2,-150.5,1075,7525,5,376.1,7898.09,0738904,1666,J.D.LOGISTICS,RATAN BHAI
2319,30/04/2026,912,MANIBHADRA TRADELINK,V R PAWAR SAREES,ANDHIRA PRADESH,HITESH NX,540754,8,,1095,2,2,-175.2,1095,8760,5,437.83,9194.33,0738904,1666,J.D.LOGISTICS,RATAN BHAI
2320,30/04/2026,912,MANIBHADRA TRADELINK,V R PAWAR SAREES,NAGIN 2,HITESH NX,540754,5,,1850,2,2,-185,1850,9250,5,462.32,9708.62,0738904,1666,J.D.LOGISTICS,RATAN BHAI
2321,30/04/2026,912,MANIBHADRA TRADELINK,V R PAWAR SAREES,NAGIN  ,HITESH NX,540754,5,,1850,2,2,-185,1850,9250,5,462.32,9708.62,0738904,1666,J.D.LOGISTICS,RATAN BHAI
2322,30/04/2026,912,MANIBHADRA TRADELINK,V R PAWAR SAREES,ZARKAN GULAB,HITESH NX,540754,5,,2125,2,2,-212.5,2125,10625,5,531.04,11151.79,0738904,1666,J.D.LOGISTICS,RATAN BHAI
2323,30/04/2026,912,MANIBHADRA TRADELINK,V R PAWAR SAREES,AMIT,HITESH NX,540754,8,,795,2,2,-127.2,795,6360,5,317.87,6675.33,0738904,1666,J.D.LOGISTICS,RATAN BHAI
2324,30/04/2026,912,MANIBHADRA TRADELINK,V R PAWAR SAREES,FOIL MOR,HITESH NX,540754,6,,835,2,2,-100.2,835,5010,5,250.4,5258.4,0738904,1666,J.D.LOGISTICS,RATAN BHAI
2325,30/04/2026,912,MANIBHADRA TRADELINK,V R PAWAR SAREES,KAMTHI,HITESH NX,540754,5,,1275,2,2,-127.5,1275,6375,5,318.62,6691.07,0738904,1666,J.D.LOGISTICS,RATAN BHAI
2326,30/04/2026,913,MANIBHADRA TRADELINK,V R PAWAR SAREES,KALASH VEL 2,HITESH NX,540754,4,,1525,2,2,-122,1525,6100,5,304.88,6402.44,0738910,1667,J.D.LOGISTICS,RATAN BHAI
2327,30/04/2026,913,MANIBHADRA TRADELINK,V R PAWAR SAREES,KAMTHI 2,HITESH NX,540754,5,,1275,2,2,-127.5,1275,6375,5,318.62,6691.07,0738910,1667,J.D.LOGISTICS,RATAN BHAI
2328,30/04/2026,913,MANIBHADRA TRADELINK,V R PAWAR SAREES,BHANJA 3,HITESH NX,540754,5,,1175,2,2,-117.5,1175,5875,5,293.63,6166.28,0738910,1667,J.D.LOGISTICS,RATAN BHAI
2329,30/04/2026,913,MANIBHADRA TRADELINK,V R PAWAR SAREES,ANKHE,HITESH NX,540754,4,,1575,2,2,-126,1575,6300,5,314.87,6612.35,0738910,1667,J.D.LOGISTICS,RATAN BHAI
2330,30/04/2026,913,MANIBHADRA TRADELINK,V R PAWAR SAREES,VARI DEEP,HITESH NX,540754,5,,1350,2,2,-135,1350,6750,5,337.37,7084.67,0738910,1667,J.D.LOGISTICS,RATAN BHAI
2331,30/04/2026,913,MANIBHADRA TRADELINK,V R PAWAR SAREES,VARI VEL,HITESH NX,540754,5,,1395,2,2,-139.5,1395,6975,5,348.61,7320.82,0738910,1667,J.D.LOGISTICS,RATAN BHAI
2332,30/04/2026,913,MANIBHADRA TRADELINK,V R PAWAR SAREES,OXIS,HITESH NX,540754,5,,2050,2,2,-205,2050,10250,5,512.3,10758.2,0738910,1667,J.D.LOGISTICS,RATAN BHAI
2333,30/04/2026,913,MANIBHADRA TRADELINK,V R PAWAR SAREES,BEMBAR GULAB,HITESH NX,540754,5,,1175,2,2,-117.5,1175,5875,5,293.63,6166.28,0738910,1667,J.D.LOGISTICS,RATAN BHAI
2334,30/04/2026,913,MANIBHADRA TRADELINK,V R PAWAR SAREES,VASTRAL,HITESH NX,540754,5,,1750,2,2,-175,1750,8750,5,437.33,9183.83,0738910,1667,J.D.LOGISTICS,RATAN BHAI
2335,30/04/2026,913,MANIBHADRA TRADELINK,V R PAWAR SAREES,VARI CHEX,HITESH NX,540754,5,,2195,2,2,-219.5,2195,10975,5,548.53,11519.14,0738910,1667,J.D.LOGISTICS,RATAN BHAI
2336,30/04/2026,913,MANIBHADRA TRADELINK,V R PAWAR SAREES,NILAY,HITESH NX,540754,5,,1795,2,2,-179.5,1795,8975,5,448.57,9419.98,0738910,1667,J.D.LOGISTICS,RATAN BHAI
2337,30/04/2026,913,MANIBHADRA TRADELINK,V R PAWAR SAREES,ASOPALAV VEL,HITESH NX,540754,3,,1495,2,2,-89.7,1495,4485,5,224.16,4707.37,0738910,1667,J.D.LOGISTICS,RATAN BHAI
2338,30/04/2026,913,MANIBHADRA TRADELINK,V R PAWAR SAREES,SUN 2,HITESH NX,540754,16,,625,2,2,-200,625,10000,5,499.8,10495.8,0738910,1667,J.D.LOGISTICS,RATAN BHAI
2339,30/04/2026,914,MANIBHADRA TRADELINK,V R PAWAR SAREES,MOONSOON,HITESH NX,540754,4,,1295,2,2,-103.6,1295,5180,5,258.9,5436.83,0738907,1661,J.D.LOGISTICS,RATAN BHAI
2340,30/04/2026,914,MANIBHADRA TRADELINK,V R PAWAR SAREES,AADITYA,HITESH NX,540754,6,,1575,2,2,-189,1575,9450,5,472.31,9918.53,0738907,1661,J.D.LOGISTICS,RATAN BHAI
2341,30/04/2026,914,MANIBHADRA TRADELINK,V R PAWAR SAREES,MATCH   ,HITESH NX,540754,6,,1210,2,2,-145.2,1210,7260,5,362.86,7619.96,0738907,1661,J.D.LOGISTICS,RATAN BHAI
2342,30/04/2026,914,MANIBHADRA TRADELINK,V R PAWAR SAREES,RAKESH 2,HITESH NX,540754,10,,1395,2,2,-279,1395,13950,5,697.22,14641.64,0738907,1661,J.D.LOGISTICS,RATAN BHAI
2343,30/04/2026,914,MANIBHADRA TRADELINK,V R PAWAR SAREES,PRITI,HITESH NX,540754,4,,895,2,2,-71.6,895,3580,5,178.93,3757.5,0738907,1661,J.D.LOGISTICS,RATAN BHAI
2344,30/04/2026,914,MANIBHADRA TRADELINK,V R PAWAR SAREES,MALA,HITESH NX,540754,5,,1425,2,2,-142.5,1425,7125,5,356.11,7478.26,0738907,1661,J.D.LOGISTICS,RATAN BHAI
2345,30/04/2026,914,MANIBHADRA TRADELINK,V R PAWAR SAREES,MATHEMATICS,HITESH NX,540754,7,,1175,2,2,-164.5,1175,8225,5,411.09,8632.8,0738907,1661,J.D.LOGISTICS,RATAN BHAI
2346,30/04/2026,914,MANIBHADRA TRADELINK,V R PAWAR SAREES,YOGI,HITESH NX,540754,6,,1595,2,2,-191.4,1595,9570,5,478.31,10044.48,0738907,1661,J.D.LOGISTICS,RATAN BHAI
2347,30/04/2026,914,MANIBHADRA TRADELINK,V R PAWAR SAREES,LATUR,HITESH NX,540754,3,,1195,2,2,-71.7,1195,3585,5,179.18,3762.75,0738907,1661,J.D.LOGISTICS,RATAN BHAI
2348,30/04/2026,914,MANIBHADRA TRADELINK,V R PAWAR SAREES,KE 2,HITESH NX,540754,4,,1365,2,2,-109.2,1365,5460,5,272.89,5730.71,0738907,1661,J.D.LOGISTICS,RATAN BHAI
2349,30/04/2026,914,MANIBHADRA TRADELINK,V R PAWAR SAREES,NEW CHOCOLATE  ,HITESH NX,540754,4,,1025,2,2,-82,1025,4100,5,204.92,4303.28,0738907,1661,J.D.LOGISTICS,RATAN BHAI
2350,30/04/2026,914,MANIBHADRA TRADELINK,V R PAWAR SAREES,R J  ,HITESH NX,540754,5,,1315,2,2,-131.5,1315,6575,5,328.62,6900.99,0738907,1661,J.D.LOGISTICS,RATAN BHAI
2351,30/04/2026,914,MANIBHADRA TRADELINK,V R PAWAR SAREES,NAYA  ,HITESH NX,540754,5,,1025,2,2,-102.5,1025,5125,5,256.15,5379.1,0738907,1661,J.D.LOGISTICS,RATAN BHAI
2352,30/04/2026,915,MANIBHADRA TRADELINK,V R PAWAR SAREES,NAYA  ,HITESH NX,540754,5,,1025,2,2,-102.5,1025,5125,5,256.15,5379.1,0738913,1662,J.D.LOGISTICS,RATAN BHAI
2353,30/04/2026,915,MANIBHADRA TRADELINK,V R PAWAR SAREES,GAURAV 2,HITESH NX,540754,5,,1495,2,2,-149.5,1495,7475,5,373.6,7845.61,0738913,1662,J.D.LOGISTICS,RATAN BHAI
2354,30/04/2026,915,MANIBHADRA TRADELINK,V R PAWAR SAREES,AKRUTI 2,HITESH NX,540754,6,,1315,2,2,-157.8,1315,7890,5,394.34,8281.18,0738913,1662,J.D.LOGISTICS,RATAN BHAI
2355,30/04/2026,915,MANIBHADRA TRADELINK,V R PAWAR SAREES,ZALAK,HITESH NX,540754,5,,995,2,2,-99.5,995,4975,5,248.65,5221.66,0738913,1662,J.D.LOGISTICS,RATAN BHAI
2356,30/04/2026,915,MANIBHADRA TRADELINK,V R PAWAR SAREES,MELA 2,HITESH NX,540754,5,,1050,2,2,-105,1050,5250,5,262.4,5510.3,0738913,1662,J.D.LOGISTICS,RATAN BHAI
2357,30/04/2026,915,MANIBHADRA TRADELINK,V R PAWAR SAREES,PAPER MANGO  ,HITESH NX,540754,4,0,1675,2,2,-134,1675,6700,5,334.87,7032.19,0738913,1662,J.D.LOGISTICS,RATAN BHAI
2358,30/04/2026,915,MANIBHADRA TRADELINK,V R PAWAR SAREES,UMBEL 2,HITESH NX,540754,5,,1795,2,2,-179.5,1795,8975,5,448.57,9419.98,0738913,1662,J.D.LOGISTICS,RATAN BHAI
2359,30/04/2026,915,MANIBHADRA TRADELINK,V R PAWAR SAREES,GREY  ,HITESH NX,540754,5,,1695,2,2,-169.5,1695,8475,5,423.58,8895.19,0738913,1662,J.D.LOGISTICS,RATAN BHAI
2360,30/04/2026,915,MANIBHADRA TRADELINK,V R PAWAR SAREES,FRIDAY,HITESH NX,540754,5,,1250,2,2,-125,1250,6250,5,312.38,6559.88,0738913,1662,J.D.LOGISTICS,RATAN BHAI
2361,30/04/2026,915,MANIBHADRA TRADELINK,V R PAWAR SAREES,NIRMA,HITESH NX,540754,5,,1195,2,2,-119.5,1195,5975,5,298.63,6271.24,0738913,1662,J.D.LOGISTICS,RATAN BHAI
2362,30/04/2026,915,MANIBHADRA TRADELINK,V R PAWAR SAREES,VASTRAL,HITESH NX,540754,5,,1750,2,2,-175,1750,8750,5,437.33,9183.83,0738913,1662,J.D.LOGISTICS,RATAN BHAI
2363,30/04/2026,915,MANIBHADRA TRADELINK,V R PAWAR SAREES,LOTUS 2,HITESH NX,540754,5,,1125,2,2,-112.5,1125,5625,5,281.14,5903.89,0738913,1662,J.D.LOGISTICS,RATAN BHAI
2364,30/04/2026,915,MANIBHADRA TRADELINK,V R PAWAR SAREES,KARISHMA,HITESH NX,540754,4,,1695,2,2,-135.6,1695,6780,5,338.86,7116.15,0738913,1662,J.D.LOGISTICS,RATAN BHAI
2365,30/04/2026,915,MANIBHADRA TRADELINK,V R PAWAR SAREES,PANCHHI,HITESH NX,540754,5,,1075,2,2,-107.5,1075,5375,5,268.64,5641.49,0738913,1662,J.D.LOGISTICS,RATAN BHAI
2366,30/04/2026,916,MANIBHADRA TRADELINK,V R PAWAR SAREES,MAHAPURNA 3,HITESH NX,540754,6,,1595,2,2,-191.4,1595,9570,5,478.31,10044.48,0738912,1664,J.D.LOGISTICS,RATAN BHAI
2367,30/04/2026,916,MANIBHADRA TRADELINK,V R PAWAR SAREES,NEW JAL 2,HITESH NX,540754,5,,1575,2,2,-157.5,1575,7875,5,393.59,8265.44,0738912,1664,J.D.LOGISTICS,RATAN BHAI
2368,30/04/2026,916,MANIBHADRA TRADELINK,V R PAWAR SAREES,PARLE 2 STICH,HITESH NX,540754,4,,2150,2,2,-172,2150,8600,5,429.83,9026.39,0738912,1664,J.D.LOGISTICS,RATAN BHAI
2369,30/04/2026,916,MANIBHADRA TRADELINK,V R PAWAR SAREES,MOSS SUN,HITESH NX,540754,5,,1075,2,2,-107.5,1075,5375,5,268.64,5641.49,0738912,1664,J.D.LOGISTICS,RATAN BHAI
2370,30/04/2026,916,MANIBHADRA TRADELINK,V R PAWAR SAREES,R R 101,HITESH NX,540754,5,,1695,2,2,-169.5,1695,8475,5,423.58,8895.19,0738912,1664,J.D.LOGISTICS,RATAN BHAI
2371,30/04/2026,916,MANIBHADRA TRADELINK,V R PAWAR SAREES,PED MOR   ,HITESH NX,540754,5,,1495,2,2,-149.5,1495,7475,5,373.6,7845.61,0738912,1664,J.D.LOGISTICS,RATAN BHAI
2372,30/04/2026,916,MANIBHADRA TRADELINK,V R PAWAR SAREES,LIKE,HITESH NX,540754,6,,1110,2,2,-133.2,1110,6660,5,332.87,6990.21,0738912,1664,J.D.LOGISTICS,RATAN BHAI
2373,30/04/2026,916,MANIBHADRA TRADELINK,V R PAWAR SAREES,NIKU,HITESH NX,540754,5,,1850,2,2,-185,1850,9250,5,462.32,9708.62,0738912,1664,J.D.LOGISTICS,RATAN BHAI
2374,30/04/2026,916,MANIBHADRA TRADELINK,V R PAWAR SAREES,KARISHMA 3,HITESH NX,540754,5,,1695,2,2,-169.5,1695,8475,5,423.58,8895.19,0738912,1664,J.D.LOGISTICS,RATAN BHAI
2375,30/04/2026,916,MANIBHADRA TRADELINK,V R PAWAR SAREES,RAKSHA,HITESH NX,540754,4,,975,2,2,-78,975,3900,5,194.92,4093.36,0738912,1664,J.D.LOGISTICS,RATAN BHAI
2376,30/04/2026,916,MANIBHADRA TRADELINK,V R PAWAR SAREES,WAH  ,HITESH NX,540754,5,,1875,2,2,-187.5,1875,9375,5,468.56,9839.81,0738912,1664,J.D.LOGISTICS,RATAN BHAI
2377,30/04/2026,916,MANIBHADRA TRADELINK,V R PAWAR SAREES,RIZA  ,HITESH NX,540754,5,,1210,2,2,-121,1210,6050,5,302.38,6349.96,0738912,1664,J.D.LOGISTICS,RATAN BHAI
2378,30/04/2026,916,MANIBHADRA TRADELINK,V R PAWAR SAREES,NETA  ,HITESH NX,540754,10,,1425,2,2,-285,1425,14250,5,712.22,14956.52,0738912,1664,J.D.LOGISTICS,RATAN BHAI
2379,30/04/2026,916,MANIBHADRA TRADELINK,V R PAWAR SAREES,THREE ROUND 2,HITESH NX,540754,5,,1550,2,2,-155,1550,7750,5,387.35,8134.25,0738912,1664,J.D.LOGISTICS,RATAN BHAI
2380,30/04/2026,917,MANIBHADRA TRADELINK,V R PAWAR SAREES,SPUN HAND,VEERVAANI SAREES,540754,20,,485,2,2.5,-242.5,485,9700,5,482.33,10128.98,0739452,59,J.D.LOGISTICS,AMAR BHAI
2381,30/04/2026,917,MANIBHADRA TRADELINK,V R PAWAR SAREES,CRYSTAL HAND,VEERVAANI SAREES,540754,10,,411,2,2.5,-102.75,411,4110,5,204.37,4291.77,0739452,59,J.D.LOGISTICS,AMAR BHAI
2382,30/04/2026,917,MANIBHADRA TRADELINK,V R PAWAR SAREES,KOTA GHOTA,VEERVAANI SAREES,540754,24,,750,2,2.5,-450,750,18000,5,895.05,18796.05,0739452,59,J.D.LOGISTICS,AMAR BHAI
2383,30/04/2026,918,MANIBHADRA TRADELINK,V R PAWAR SAREES,ROOP RANG,HITESH NX,540754,6,,1025,2,2,-123,1025,6150,5,307.38,6454.92,0738911,1671,J.D.LOGISTICS,RATAN BHAI
2384,30/04/2026,918,MANIBHADRA TRADELINK,V R PAWAR SAREES,MULTY HATHI,HITESH NX,540754,6,,1150,2,2,-138,1150,6900,5,344.86,7242.1,0738911,1671,J.D.LOGISTICS,RATAN BHAI
2385,30/04/2026,918,MANIBHADRA TRADELINK,V R PAWAR SAREES,VIKRAM,HITESH NX,540754,5,,690,2,2,-69,690,3450,5,172.43,3621.05,0738911,1671,J.D.LOGISTICS,RATAN BHAI
2386,30/04/2026,918,MANIBHADRA TRADELINK,V R PAWAR SAREES,FOIL GULAB,HITESH NX,540754,5,,835,2,2,-83.5,835,4175,5,208.67,4382,0738911,1671,J.D.LOGISTICS,RATAN BHAI
2387,30/04/2026,918,MANIBHADRA TRADELINK,V R PAWAR SAREES,TARA,HITESH NX,540754,5,,1350,2,2,-135,1350,6750,5,337.37,7084.67,0738911,1671,J.D.LOGISTICS,RATAN BHAI
2388,30/04/2026,918,MANIBHADRA TRADELINK,V R PAWAR SAREES,SUK,HITESH NX,540754,8,,795,2,2,-127.2,795,6360,5,317.87,6675.33,0738911,1671,J.D.LOGISTICS,RATAN BHAI
2389,30/04/2026,918,MANIBHADRA TRADELINK,V R PAWAR SAREES,MAHASHIVRATRI,HITESH NX,540754,3,,1210,2,2,-72.6,1210,3630,5,181.43,3809.98,0738911,1671,J.D.LOGISTICS,RATAN BHAI
2390,30/04/2026,918,MANIBHADRA TRADELINK,V R PAWAR SAREES,SARASWATI,HITESH NX,540754,6,,1695,2,2,-203.4,1695,10170,5,508.3,10674.23,0738911,1671,J.D.LOGISTICS,RATAN BHAI
2391,30/04/2026,918,MANIBHADRA TRADELINK,V R PAWAR SAREES,MURTI 2,HITESH NX,540754,5,,1750,2,2,-175,1750,8750,5,437.33,9183.83,0738911,1671,J.D.LOGISTICS,RATAN BHAI
2392,30/04/2026,918,MANIBHADRA TRADELINK,V R PAWAR SAREES,MOR PANDADI,HITESH NX,540754,8,,950,2,2,-152,950,7600,5,379.85,7976.81,0738911,1671,J.D.LOGISTICS,RATAN BHAI
2393,30/04/2026,918,MANIBHADRA TRADELINK,V R PAWAR SAREES,GOKUL 2,HITESH NX,540754,11,,690,2,2,-151.8,690,7590,5,379.35,7966.31,0738911,1671,J.D.LOGISTICS,RATAN BHAI
2394,30/04/2026,918,MANIBHADRA TRADELINK,V R PAWAR SAREES,PRITI 2,HITESH NX,540754,5,,895,2,2,-89.5,895,4475,5,223.66,4696.87,0738911,1671,J.D.LOGISTICS,RATAN BHAI
2395,30/04/2026,919,MANIBHADRA TRADELINK,V R PAWAR SAREES,BITS PISTA,HITESH NX,540754,4,,2350,2,2,-188,2350,9400,5,469.81,9866.05,0738914,1668,J.D.LOGISTICS,RATAN BHAI
2396,30/04/2026,919,MANIBHADRA TRADELINK,V R PAWAR SAREES,NIYATI 2,HITESH NX,540754,4,,3250,2,2,-260,3250,13000,5,649.74,13644.54,0738914,1668,J.D.LOGISTICS,RATAN BHAI
2397,30/04/2026,919,MANIBHADRA TRADELINK,V R PAWAR SAREES,DHURANDAR,HITESH NX,540754,10,,1395,2,2,-279,1395,13950,5,697.22,14641.64,0738914,1668,J.D.LOGISTICS,RATAN BHAI
2398,30/04/2026,919,MANIBHADRA TRADELINK,V R PAWAR SAREES,R 15,HITESH NX,540754,5,,1125,2,2,-112.5,1125,5625,5,281.14,5903.89,0738914,1668,J.D.LOGISTICS,RATAN BHAI
2399,30/04/2026,919,MANIBHADRA TRADELINK,V R PAWAR SAREES,HOLI 4,HITESH NX,540754,8,,750,2,2,-120,750,6000,5,299.88,6297.48,0738914,1668,J.D.LOGISTICS,RATAN BHAI
2400,30/04/2026,919,MANIBHADRA TRADELINK,V R PAWAR SAREES,DATARI,HITESH NX,540754,4,,1095,2,2,-87.6,1095,4380,5,218.91,4597.16,0738914,1668,J.D.LOGISTICS,RATAN BHAI
2401,30/04/2026,919,MANIBHADRA TRADELINK,V R PAWAR SAREES,GOLD SIFFON,HITESH NX,540754,5,,1315,2,2,-131.5,1315,6575,5,328.62,6900.99,0738914,1668,J.D.LOGISTICS,RATAN BHAI
2402,30/04/2026,919,MANIBHADRA TRADELINK,V R PAWAR SAREES,GULAB BUTTA,HITESH NX,540754,5,,1395,2,2,-139.5,1395,6975,5,348.61,7320.82,0738914,1668,J.D.LOGISTICS,RATAN BHAI
2403,30/04/2026,919,MANIBHADRA TRADELINK,V R PAWAR SAREES,MOHIT,HITESH NX,540754,6,,1925,2,2,-231,1925,11550,5,577.27,12122.65,0738914,1668,J.D.LOGISTICS,RATAN BHAI
2404,30/04/2026,919,MANIBHADRA TRADELINK,V R PAWAR SAREES,EAGLE,HITESH NX,540754,5,,1275,2,2,-127.5,1275,6375,5,318.62,6691.07,0738914,1668,J.D.LOGISTICS,RATAN BHAI
2405,30/04/2026,919,MANIBHADRA TRADELINK,V R PAWAR SAREES,SANIYA,HITESH NX,540754,5,,1395,2,2,-139.5,1395,6975,5,348.61,7320.82,0738914,1668,J.D.LOGISTICS,RATAN BHAI
2406,30/04/2026,919,MANIBHADRA TRADELINK,V R PAWAR SAREES,MELA,HITESH NX,540754,5,,1050,2,2,-105,1050,5250,5,262.4,5510.3,0738914,1668,J.D.LOGISTICS,RATAN BHAI
2407,30/04/2026,919,MANIBHADRA TRADELINK,V R PAWAR SAREES,FANDY MUKHI,HITESH NX,540754,5,,2095,2,2,-209.5,2095,10475,5,523.54,10994.35,0738914,1668,J.D.LOGISTICS,RATAN BHAI
2408,30/04/2026,920,MANIBHADRA TRADELINK,V R PAWAR SAREES,JOKER,HITESH NX,540754,6,,1495,2,2,-179.4,1495,8970,5,448.32,9414.73,0738915,1669,J.D.LOGISTICS,RATAN BHAI
2409,30/04/2026,920,MANIBHADRA TRADELINK,V R PAWAR SAREES,VICE CAPTAIN 3,HITESH NX,540754,5,,1195,2,2,-119.5,1195,5975,5,298.63,6271.24,0738915,1669,J.D.LOGISTICS,RATAN BHAI
2410,30/04/2026,920,MANIBHADRA TRADELINK,V R PAWAR SAREES,KUNJO,HITESH NX,540754,5,,1525,2,2,-152.5,1525,7625,5,381.1,8003.05,0738915,1669,J.D.LOGISTICS,RATAN BHAI
2411,30/04/2026,920,MANIBHADRA TRADELINK,V R PAWAR SAREES,HEENA,HITESH NX,540754,6,,995,2,2,-119.4,995,5970,5,298.38,6265.99,0738915,1669,J.D.LOGISTICS,RATAN BHAI
2412,30/04/2026,920,MANIBHADRA TRADELINK,V R PAWAR SAREES,HARI,HITESH NX,540754,12,,1075,2,2,-258,1075,12900,5,644.74,13539.58,0738915,1669,J.D.LOGISTICS,RATAN BHAI
2413,30/04/2026,920,MANIBHADRA TRADELINK,V R PAWAR SAREES,GOPU,HITESH NX,540754,5,,1825,2,2,-182.5,1825,9125,5,456.07,9577.42,0738915,1669,J.D.LOGISTICS,RATAN BHAI
2414,30/04/2026,920,MANIBHADRA TRADELINK,V R PAWAR SAREES,SANIYA,HITESH NX,540754,5,,1395,2,2,-139.5,1395,6975,5,348.61,7320.82,0738915,1669,J.D.LOGISTICS,RATAN BHAI
2415,30/04/2026,920,MANIBHADRA TRADELINK,V R PAWAR SAREES,PAN  2  ,HITESH NX,540754,5,,1075,2,2,-107.5,1075,5375,5,268.64,5641.49,0738915,1669,J.D.LOGISTICS,RATAN BHAI
2416,30/04/2026,920,MANIBHADRA TRADELINK,V R PAWAR SAREES,MOSS CHAKRI,HITESH NX,540754,5,,1365,2,2,-136.5,1365,6825,5,341.11,7163.38,0738915,1669,J.D.LOGISTICS,RATAN BHAI
2417,30/04/2026,920,MANIBHADRA TRADELINK,V R PAWAR SAREES,HOLI 4,HITESH NX,540754,8,,750,2,2,-120,750,6000,5,299.88,6297.48,0738915,1669,J.D.LOGISTICS,RATAN BHAI
2418,30/04/2026,920,MANIBHADRA TRADELINK,V R PAWAR SAREES,MATUNGA,HITESH NX,540754,6,,2095,2,2,-251.4,2095,12570,5,628.25,13193.22,0738915,1669,J.D.LOGISTICS,RATAN BHAI
2419,30/04/2026,921,MANIBHADRA TRADELINK,V R PAWAR SAREES,KAMAL VEL,HITESH NX,540754,5,,975,2,2,-97.5,975,4875,5,243.65,5116.7,0738909,1670,J.D.LOGISTICS,RATAN BHAI
2420,30/04/2026,921,MANIBHADRA TRADELINK,V R PAWAR SAREES,COTTING 2,HITESH NX,540754,5,,795,2,2,-79.5,795,3975,5,198.67,4172.08,0738909,1670,J.D.LOGISTICS,RATAN BHAI
2421,30/04/2026,921,MANIBHADRA TRADELINK,V R PAWAR SAREES,VATAN,HITESH NX,540754,5,,725,2,2,-72.5,725,3625,5,181.18,3804.73,0738909,1670,J.D.LOGISTICS,RATAN BHAI
2422,30/04/2026,921,MANIBHADRA TRADELINK,V R PAWAR SAREES,RAKESH FANDY 2,HITESH NX,540754,5,,1575,2,2,-157.5,1575,7875,5,393.59,8265.44,0738909,1670,J.D.LOGISTICS,RATAN BHAI
2423,30/04/2026,921,MANIBHADRA TRADELINK,V R PAWAR SAREES,OKHA ,HITESH NX,540754,6,,1695,2,2,-203.4,1695,10170,5,508.3,10674.23,0738909,1670,J.D.LOGISTICS,RATAN BHAI
2424,30/04/2026,921,MANIBHADRA TRADELINK,V R PAWAR SAREES,VC 711,HITESH NX,540754,4,,1450,2,2,-116,1450,5800,5,289.88,6087.56,0738909,1670,J.D.LOGISTICS,RATAN BHAI
2425,30/04/2026,921,MANIBHADRA TRADELINK,V R PAWAR SAREES,RAJMATA,HITESH NX,540754,5,,1275,2,2,-127.5,1275,6375,5,318.62,6691.07,0738909,1670,J.D.LOGISTICS,RATAN BHAI
2426,30/04/2026,921,MANIBHADRA TRADELINK,V R PAWAR SAREES,COTING 3,HITESH NX,540754,5,,795,2,2,-79.5,795,3975,5,198.67,4172.08,0738909,1670,J.D.LOGISTICS,RATAN BHAI
2427,30/04/2026,921,MANIBHADRA TRADELINK,V R PAWAR SAREES,TAPAS   ,HITESH NX,540754,6,,1075,2,2,-129,1075,6450,5,322.37,6769.79,0738909,1670,J.D.LOGISTICS,RATAN BHAI
2428,30/04/2026,921,MANIBHADRA TRADELINK,V R PAWAR SAREES,WHITE CODING 2,HITESH NX,540754,5,,1695,2,2,-169.5,1695,8475,5,423.58,8895.19,0738909,1670,J.D.LOGISTICS,RATAN BHAI
2429,30/04/2026,921,MANIBHADRA TRADELINK,V R PAWAR SAREES,SBI,HITESH NX,540754,4,,3650,2,2,-292,3650,14600,5,729.71,15323.87,0738909,1670,J.D.LOGISTICS,RATAN BHAI
2430,30/04/2026,921,MANIBHADRA TRADELINK,V R PAWAR SAREES,DAIRY  ,HITESH NX,540754,6,,1795,2,2,-215.4,1795,10770,5,538.28,11303.97,0738909,1670,J.D.LOGISTICS,RATAN BHAI
2431,30/04/2026,921,MANIBHADRA TRADELINK,V R PAWAR SAREES,TRILOK 2,HITESH NX,540754,5,,850,2,2,-85,850,4250,5,212.42,4460.72,0738909,1670,J.D.LOGISTICS,RATAN BHAI
2432,30/04/2026,921,MANIBHADRA TRADELINK,V R PAWAR SAREES,TRILOK 3,HITESH NX,540754,6,,850,2,2,-102,850,5100,5,254.9,5352.86,0738909,1670,J.D.LOGISTICS,RATAN BHAI
2433,30/04/2026,922,MANIBHADRA TRADELINK,V R PAWAR SAREES,JECOB MOR 3,HITESH NX,540754,4,,1595,2,2,-127.6,1595,6380,5,318.87,6696.32,0738906,1672,J.D.LOGISTICS,RATAN BHAI
2434,30/04/2026,922,MANIBHADRA TRADELINK,V R PAWAR SAREES,BAJAJ 2,HITESH NX,540754,6,,1395,2,2,-167.4,1395,8370,5,418.33,8784.98,0738906,1672,J.D.LOGISTICS,RATAN BHAI
2435,30/04/2026,922,MANIBHADRA TRADELINK,V R PAWAR SAREES,LATKAN  ,HITESH NX,540754,5,,1595,2,2,-159.5,1595,7975,5,398.59,8370.4,0738906,1672,J.D.LOGISTICS,RATAN BHAI
2436,30/04/2026,922,MANIBHADRA TRADELINK,V R PAWAR SAREES,PRITI 2,HITESH NX,540754,5,,895,2,2,-89.5,895,4475,5,223.66,4696.87,0738906,1672,J.D.LOGISTICS,RATAN BHAI
2437,30/04/2026,922,MANIBHADRA TRADELINK,V R PAWAR SAREES,ROMICA,HITESH NX,540754,5,,950,2,2,-95,950,4750,5,237.41,4985.51,0738906,1672,J.D.LOGISTICS,RATAN BHAI
2438,30/04/2026,922,MANIBHADRA TRADELINK,V R PAWAR SAREES,ROOP RANG MULTY,HITESH NX,540754,6,,1025,2,2,-123,1025,6150,5,307.38,6454.92,0738906,1672,J.D.LOGISTICS,RATAN BHAI
2439,30/04/2026,922,MANIBHADRA TRADELINK,V R PAWAR SAREES,TVS  ,HITESH NX,540754,5,,1175,2,2,-117.5,1175,5875,5,293.63,6166.28,0738906,1672,J.D.LOGISTICS,RATAN BHAI
2440,30/04/2026,922,MANIBHADRA TRADELINK,V R PAWAR SAREES,AMAZIA,HITESH NX,540754,4,,2525,2,2,-202,2525,10100,5,504.8,10600.76,0738906,1672,J.D.LOGISTICS,RATAN BHAI
2441,30/04/2026,922,MANIBHADRA TRADELINK,V R PAWAR SAREES,BITS FLOWER,HITESH NX,540754,5,,2495,2,2,-249.5,2495,12475,5,623.5,13093.51,0738906,1672,J.D.LOGISTICS,RATAN BHAI
2442,30/04/2026,922,MANIBHADRA TRADELINK,V R PAWAR SAREES,BITS LAINING,HITESH NX,540754,5,,2025,2,2,-202.5,2025,10125,5,506.05,10627,0738906,1672,J.D.LOGISTICS,RATAN BHAI
2443,30/04/2026,922,MANIBHADRA TRADELINK,V R PAWAR SAREES,AVESH  ,HITESH NX,540754,5,,2395,2,2,-239.5,2395,11975,5,598.51,12568.72,0738906,1672,J.D.LOGISTICS,RATAN BHAI
2444,30/04/2026,922,MANIBHADRA TRADELINK,V R PAWAR SAREES,ROOP RANG MOR 2,HITESH NX,540754,8,,895,2,2,-143.2,895,7160,5,357.86,7515,0738906,1672,J.D.LOGISTICS,RATAN BHAI
2445,30/04/2026,922,MANIBHADRA TRADELINK,V R PAWAR SAREES,MISTRI 2,HITESH NX,540754,8,,690,2,2,-110.4,690,5520,5,275.89,5793.68,0738906,1672,J.D.LOGISTICS,RATAN BHAI
2446,30/04/2026,922,MANIBHADRA TRADELINK,V R PAWAR SAREES,VASANI,HITESH NX,540754,6,,690,2,2,-82.8,690,4140,5,206.92,4345.26,0738906,1672,J.D.LOGISTICS,RATAN BHAI
2447,30/04/2026,923,MANIBHADRA TRADELINK,V R PAWAR SAREES,NILIMA,HITESH NX,540754,5,,1575,2,2,-157.5,1575,7875,5,393.59,8265.44,0738908,1679,J.D.LOGISTICS,RATAN BHAI
2448,30/04/2026,923,MANIBHADRA TRADELINK,V R PAWAR SAREES,ZALAK,HITESH NX,540754,5,,995,2,2,-99.5,995,4975,5,248.65,5221.66,0738908,1679,J.D.LOGISTICS,RATAN BHAI
2449,30/04/2026,923,MANIBHADRA TRADELINK,V R PAWAR SAREES,PANCHI  ,HITESH NX,540754,6,,1075,2,2,-129,1075,6450,5,322.37,6769.79,0738908,1679,J.D.LOGISTICS,RATAN BHAI
2450,30/04/2026,923,MANIBHADRA TRADELINK,V R PAWAR SAREES,ABHISHEK,HITESH NX,540754,5,,1450,2,2,-145,1450,7250,5,362.36,7609.46,0738908,1679,J.D.LOGISTICS,RATAN BHAI
2451,30/04/2026,923,MANIBHADRA TRADELINK,V R PAWAR SAREES,WIPRO,HITESH NX,540754,8,,710,2,2,-113.6,710,5680,5,283.89,5961.62,0738908,1679,J.D.LOGISTICS,RATAN BHAI
2452,30/04/2026,923,MANIBHADRA TRADELINK,V R PAWAR SAREES,BHANO,HITESH NX,540754,16,,690,2,2,-220.8,690,11040,5,551.78,11587.36,0738908,1679,J.D.LOGISTICS,RATAN BHAI
2453,30/04/2026,923,MANIBHADRA TRADELINK,V R PAWAR SAREES,ZARANA,HITESH NX,540754,5,,925,2,2,-92.5,925,4625,5,231.16,4854.31,0738908,1679,J.D.LOGISTICS,RATAN BHAI
2454,30/04/2026,923,MANIBHADRA TRADELINK,V R PAWAR SAREES,VAKRATUND,HITESH NX,540754,6,,690,2,2,-82.8,690,4140,5,206.92,4345.26,0738908,1679,J.D.LOGISTICS,RATAN BHAI
2455,30/04/2026,923,MANIBHADRA TRADELINK,V R PAWAR SAREES,BHANO 2,HITESH NX,540754,9,,690,2,2,-124.2,690,6210,5,310.38,6517.9,0738908,1679,J.D.LOGISTICS,RATAN BHAI
2456,30/04/2026,924,MANIBHADRA TRADELINK,V R PAWAR SAREES,8777 AKOLA,LABDHI CREATION,540754,4,,890,2,8,-284.8,890,3560,5,167.04,3507.74,0739030,951,J.D.LOGISTICS,RATAN BHAI
2457,30/04/2026,924,MANIBHADRA TRADELINK,V R PAWAR SAREES,8790 YEOLA,LABDHI CREATION,540754,4,,1090,2,8,-348.8,1090,4360,5,204.57,4295.99,0739030,951,J.D.LOGISTICS,RATAN BHAI
2458,30/04/2026,924,MANIBHADRA TRADELINK,V R PAWAR SAREES,8664 SAHIBA,LABDHI CREATION,540754,4,,1190,2,8,-380.8,1190,4760,5,223.34,4690.12,0739030,951,J.D.LOGISTICS,RATAN BHAI
2459,30/04/2026,924,MANIBHADRA TRADELINK,V R PAWAR SAREES,8711 CHETAK,LABDHI CREATION,540754,4,,1290,2,8,-412.8,1290,5160,5,242.11,5084.25,0739030,951,J.D.LOGISTICS,RATAN BHAI
2460,30/04/2026,924,MANIBHADRA TRADELINK,V R PAWAR SAREES,0251 KRUTI,LABDHI CREATION,540754,6,,890,2,8,-427.2,890,5340,5,250.55,5261.61,0739030,951,J.D.LOGISTICS,RATAN BHAI
2461,30/04/2026,924,MANIBHADRA TRADELINK,V R PAWAR SAREES,1274 PANGHAT,LABDHI CREATION,540754,6,,990,2,8,-475.2,990,5940,5,278.71,5852.81,0739030,951,J.D.LOGISTICS,RATAN BHAI
2462,30/04/2026,924,MANIBHADRA TRADELINK,V R PAWAR SAREES,2567 DESAI,LABDHI CREATION,540754,4,,890,2,8,-284.8,890,3560,5,167.04,3507.74,0739030,951,J.D.LOGISTICS,RATAN BHAI
2463,30/04/2026,924,MANIBHADRA TRADELINK,V R PAWAR SAREES,2567 DESAI,LABDHI CREATION,540754,6,,890,2,8,-427.2,890,5340,5,250.55,5261.61,0739030,951,J.D.LOGISTICS,RATAN BHAI
2464,30/04/2026,924,MANIBHADRA TRADELINK,V R PAWAR SAREES,5221 BHATIAS,LABDHI CREATION,540754,4,,1090,2,8,-348.8,1090,4360,5,204.57,4295.99,0739030,951,J.D.LOGISTICS,RATAN BHAI
2465,30/04/2026,924,MANIBHADRA TRADELINK,V R PAWAR SAREES,1274 PANGHAT,LABDHI CREATION,540754,4,,990,2,8,-316.8,990,3960,5,185.8,3901.86,0739030,951,J.D.LOGISTICS,RATAN BHAI
2466,30/04/2026,924,MANIBHADRA TRADELINK,V R PAWAR SAREES,3573 BIJLI,LABDHI CREATION,540754,4,,990,2,8,-316.8,990,3960,5,185.8,3901.86,0739030,951,J.D.LOGISTICS,RATAN BHAI
2467,30/04/2026,924,MANIBHADRA TRADELINK,V R PAWAR SAREES,2786 DARLING,LABDHI CREATION,540754,4,,1190,2,8,-380.8,1190,4760,5,223.34,4690.12,0739030,951,J.D.LOGISTICS,RATAN BHAI
2468,30/04/2026,925,MANIBHADRA TRADELINK,V R PAWAR SAREES,5190 AMSTEL,LABDHI CREATION,540754,4,,1690,2,8,-540.8,1690,6760,5,317.18,6660.76,0739028,950,J.D.LOGISTICS,RATAN BHAI
2469,30/04/2026,925,MANIBHADRA TRADELINK,V R PAWAR SAREES,5249 LETS,LABDHI CREATION,540754,5,,2490,2,8,-996,2490,12450,5,584.15,12267.23,0739028,950,J.D.LOGISTICS,RATAN BHAI
2470,30/04/2026,925,MANIBHADRA TRADELINK,V R PAWAR SAREES,5188 FOSTER,LABDHI CREATION,540754,4,,1690,2,8,-540.8,1690,6760,5,317.18,6660.76,0739028,950,J.D.LOGISTICS,RATAN BHAI
2471,30/04/2026,925,MANIBHADRA TRADELINK,V R PAWAR SAREES,6287 JAYU,LABDHI CREATION,540754,4,,2690,2,8,-860.8,2690,10760,5,504.86,10602.04,0739028,950,J.D.LOGISTICS,RATAN BHAI
2472,30/04/2026,925,MANIBHADRA TRADELINK,V R PAWAR SAREES,9688 VATIKA,LABDHI CREATION,540754,3,,2990,2,8,-717.6,2990,8970,5,420.87,8838.32,0739028,950,J.D.LOGISTICS,RATAN BHAI
2473,30/04/2026,925,MANIBHADRA TRADELINK,V R PAWAR SAREES,7776 MOSCOW,LABDHI CREATION,540754,3,,3090,2,8,-741.6,3090,9270,5,434.95,9133.92,0739028,950,J.D.LOGISTICS,RATAN BHAI
2474,30/04/2026,925,MANIBHADRA TRADELINK,V R PAWAR SAREES,8111 SUDAN,LABDHI CREATION,540754,3,,2990,2,8,-717.6,2990,8970,5,420.87,8838.32,0739028,950,J.D.LOGISTICS,RATAN BHAI
2475,30/04/2026,925,MANIBHADRA TRADELINK,V R PAWAR SAREES,1465 SWEDEN,LABDHI CREATION,540754,3,,2990,2,8,-717.6,2990,8970,5,420.87,8838.32,0739028,950,J.D.LOGISTICS,RATAN BHAI
2476,30/04/2026,925,MANIBHADRA TRADELINK,V R PAWAR SAREES,8851 SWITZERLAND,LABDHI CREATION,540754,3,,3190,2,8,-765.6,3190,9570,5,449.02,9429.51,0739028,950,J.D.LOGISTICS,RATAN BHAI
2477,30/04/2026,925,MANIBHADRA TRADELINK,V R PAWAR SAREES,1493 ULTIMATE,LABDHI CREATION,540754,4,,2690,2,8,-860.8,2690,10760,5,504.86,10602.04,0739028,950,J.D.LOGISTICS,RATAN BHAI
2478,30/04/2026,926,MANIBHADRA TRADELINK,V R PAWAR SAREES,8602 MUMBAI,LABDHI CREATION,540754,5,,1190,2,8,-476,1190,5950,5,279.17,5862.65,0739033,952,J.D.LOGISTICS,RATAN BHAI
2479,30/04/2026,926,MANIBHADRA TRADELINK,V R PAWAR SAREES,1738 NAMO,LABDHI CREATION,540754,5,,1050,2,8,-420,1050,5250,5,246.33,5172.93,0739033,952,J.D.LOGISTICS,RATAN BHAI
2480,30/04/2026,926,MANIBHADRA TRADELINK,V R PAWAR SAREES,8864 SAMPATI,LABDHI CREATION,540754,5,,1050,2,8,-420,1050,5250,5,246.33,5172.93,0739033,952,J.D.LOGISTICS,RATAN BHAI
2481,30/04/2026,926,MANIBHADRA TRADELINK,V R PAWAR SAREES,2721 KAPOOR,LABDHI CREATION,540754,5,,1050,2,8,-420,1050,5250,5,246.33,5172.93,0739033,952,J.D.LOGISTICS,RATAN BHAI
2482,30/04/2026,926,MANIBHADRA TRADELINK,V R PAWAR SAREES,1323 SONU,LABDHI CREATION,540754,5,,1050,2,8,-420,1050,5250,5,246.33,5172.93,0739033,952,J.D.LOGISTICS,RATAN BHAI
2483,30/04/2026,926,MANIBHADRA TRADELINK,V R PAWAR SAREES,5056 REDMI,LABDHI CREATION,540754,6,,890,2,8,-427.2,890,5340,5,250.55,5261.61,0739033,952,J.D.LOGISTICS,RATAN BHAI
2484,30/04/2026,926,MANIBHADRA TRADELINK,V R PAWAR SAREES,8109 APRIL,LABDHI CREATION,540754,5,,990,2,8,-396,990,4950,5,232.25,4877.33,0739033,952,J.D.LOGISTICS,RATAN BHAI
2485,30/04/2026,926,MANIBHADRA TRADELINK,V R PAWAR SAREES,2721 KAPOOR,LABDHI CREATION,540754,5,,1050,2,8,-420,1050,5250,5,246.33,5172.93,0739033,952,J.D.LOGISTICS,RATAN BHAI
2486,30/04/2026,926,MANIBHADRA TRADELINK,V R PAWAR SAREES,8674 GUJRAT,LABDHI CREATION,540754,4,,990,2,8,-316.8,990,3960,5,185.8,3901.86,0739033,952,J.D.LOGISTICS,RATAN BHAI
2487,30/04/2026,926,MANIBHADRA TRADELINK,V R PAWAR SAREES,2859 UNITY,LABDHI CREATION,540754,4,,1090,2,8,-348.8,1090,4360,5,204.57,4295.99,0739033,952,J.D.LOGISTICS,RATAN BHAI
2488,30/04/2026,927,MANIBHADRA TRADELINK,V R PAWAR SAREES,9942 TVS,LABDHI CREATION,540754,5,,1090,2,8,-436,1090,5450,5,255.71,5369.99,0739345,953,J.D.LOGISTICS,RATAN BHAI
2489,30/04/2026,927,MANIBHADRA TRADELINK,V R PAWAR SAREES,2223 AANCHAL,LABDHI CREATION,540754,4,,1090,2,8,-348.8,1090,4360,5,204.57,4295.99,0739345,953,J.D.LOGISTICS,RATAN BHAI
2490,30/04/2026,927,MANIBHADRA TRADELINK,V R PAWAR SAREES,1608 HAVERI,LABDHI CREATION,540754,5,,1890,2,8,-756,1890,9450,5,443.39,9311.27,0739345,953,J.D.LOGISTICS,RATAN BHAI
2491,30/04/2026,927,MANIBHADRA TRADELINK,V R PAWAR SAREES,5250 VARNIRAJ,LABDHI CREATION,540754,4,,2490,2,8,-796.8,2490,9960,5,467.32,9813.78,0739345,953,J.D.LOGISTICS,RATAN BHAI
2492,30/04/2026,927,MANIBHADRA TRADELINK,V R PAWAR SAREES,1516 MANDELA,LABDHI CREATION,540754,5,,1090,2,8,-436,1090,5450,5,255.71,5369.99,0739345,953,J.D.LOGISTICS,RATAN BHAI
2493,30/04/2026,927,MANIBHADRA TRADELINK,V R PAWAR SAREES,2917 AMULYA,LABDHI CREATION,540754,4,,1090,2,8,-348.8,1090,4360,5,204.57,4295.99,0739345,953,J.D.LOGISTICS,RATAN BHAI
2494,30/04/2026,927,MANIBHADRA TRADELINK,V R PAWAR SAREES,5231 SHANTIDUT,LABDHI CREATION,540754,4,,1090,2,8,-348.8,1090,4360,5,204.57,4295.99,0739345,953,J.D.LOGISTICS,RATAN BHAI
2495,30/04/2026,927,MANIBHADRA TRADELINK,V R PAWAR SAREES,1365 METRO,LABDHI CREATION,540754,4,,1990,2,8,-636.8,1990,7960,5,373.48,7843.14,0739345,953,J.D.LOGISTICS,RATAN BHAI
2496,30/04/2026,927,MANIBHADRA TRADELINK,V R PAWAR SAREES,8883 ESSAR,LABDHI CREATION,540754,4,,1790,2,8,-572.8,1790,7160,5,335.95,7054.89,0739345,953,J.D.LOGISTICS,RATAN BHAI
2497,30/04/2026,927,MANIBHADRA TRADELINK,V R PAWAR SAREES,9943 RTR,LABDHI CREATION,540754,4,,1090,2,8,-348.8,1090,4360,5,204.57,4295.99,0739345,953,J.D.LOGISTICS,RATAN BHAI
2498,30/04/2026,928,MANIBHADRA TRADELINK,V R PAWAR SAREES,7995 KHODIYAR,LABDHI CREATION,540754,10,,2090,2,8,-1672,2090,20900,5,980.63,20593.19,0739029,954,J.D.LOGISTICS,RATAN BHAI
2499,30/04/2026,928,MANIBHADRA TRADELINK,V R PAWAR SAREES,9157 KATRINA,LABDHI CREATION,540754,5,,1090,2,8,-436,1090,5450,5,255.71,5369.99,0739029,954,J.D.LOGISTICS,RATAN BHAI
2500,30/04/2026,928,MANIBHADRA TRADELINK,V R PAWAR SAREES,6103 LEHAR,LABDHI CREATION,540754,5,,990,2,8,-396,990,4950,5,232.25,4877.33,0739029,954,J.D.LOGISTICS,RATAN BHAI
2501,30/04/2026,928,MANIBHADRA TRADELINK,V R PAWAR SAREES,1226 VIVO,LABDHI CREATION,540754,5,,1190,2,8,-476,1190,5950,5,279.17,5862.65,0739029,954,J.D.LOGISTICS,RATAN BHAI
2502,30/04/2026,928,MANIBHADRA TRADELINK,V R PAWAR SAREES,4883 SUMMER,LABDHI CREATION,540754,5,,1090,2,8,-436,1090,5450,5,255.71,5369.99,0739029,954,J.D.LOGISTICS,RATAN BHAI
2503,30/04/2026,928,MANIBHADRA TRADELINK,V R PAWAR SAREES,6573 HTC,LABDHI CREATION,540754,4,,1190,2,8,-380.8,1190,4760,5,223.34,4690.12,0739029,954,J.D.LOGISTICS,RATAN BHAI
2504,30/04/2026,928,MANIBHADRA TRADELINK,V R PAWAR SAREES,1250 BSC,LABDHI CREATION,540754,4,,1290,2,8,-412.8,1290,5160,5,242.11,5084.25,0739029,954,J.D.LOGISTICS,RATAN BHAI
2505,30/04/2026,928,MANIBHADRA TRADELINK,V R PAWAR SAREES,2581 LARA,LABDHI CREATION,540754,4,,1090,2,8,-348.8,1090,4360,5,204.57,4295.99,0739029,954,J.D.LOGISTICS,RATAN BHAI
2506,30/04/2026,928,MANIBHADRA TRADELINK,V R PAWAR SAREES,1433 FEDERAL,LABDHI CREATION,540754,4,,1090,2,8,-348.8,1090,4360,5,204.57,4295.99,0739029,954,J.D.LOGISTICS,RATAN BHAI
2507,30/04/2026,928,MANIBHADRA TRADELINK,V R PAWAR SAREES,1737 JAGDISH,LABDHI CREATION,540754,4,,1290,2,8,-412.8,1290,5160,5,242.11,5084.25,0739029,954,J.D.LOGISTICS,RATAN BHAI
2508,30/04/2026,928,MANIBHADRA TRADELINK,V R PAWAR SAREES,8875 RELIANCE,LABDHI CREATION,540754,4,,1790,2,8,-572.8,1790,7160,5,335.95,7054.89,0739029,954,J.D.LOGISTICS,RATAN BHAI
2509,30/04/2026,928,MANIBHADRA TRADELINK,V R PAWAR SAREES,1572 SAVAN,LABDHI CREATION,540754,5,,1690,2,8,-676,1690,8450,5,396.47,8325.95,0739029,954,J.D.LOGISTICS,RATAN BHAI
2510,30/04/2026,929,MANIBHADRA TRADELINK,V R PAWAR SAREES,5301 MONIKA,LABDHI CREATION,540754,4,,1590,2,8,-508.8,1590,6360,5,298.41,6266.63,0739027,955,J.D.LOGISTICS,RATAN BHAI
2511,30/04/2026,929,MANIBHADRA TRADELINK,V R PAWAR SAREES,6443 MATESHWARI,LABDHI CREATION,540754,5,,1790,2,8,-716,1790,8950,5,419.93,8818.61,0739027,955,J.D.LOGISTICS,RATAN BHAI
2512,30/04/2026,929,MANIBHADRA TRADELINK,V R PAWAR SAREES,7765 RAJSHREE,LABDHI CREATION,540754,5,,1990,2,8,-796,1990,9950,5,466.85,9803.93,0739027,955,J.D.LOGISTICS,RATAN BHAI
2513,30/04/2026,929,MANIBHADRA TRADELINK,V R PAWAR SAREES,7788 KUSUM,LABDHI CREATION,540754,3,,2190,2,8,-525.6,2190,6570,5,308.26,6473.55,0739027,955,J.D.LOGISTICS,RATAN BHAI
2514,30/04/2026,929,MANIBHADRA TRADELINK,V R PAWAR SAREES,5302 NILIMA,LABDHI CREATION,540754,4,,1990,2,8,-636.8,1990,7960,5,373.48,7843.14,0739027,955,J.D.LOGISTICS,RATAN BHAI
2515,30/04/2026,929,MANIBHADRA TRADELINK,V R PAWAR SAREES,1242 HELEN,LABDHI CREATION,540754,5,,2190,2,8,-876,2190,10950,5,513.77,10789.25,0739027,955,J.D.LOGISTICS,RATAN BHAI
2516,30/04/2026,929,MANIBHADRA TRADELINK,V R PAWAR SAREES,4880 ADANI,LABDHI CREATION,540754,3,,1790,2,8,-429.6,1790,5370,5,251.96,5291.17,0739027,955,J.D.LOGISTICS,RATAN BHAI
2517,30/04/2026,929,MANIBHADRA TRADELINK,V R PAWAR SAREES,6538 DORIS,LABDHI CREATION,540754,4,,1590,2,8,-508.8,1590,6360,5,298.41,6266.63,0739027,955,J.D.LOGISTICS,RATAN BHAI
2518,30/04/2026,929,MANIBHADRA TRADELINK,V R PAWAR SAREES,6442 ABHINANDAN,LABDHI CREATION,540754,3,,1690,2,8,-405.6,1690,5070,5,237.88,4995.57,0739027,955,J.D.LOGISTICS,RATAN BHAI
2519,30/04/2026,929,MANIBHADRA TRADELINK,V R PAWAR SAREES,1525 BALAI,LABDHI CREATION,540754,3,,2090,2,8,-501.6,2090,6270,5,294.19,6177.96,0739027,955,J.D.LOGISTICS,RATAN BHAI
2520,30/04/2026,929,MANIBHADRA TRADELINK,V R PAWAR SAREES,5052 PERSON,LABDHI CREATION,540754,5,,2290,2,8,-916,2290,11450,5,537.23,11281.91,0739027,955,J.D.LOGISTICS,RATAN BHAI
2521,30/04/2026,929,MANIBHADRA TRADELINK,V R PAWAR SAREES,3519 KOHINOOR,LABDHI CREATION,540754,5,,2390,2,8,-956,2390,11950,5,560.69,11774.57,0739027,955,J.D.LOGISTICS,RATAN BHAI
2522,30/04/2026,930,MANIBHADRA TRADELINK,V R PAWAR SAREES,VIVAAH PATTU,SHIRISH FASHION,540754,169,,143,2,2,-483.34,143,24167,5,1207.87,25365.2,0739084,362,J.D.LOGISTICS,AMAR BHAI
2523,30/04/2026,931,MANIBHADRA TRADELINK,V R PAWAR SAREES,VIVAAH PATTU,SHIRISH FASHION,540754,168,,143,2,2,-480.48,143,24024,5,1200.72,25215.11,0739083,363,J.D.LOGISTICS,AMAR BHAI
2524,01/05/2026,932,MANIBHADRA TRADELINK,V R PAWAR SAREES,BUMRAH,SAI LADLI DESIGNER,540754,4,,1595,2,5,-319,1595,6380,5,309.11,6491.33,0739248,763,J.D.LOGISTICS,RATAN BHAI
2525,01/05/2026,932,MANIBHADRA TRADELINK,V R PAWAR SAREES,SAROJ,SAI LADLI DESIGNER,540754,5,,1045,2,5,-261.25,1045,5225,5,253.15,5316.17,0739248,763,J.D.LOGISTICS,RATAN BHAI
2526,01/05/2026,932,MANIBHADRA TRADELINK,V R PAWAR SAREES,KALAKRUTI,SAI LADLI DESIGNER,540754,5,,1245,2,5,-311.25,1245,6225,5,301.6,6333.62,0739248,763,J.D.LOGISTICS,RATAN BHAI
2527,01/05/2026,932,MANIBHADRA TRADELINK,V R PAWAR SAREES,SONI,SAI LADLI DESIGNER,540754,3,,2095,2,5,-314.25,2095,6285,5,304.51,6394.67,0739248,763,J.D.LOGISTICS,RATAN BHAI
2528,01/05/2026,932,MANIBHADRA TRADELINK,V R PAWAR SAREES,SHIVAM,SAI LADLI DESIGNER,540754,5,,1220,2,5,-305,1220,6100,5,295.55,6206.45,0739248,763,J.D.LOGISTICS,RATAN BHAI
2529,01/05/2026,932,MANIBHADRA TRADELINK,V R PAWAR SAREES,SANDHYA,SAI LADLI DESIGNER,540754,5,,1065,2,5,-266.25,1065,5325,5,258,5417.92,0739248,763,J.D.LOGISTICS,RATAN BHAI
2530,01/05/2026,932,MANIBHADRA TRADELINK,V R PAWAR SAREES,PARASMANI,SAI LADLI DESIGNER,540754,10,,3099,2,5,-1549.5,3099,30990,5,1501.47,31530.78,0739248,763,J.D.LOGISTICS,RATAN BHAI
2531,01/05/2026,932,MANIBHADRA TRADELINK,V R PAWAR SAREES,KAJAL,SAI LADLI DESIGNER,540754,5,,1175,2,5,-293.75,1175,5875,5,284.64,5977.51,0739248,763,J.D.LOGISTICS,RATAN BHAI
2532,01/05/2026,932,MANIBHADRA TRADELINK,V R PAWAR SAREES,JUNGLE BOOK,SAI LADLI DESIGNER,540754,9,,3095,2,5,-1392.75,3095,27855,5,1349.57,28341.06,0739248,763,J.D.LOGISTICS,RATAN BHAI
2533,01/05/2026,933,MANIBHADRA TRADELINK,V R PAWAR SAREES,MAHARANI,SAI LADLI DESIGNER,540754,9,,2599,2,5,-1169.55,2599,23391,5,1133.29,23799.17,0739249,760,J.D.LOGISTICS,RATAN BHAI
2534,01/05/2026,933,MANIBHADRA TRADELINK,V R PAWAR SAREES,TAPASVI,SAI LADLI DESIGNER,540754,5,,999,2,5,-249.75,999,4995,5,242.01,5082.17,0739249,760,J.D.LOGISTICS,RATAN BHAI
2535,01/05/2026,933,MANIBHADRA TRADELINK,V R PAWAR SAREES,FIVE STAR,SAI LADLI DESIGNER,540754,4,,1699,2,5,-339.8,1699,6796,5,329.27,6914.59,0739249,760,J.D.LOGISTICS,RATAN BHAI
2536,01/05/2026,933,MANIBHADRA TRADELINK,V R PAWAR SAREES,HUMTUM,SAI LADLI DESIGNER,540754,5,,1199,2,5,-299.75,1199,5995,5,290.46,6099.62,0739249,760,J.D.LOGISTICS,RATAN BHAI
2537,01/05/2026,933,MANIBHADRA TRADELINK,V R PAWAR SAREES,LION,SAI LADLI DESIGNER,540754,4,,1195,2,5,-239,1195,4780,5,231.59,4863.41,0739249,760,J.D.LOGISTICS,RATAN BHAI
2538,01/05/2026,933,MANIBHADRA TRADELINK,V R PAWAR SAREES,PETROL DRASHTI,SAI LADLI DESIGNER,540754,5,,1299,2,5,-324.75,1299,6495,5,314.68,6608.34,0739249,760,J.D.LOGISTICS,RATAN BHAI
2539,01/05/2026,933,MANIBHADRA TRADELINK,V R PAWAR SAREES,MURALI,SAI LADLI DESIGNER,540754,10,,1695,2,5,-847.5,1695,16950,5,821.23,17245.78,0739249,760,J.D.LOGISTICS,RATAN BHAI
2540,01/05/2026,933,MANIBHADRA TRADELINK,V R PAWAR SAREES,HARIYALI,SAI LADLI DESIGNER,540754,5,,1145,2,5,-286.25,1145,5725,5,277.38,5824.91,0739249,760,J.D.LOGISTICS,RATAN BHAI
2541,01/05/2026,933,MANIBHADRA TRADELINK,V R PAWAR SAREES,RATLAMI,SAI LADLI DESIGNER,540754,3,,1165,2,5,-174.75,1165,3495,5,169.33,3555.99,0739249,760,J.D.LOGISTICS,RATAN BHAI
2542,01/05/2026,933,MANIBHADRA TRADELINK,V R PAWAR SAREES,GOA,SAI LADLI DESIGNER,540754,4,,1399,2,5,-279.8,1399,5596,5,271.13,5693.65,0739249,760,J.D.LOGISTICS,RATAN BHAI
2543,01/05/2026,933,MANIBHADRA TRADELINK,V R PAWAR SAREES,HAPPY,SAI LADLI DESIGNER,540754,5,,1899,2,5,-474.75,1899,9495,5,460.03,9660.69,0739249,760,J.D.LOGISTICS,RATAN BHAI
2544,01/05/2026,933,MANIBHADRA TRADELINK,V R PAWAR SAREES,MAKHMAL,SAI LADLI DESIGNER,540754,4,,1245,2,5,-249,1245,4980,5,241.28,5066.9,0739249,760,J.D.LOGISTICS,RATAN BHAI
2545,01/05/2026,933,MANIBHADRA TRADELINK,V R PAWAR SAREES,ANUSHKA,SAI LADLI DESIGNER,540754,5,,1195,2,5,-298.75,1195,5975,5,289.49,6079.27,0739249,760,J.D.LOGISTICS,RATAN BHAI
2546,01/05/2026,933,MANIBHADRA TRADELINK,V R PAWAR SAREES,VINAMRATA,SAI LADLI DESIGNER,540754,5,,1225,2,5,-306.25,1225,6125,5,296.76,6231.89,0739249,760,J.D.LOGISTICS,RATAN BHAI
2547,01/05/2026,934,MANIBHADRA TRADELINK,V R PAWAR SAREES,PRANJAL,SAI LADLI DESIGNER,540754,7,,1499,2,5,-524.65,1499,10493,5,508.39,10676.11,0739250,762,J.D.LOGISTICS,RATAN BHAI
2548,01/05/2026,934,MANIBHADRA TRADELINK,V R PAWAR SAREES,MOKSHA,SAI LADLI DESIGNER,540754,8,,1895,2,5,-758,1895,15160,5,734.5,15424.54,0739250,762,J.D.LOGISTICS,RATAN BHAI
2549,01/05/2026,934,MANIBHADRA TRADELINK,V R PAWAR SAREES,SHAYONA,SAI LADLI DESIGNER,540754,4,,2299,2,5,-459.8,2299,9196,5,445.55,9356.47,0739250,762,J.D.LOGISTICS,RATAN BHAI
2550,01/05/2026,934,MANIBHADRA TRADELINK,V R PAWAR SAREES,BHAGYASRI,SAI LADLI DESIGNER,540754,5,,1065,2,5,-266.25,1065,5325,5,258,5417.92,0739250,762,J.D.LOGISTICS,RATAN BHAI
2551,01/05/2026,934,MANIBHADRA TRADELINK,V R PAWAR SAREES,RONAK,SAI LADLI DESIGNER,540754,5,,1020,2,5,-255,1020,5100,5,247.1,5189,0739250,762,J.D.LOGISTICS,RATAN BHAI
2552,01/05/2026,934,MANIBHADRA TRADELINK,V R PAWAR SAREES,RAFTAR,SAI LADLI DESIGNER,540754,7,,1595,2,5,-558.25,1595,11165,5,540.94,11359.82,0739250,762,J.D.LOGISTICS,RATAN BHAI
2553,01/05/2026,934,MANIBHADRA TRADELINK,V R PAWAR SAREES,CRETA,SAI LADLI DESIGNER,540754,5,,1499,2,5,-374.75,1499,7495,5,363.13,7625.78,0739250,762,J.D.LOGISTICS,RATAN BHAI
2554,01/05/2026,934,MANIBHADRA TRADELINK,V R PAWAR SAREES,AMAR,SAI LADLI DESIGNER,540754,6,,2299,2,5,-689.7,2299,13794,5,668.32,14034.71,0739250,762,J.D.LOGISTICS,RATAN BHAI
2555,01/05/2026,934,MANIBHADRA TRADELINK,V R PAWAR SAREES,SHORT CUT,SAI LADLI DESIGNER,540754,5,,899,2,5,-224.75,899,4495,5,217.78,4573.43,0739250,762,J.D.LOGISTICS,RATAN BHAI
2556,01/05/2026,934,MANIBHADRA TRADELINK,V R PAWAR SAREES,ROSE GOLD,SAI LADLI DESIGNER,540754,3,,1265,2,5,-189.75,1265,3795,5,183.87,3861.22,0739250,762,J.D.LOGISTICS,RATAN BHAI
2557,01/05/2026,934,MANIBHADRA TRADELINK,V R PAWAR SAREES,VEDANT,SAI LADLI DESIGNER,540754,4,,1345,2,5,-269,1345,5380,5,260.66,5473.88,0739250,762,J.D.LOGISTICS,RATAN BHAI
2558,01/05/2026,935,MANIBHADRA TRADELINK,V R PAWAR SAREES,KANIKA,SAI LADLI DESIGNER,540754,10,,2095,2,5,-1047.5,2095,20950,5,1015.03,21315.58,0739251,761,J.D.LOGISTICS,RATAN BHAI
2559,01/05/2026,935,MANIBHADRA TRADELINK,V R PAWAR SAREES,SAJANI,SAI LADLI DESIGNER,540754,4,,1145,2,5,-229,1145,4580,5,221.9,4659.92,0739251,761,J.D.LOGISTICS,RATAN BHAI
2560,01/05/2026,935,MANIBHADRA TRADELINK,V R PAWAR SAREES,RANG VARSHA,SAI LADLI DESIGNER,540754,5,,1299,2,5,-324.75,1299,6495,5,314.68,6608.33,0739251,761,J.D.LOGISTICS,RATAN BHAI
2561,01/05/2026,935,MANIBHADRA TRADELINK,V R PAWAR SAREES,MAHEE,SAI LADLI DESIGNER,540754,5,,1245,2,5,-311.25,1245,6225,5,301.6,6333.62,0739251,761,J.D.LOGISTICS,RATAN BHAI
2562,01/05/2026,935,MANIBHADRA TRADELINK,V R PAWAR SAREES,GUDIYA,SAI LADLI DESIGNER,540754,5,,1599,2,5,-399.75,1599,7995,5,387.36,8134.51,0739251,761,J.D.LOGISTICS,RATAN BHAI
2563,01/05/2026,935,MANIBHADRA TRADELINK,V R PAWAR SAREES,METRO,SAI LADLI DESIGNER,540754,5,,1499,2,5,-374.75,1499,7495,5,363.13,7625.78,0739251,761,J.D.LOGISTICS,RATAN BHAI
2564,01/05/2026,935,MANIBHADRA TRADELINK,V R PAWAR SAREES,ZANKAR,SAI LADLI DESIGNER,540754,5,,899,2,5,-224.75,899,4495,5,217.78,4573.43,0739251,761,J.D.LOGISTICS,RATAN BHAI
2565,01/05/2026,935,MANIBHADRA TRADELINK,V R PAWAR SAREES,TOKYO,SAI LADLI DESIGNER,540754,5,,1199,2,5,-299.75,1199,5995,5,290.46,6099.61,0739251,761,J.D.LOGISTICS,RATAN BHAI
2566,01/05/2026,935,MANIBHADRA TRADELINK,V R PAWAR SAREES,RUKMANI,SAI LADLI DESIGNER,540754,5,,1399,2,5,-349.75,1399,6995,5,338.91,7117.06,0739251,761,J.D.LOGISTICS,RATAN BHAI
2567,01/05/2026,935,MANIBHADRA TRADELINK,V R PAWAR SAREES,MONIKA,SAI LADLI DESIGNER,540754,5,,1199,2,5,-299.75,1199,5995,5,290.46,6099.61,0739251,761,J.D.LOGISTICS,RATAN BHAI
2568,01/05/2026,935,MANIBHADRA TRADELINK,V R PAWAR SAREES,VARNI,SAI LADLI DESIGNER,540754,6,,1295,2,5,-388.5,1295,7770,5,376.46,7905.59,0739251,761,J.D.LOGISTICS,RATAN BHAI
2569,01/05/2026,935,MANIBHADRA TRADELINK,V R PAWAR SAREES,ROSE,SAI LADLI DESIGNER,540754,5,,1599,2,5,-399.75,1599,7995,5,387.36,8134.51,0739251,761,J.D.LOGISTICS,RATAN BHAI
2570,01/05/2026,935,MANIBHADRA TRADELINK,V R PAWAR SAREES,AAKARSHAN,SAI LADLI DESIGNER,540754,4,,1599,2,5,-319.8,1599,6396,5,309.89,6507.61,0739251,761,J.D.LOGISTICS,RATAN BHAI
2571,01/05/2026,935,MANIBHADRA TRADELINK,V R PAWAR SAREES,ZALAK,SAI LADLI DESIGNER,540754,5,,1099,2,5,-274.75,1099,5495,5,266.23,5590.88,0739251,761,J.D.LOGISTICS,RATAN BHAI
2572,01/05/2026,936,MANIBHADRA TRADELINK,V R PAWAR SAREES,COPPER MAX,AAI ANANDA SYNTEX,540754,150,,195,2,3,-877.5,195,29250,5,1447,30386.95,0739376,1763,J.D.LOGISTICS,AMAR BHAI
2573,01/05/2026,937,MANIBHADRA TRADELINK,V R PAWAR SAREES,COPPER MAX,AAI ANANDA SYNTEX,540754,150,,195,2,3,-877.5,195,29250,5,1447,30386.95,0739377,1764,J.D.LOGISTICS,AMAR BHAI
2574,01/05/2026,938,MANIBHADRA TRADELINK,V R PAWAR SAREES,FANCY AASHA,SAI AASHA,540754,7,,1125,2,,,1125,7875,5,401.63,8434.13,0739253,658,J.D.LOGISTICS,RATAN BHAI
2575,01/05/2026,938,MANIBHADRA TRADELINK,V R PAWAR SAREES,FANCY RAHU,SAI AASHA,540754,8,,1475,2,,,1475,11800,5,601.8,12637.8,0739253,658,J.D.LOGISTICS,RATAN BHAI
2576,01/05/2026,938,MANIBHADRA TRADELINK,V R PAWAR SAREES,FANCY KETU,SAI AASHA,540754,8,,1475,2,,,1475,11800,5,601.8,12637.8,0739253,658,J.D.LOGISTICS,RATAN BHAI
2577,01/05/2026,938,MANIBHADRA TRADELINK,V R PAWAR SAREES,FANCY SAFAT,SAI AASHA,540754,7,,1515,2,,,1515,10605,5,540.86,11357.96,0739253,658,J.D.LOGISTICS,RATAN BHAI
2578,01/05/2026,938,MANIBHADRA TRADELINK,V R PAWAR SAREES,FANCY KERI NX,SAI AASHA,540754,6,,2265,2,,,2265,13590,5,693.09,14554.89,0739253,658,J.D.LOGISTICS,RATAN BHAI
2579,01/05/2026,938,MANIBHADRA TRADELINK,V R PAWAR SAREES,SUNSILK DARK,SAI AASHA,540754,5,,1575,2,,,1575,7875,5,401.63,8434.13,0739253,658,J.D.LOGISTICS,RATAN BHAI
2580,01/05/2026,938,MANIBHADRA TRADELINK,V R PAWAR SAREES,GULAB DARK,SAI AASHA,540754,5,,1475,2,,,1475,7375,5,376.13,7898.63,0739253,658,J.D.LOGISTICS,RATAN BHAI
2581,01/05/2026,938,MANIBHADRA TRADELINK,V R PAWAR SAREES,VATIKA DARK,SAI AASHA,540754,5,,1495,2,,,1495,7475,5,381.23,8005.73,0739253,658,J.D.LOGISTICS,RATAN BHAI
2582,01/05/2026,938,MANIBHADRA TRADELINK,V R PAWAR SAREES,FANCY RESHMA,SAI AASHA,540754,7,,1595,2,,,1595,11165,5,569.42,11957.72,0739253,658,J.D.LOGISTICS,RATAN BHAI
2583,01/05/2026,938,MANIBHADRA TRADELINK,V R PAWAR SAREES,FANCY HARI,SAI AASHA,540754,6,,1795,2,,,1795,10770,5,549.27,11534.67,0739253,658,J.D.LOGISTICS,RATAN BHAI
2584,01/05/2026,939,MANIBHADRA TRADELINK,V R PAWAR SAREES,AVTAR C SIROSKY,SAI AASHA,540754,8,,1185,2,,,1185,9480,5,483.48,10153.08,0739261,660,J.D.LOGISTICS,RATAN BHAI
2585,01/05/2026,939,MANIBHADRA TRADELINK,V R PAWAR SAREES,SUNDAR BITS,SAI AASHA,540754,5,,3295,2,,,3295,16475,5,840.23,17644.73,0739261,660,J.D.LOGISTICS,RATAN BHAI
2586,01/05/2026,939,MANIBHADRA TRADELINK,V R PAWAR SAREES,FANCY MAHIMA NX,SAI AASHA,540754,6,,1695,2,,,1695,10170,5,518.67,10892.07,0739261,660,J.D.LOGISTICS,RATAN BHAI
2587,01/05/2026,939,MANIBHADRA TRADELINK,V R PAWAR SAREES,VARMALA,SAI AASHA,540754,6,,1095,2,,,1095,6570,5,335.07,7036.47,0739261,660,J.D.LOGISTICS,RATAN BHAI
2588,01/05/2026,939,MANIBHADRA TRADELINK,V R PAWAR SAREES,GOOD MORNING NX,SAI AASHA,540754,6,,1115,2,,,1115,6690,5,341.19,7164.99,0739261,660,J.D.LOGISTICS,RATAN BHAI
2589,01/05/2026,939,MANIBHADRA TRADELINK,V R PAWAR SAREES,FANCY DHYANA,SAI AASHA,540754,5,,1695,2,,,1695,8475,5,432.23,9076.73,0739261,660,J.D.LOGISTICS,RATAN BHAI
2590,01/05/2026,939,MANIBHADRA TRADELINK,V R PAWAR SAREES,FANCY LEMON,SAI AASHA,540754,8,,1725,2,,,1725,13800,5,703.8,14779.8,0739261,660,J.D.LOGISTICS,RATAN BHAI
2591,01/05/2026,939,MANIBHADRA TRADELINK,V R PAWAR SAREES,FANCY VEDANSHI,SAI AASHA,540754,6,,1850,2,,,1850,11100,5,566.1,11888.1,0739261,660,J.D.LOGISTICS,RATAN BHAI
2592,01/05/2026,939,MANIBHADRA TRADELINK,V R PAWAR SAREES,RAAT RAGINI,SAI AASHA,540754,5,,1295,2,,,1295,6475,5,330.23,6934.73,0739261,660,J.D.LOGISTICS,RATAN BHAI
2593,01/05/2026,940,MANIBHADRA TRADELINK,V R PAWAR SAREES,FANCY AASHA DARK,SAI AASHA,540754,6,,1125,2,,,1125,6750,5,344.25,7229.25,0739252,657,J.D.LOGISTICS,RATAN BHAI
2594,01/05/2026,940,MANIBHADRA TRADELINK,V R PAWAR SAREES,FANCY PARUL DARK,SAI AASHA,540754,6,,1225,2,,,1225,7350,5,374.85,7871.85,0739252,657,J.D.LOGISTICS,RATAN BHAI
2595,01/05/2026,940,MANIBHADRA TRADELINK,V R PAWAR SAREES,FANCY PAAN,SAI AASHA,540754,6,,1050,2,,,1050,6300,5,321.3,6747.3,0739252,657,J.D.LOGISTICS,RATAN BHAI
2596,01/05/2026,940,MANIBHADRA TRADELINK,V R PAWAR SAREES,FANCY CHANDRA,SAI AASHA,540754,6,,1025,2,,,1025,6150,5,313.65,6586.65,0739252,657,J.D.LOGISTICS,RATAN BHAI
2597,01/05/2026,940,MANIBHADRA TRADELINK,V R PAWAR SAREES,FANCY DOVE,SAI AASHA,540754,6,,1115,2,,,1115,6690,5,341.19,7164.99,0739252,657,J.D.LOGISTICS,RATAN BHAI
2598,01/05/2026,940,MANIBHADRA TRADELINK,V R PAWAR SAREES,FANCY VATIKA,SAI AASHA,540754,6,,1115,2,,,1115,6690,5,341.19,7164.99,0739252,657,J.D.LOGISTICS,RATAN BHAI
2599,01/05/2026,940,MANIBHADRA TRADELINK,V R PAWAR SAREES,FANCY RANGRAAJ,SAI AASHA,540754,7,,1075,2,,,1075,7525,5,383.78,8059.28,0739252,657,J.D.LOGISTICS,RATAN BHAI
2600,01/05/2026,940,MANIBHADRA TRADELINK,V R PAWAR SAREES,FANCY GHARENA,SAI AASHA,540754,6,,1235,2,,,1235,7410,5,377.91,7936.11,0739252,657,J.D.LOGISTICS,RATAN BHAI
2601,01/05/2026,940,MANIBHADRA TRADELINK,V R PAWAR SAREES,FANCY UDAY,SAI AASHA,540754,5,,1190,2,,,1190,5950,5,303.45,6372.45,0739252,657,J.D.LOGISTICS,RATAN BHAI
2602,01/05/2026,940,MANIBHADRA TRADELINK,V R PAWAR SAREES,FANCY SHILPA,SAI AASHA,540754,6,,1325,2,,,1325,7950,5,405.45,8514.45,0739252,657,J.D.LOGISTICS,RATAN BHAI
2603,01/05/2026,941,MANIBHADRA TRADELINK,V R PAWAR SAREES,FANCY KRITIKA,SAI AASHA,540754,8,,1185,2,,,1185,9480,5,483.48,10153.08,0739257,659,J.D.LOGISTICS,RATAN BHAI
2604,01/05/2026,941,MANIBHADRA TRADELINK,V R PAWAR SAREES,FANCY MISTRI 2,SAI AASHA,540754,7,,1675,2,,,1675,11725,5,597.98,12557.48,0739257,659,J.D.LOGISTICS,RATAN BHAI
2605,01/05/2026,941,MANIBHADRA TRADELINK,V R PAWAR SAREES,FANCY SONALI,SAI AASHA,540754,8,,1195,2,,,1195,9560,5,487.56,10238.76,0739257,659,J.D.LOGISTICS,RATAN BHAI
2606,01/05/2026,941,MANIBHADRA TRADELINK,V R PAWAR SAREES,FANCY PURNIMA,SAI AASHA,540754,8,,1475,2,,,1475,11800,5,601.8,12637.8,0739257,659,J.D.LOGISTICS,RATAN BHAI
2607,01/05/2026,941,MANIBHADRA TRADELINK,V R PAWAR SAREES,FANCY ZARINA,SAI AASHA,540754,6,,1425,2,,,1425,8550,5,436.05,9157.05,0739257,659,J.D.LOGISTICS,RATAN BHAI
2608,01/05/2026,941,MANIBHADRA TRADELINK,V R PAWAR SAREES,FANCY SEEMA,SAI AASHA,540754,5,,1325,2,,,1325,6625,5,337.88,7095.38,0739257,659,J.D.LOGISTICS,RATAN BHAI
2609,01/05/2026,941,MANIBHADRA TRADELINK,V R PAWAR SAREES,FANCY DUBAI,SAI AASHA,540754,6,,1215,2,,,1215,7290,5,371.79,7807.59,0739257,659,J.D.LOGISTICS,RATAN BHAI
2610,01/05/2026,941,MANIBHADRA TRADELINK,V R PAWAR SAREES,FANCY PREM,SAI AASHA,540754,5,,1375,2,,,1375,6875,5,350.63,7363.13,0739257,659,J.D.LOGISTICS,RATAN BHAI
2611,01/05/2026,941,MANIBHADRA TRADELINK,V R PAWAR SAREES,FANCY CHAMAK,SAI AASHA,540754,6,,775,2,,,775,4650,5,237.15,4980.15,0739257,659,J.D.LOGISTICS,RATAN BHAI
2612,01/05/2026,941,MANIBHADRA TRADELINK,V R PAWAR SAREES,JESIKA NET,SAI AASHA,540754,4,,1375,2,,,1375,5500,5,280.5,5890.5,0739257,659,J.D.LOGISTICS,RATAN BHAI
2613,01/05/2026,942,MANIBHADRA TRADELINK,V R PAWAR SAREES,ONLINE VAIRAL,SAI AASHA,540754,6,,4100,2,,,4100,24600,5,1254.6,26346.6,0739254,662,J.D.LOGISTICS,RATAN BHAI
2614,01/05/2026,942,MANIBHADRA TRADELINK,V R PAWAR SAREES,MUKTI BITS,SAI AASHA,540754,7,,2850,2,,,2850,19950,5,1017.45,21366.45,0739254,662,J.D.LOGISTICS,RATAN BHAI
2615,01/05/2026,942,MANIBHADRA TRADELINK,V R PAWAR SAREES,SONIYA GOLD,SAI AASHA,540754,6,,1165,2,,,1165,6990,5,356.49,7486.29,0739254,662,J.D.LOGISTICS,RATAN BHAI
2616,01/05/2026,942,MANIBHADRA TRADELINK,V R PAWAR SAREES,BLACK BERRY GOLD,SAI AASHA,540754,5,,1165,2,,,1165,5825,5,297.08,6238.58,0739254,662,J.D.LOGISTICS,RATAN BHAI
2617,01/05/2026,942,MANIBHADRA TRADELINK,V R PAWAR SAREES,WHITE PAPER,SAI AASHA,540754,5,,1150,2,,,1150,5750,5,293.25,6158.25,0739254,662,J.D.LOGISTICS,RATAN BHAI
2618,01/05/2026,942,MANIBHADRA TRADELINK,V R PAWAR SAREES,SILVER PAPER,SAI AASHA,540754,5,,1150,2,,,1150,5750,5,293.25,6158.25,0739254,662,J.D.LOGISTICS,RATAN BHAI
2619,01/05/2026,942,MANIBHADRA TRADELINK,V R PAWAR SAREES,NIDHI 10 VAR,SAI AASHA,540754,7,,2950,2,,,2950,20650,5,1053.15,22116.15,0739254,662,J.D.LOGISTICS,RATAN BHAI
2620,01/05/2026,942,MANIBHADRA TRADELINK,V R PAWAR SAREES,RIDHIMA FENDI,SAI AASHA,540754,7,,1550,2,,,1550,10850,5,553.35,11620.35,0739254,662,J.D.LOGISTICS,RATAN BHAI
2621,01/05/2026,942,MANIBHADRA TRADELINK,V R PAWAR SAREES,KISHU FENDI,SAI AASHA,540754,6,,1050,2,,,1050,6300,5,321.3,6747.3,0739254,662,J.D.LOGISTICS,RATAN BHAI
2622,01/05/2026,943,MANIBHADRA TRADELINK,V R PAWAR SAREES,CHINTAMANI C SISOSKY,SAI AASHA,540754,9,,1165,2,,,1165,10485,5,534.74,11229.44,0739260,664,J.D.LOGISTICS,RATAN BHAI
2623,01/05/2026,943,MANIBHADRA TRADELINK,V R PAWAR SAREES,FANCY CUT WORK 2,SAI AASHA,540754,8,,1375,2,,,1375,11000,5,561,11781,0739260,664,J.D.LOGISTICS,RATAN BHAI
2624,01/05/2026,943,MANIBHADRA TRADELINK,V R PAWAR SAREES,PAYAL 10 VAR,SAI AASHA,540754,7,,3695,2,,,3695,25865,5,1319.12,27701.42,0739260,664,J.D.LOGISTICS,RATAN BHAI
2625,01/05/2026,943,MANIBHADRA TRADELINK,V R PAWAR SAREES,DHURANDHAR SIROSKY,SAI AASHA,540754,9,,1275,2,,,1275,11475,5,585.23,12289.73,0739260,664,J.D.LOGISTICS,RATAN BHAI
2626,01/05/2026,943,MANIBHADRA TRADELINK,V R PAWAR SAREES,ZARNA SIROSKY,SAI AASHA,540754,7,,1350,2,,,1350,9450,5,481.95,10120.95,0739260,664,J.D.LOGISTICS,RATAN BHAI
2627,01/05/2026,943,MANIBHADRA TRADELINK,V R PAWAR SAREES,AVTAR SIROSKY,SAI AASHA,540754,11,,1345,2,,,1345,14795,5,754.55,15845.45,0739260,664,J.D.LOGISTICS,RATAN BHAI
2628,01/05/2026,943,MANIBHADRA TRADELINK,V R PAWAR SAREES,FANCY ROSE,SAI AASHA,540754,6,,1050,2,,,1050,6300,5,321.3,6747.3,0739260,664,J.D.LOGISTICS,RATAN BHAI
2629,01/05/2026,943,MANIBHADRA TRADELINK,V R PAWAR SAREES,ROMA 10 VAR,SAI AASHA,540754,7,,3150,2,,,3150,22050,5,1124.55,23615.55,0739260,664,J.D.LOGISTICS,RATAN BHAI
2630,01/05/2026,944,MANIBHADRA TRADELINK,V R PAWAR SAREES,2794,SANSKRUTI,540754,5,,1925,2,2,-192.5,1925,9625,5,481.06,10102.21,0739319,194,J.D.LOGISTICS,RATAN BHAI
2631,01/05/2026,944,MANIBHADRA TRADELINK,V R PAWAR SAREES,1774  ,SANSKRUTI,540754,5,,1795,2,2,-179.5,1795,8975,5,448.57,9419.98,0739319,194,J.D.LOGISTICS,RATAN BHAI
2632,01/05/2026,944,MANIBHADRA TRADELINK,V R PAWAR SAREES,2617  ,SANSKRUTI,540754,3,,1375,2,2,-82.5,1375,4125,5,206.17,4329.52,0739319,194,J.D.LOGISTICS,RATAN BHAI
2633,01/05/2026,944,MANIBHADRA TRADELINK,V R PAWAR SAREES,2970  ,SANSKRUTI,540754,5,,1455,2,2,-145.5,1455,7275,5,363.6,7635.69,0739319,194,J.D.LOGISTICS,RATAN BHAI
2634,01/05/2026,944,MANIBHADRA TRADELINK,V R PAWAR SAREES,2940,SANSKRUTI,540754,5,,1595,2,2,-159.5,1595,7975,5,398.59,8370.4,0739319,194,J.D.LOGISTICS,RATAN BHAI
2635,01/05/2026,944,MANIBHADRA TRADELINK,V R PAWAR SAREES,2938  ,SANSKRUTI,540754,5,,1595,2,2,-159.5,1595,7975,5,398.59,8370.4,0739319,194,J.D.LOGISTICS,RATAN BHAI
2636,01/05/2026,944,MANIBHADRA TRADELINK,V R PAWAR SAREES,2941  ,SANSKRUTI,540754,5,,1595,2,2,-159.5,1595,7975,5,398.59,8370.4,0739319,194,J.D.LOGISTICS,RATAN BHAI
2637,01/05/2026,944,MANIBHADRA TRADELINK,V R PAWAR SAREES,2895  ,SANSKRUTI,540754,4,,1195,2,2,-95.6,1195,4780,5,238.9,5016.99,0739319,194,J.D.LOGISTICS,RATAN BHAI
2638,01/05/2026,944,MANIBHADRA TRADELINK,V R PAWAR SAREES,2780,SANSKRUTI,540754,4,,1355,2,2,-108.4,1355,5420,5,270.89,5688.72,0739319,194,J.D.LOGISTICS,RATAN BHAI
2639,01/05/2026,944,MANIBHADRA TRADELINK,V R PAWAR SAREES,2356,SANSKRUTI,540754,4,,1495,2,2,-119.6,1495,5980,5,298.88,6276.49,0739319,194,J.D.LOGISTICS,RATAN BHAI
2640,01/05/2026,944,MANIBHADRA TRADELINK,V R PAWAR SAREES,2654 ,SANSKRUTI,540754,4,,1625,2,2,-130,1625,6500,5,324.87,6822.27,0739319,194,J.D.LOGISTICS,RATAN BHAI
2641,01/05/2026,944,MANIBHADRA TRADELINK,V R PAWAR SAREES,2961 ,SANSKRUTI,540754,4,,1195,2,2,-95.6,1195,4780,5,238.9,5016.99,0739319,194,J.D.LOGISTICS,RATAN BHAI
2642,01/05/2026,944,MANIBHADRA TRADELINK,V R PAWAR SAREES,2962,SANSKRUTI,540754,4,,1195,2,2,-95.6,1195,4780,5,238.9,5016.99,0739319,194,J.D.LOGISTICS,RATAN BHAI
2643,01/05/2026,944,MANIBHADRA TRADELINK,V R PAWAR SAREES,2960  ,SANSKRUTI,540754,4,,1195,2,2,-95.6,1195,4780,5,238.9,5016.99,0739319,194,J.D.LOGISTICS,RATAN BHAI
2644,01/05/2026,944,MANIBHADRA TRADELINK,V R PAWAR SAREES,2947,SANSKRUTI,540754,4,,1395,2,2,-111.6,1395,5580,5,278.89,5856.66,0739319,194,J.D.LOGISTICS,RATAN BHAI
2645,01/05/2026,944,MANIBHADRA TRADELINK,V R PAWAR SAREES,2958  ,SANSKRUTI,540754,4,,1195,2,2,-95.6,1195,4780,5,238.9,5016.99,0739319,194,J.D.LOGISTICS,RATAN BHAI
2646,01/05/2026,945,MANIBHADRA TRADELINK,V R PAWAR SAREES,2945,SANSKRUTI,540754,3,,2685,2,2,-161.1,2685,8055,5,402.59,8454.37,0739318,195,J.D.LOGISTICS,RATAN BHAI
2647,01/05/2026,945,MANIBHADRA TRADELINK,V R PAWAR SAREES,2450  ,SANSKRUTI,540754,4,,2595,2,2,-207.6,2595,10380,5,518.79,10894.64,0739318,195,J.D.LOGISTICS,RATAN BHAI
2648,01/05/2026,945,MANIBHADRA TRADELINK,V R PAWAR SAREES,2937 ,SANSKRUTI,540754,8,,2395,2,2,-383.2,2395,19160,5,957.62,20109.96,0739318,195,J.D.LOGISTICS,RATAN BHAI
2649,01/05/2026,945,MANIBHADRA TRADELINK,V R PAWAR SAREES,2933 ,SANSKRUTI,540754,4,,2655,2,2,-212.4,2655,10620,5,530.79,11146.54,0739318,195,J.D.LOGISTICS,RATAN BHAI
2650,01/05/2026,945,MANIBHADRA TRADELINK,V R PAWAR SAREES,2880,SANSKRUTI,540754,4,,2895,2,2,-231.6,2895,11580,5,578.77,12154.14,0739318,195,J.D.LOGISTICS,RATAN BHAI
2651,01/05/2026,945,MANIBHADRA TRADELINK,V R PAWAR SAREES,2957,SANSKRUTI,540754,4,,2695,2,2,-215.6,2695,10780,5,538.78,11314.47,0739318,195,J.D.LOGISTICS,RATAN BHAI
2652,01/05/2026,945,MANIBHADRA TRADELINK,V R PAWAR SAREES,2920,SANSKRUTI,540754,4,,2665,2,2,-213.2,2665,10660,5,532.79,11188.53,0739318,195,J.D.LOGISTICS,RATAN BHAI
2653,01/05/2026,945,MANIBHADRA TRADELINK,V R PAWAR SAREES,2936,SANSKRUTI,540754,4,,2425,2,2,-194,2425,9700,5,484.81,10180.93,0739318,195,J.D.LOGISTICS,RATAN BHAI
2654,01/05/2026,945,MANIBHADRA TRADELINK,V R PAWAR SAREES,2779 ,SANSKRUTI,540754,5,,1665,2,2,-166.5,1665,8325,5,416.08,8737.75,0739318,195,J.D.LOGISTICS,RATAN BHAI
2655,01/05/2026,945,MANIBHADRA TRADELINK,V R PAWAR SAREES,2896 ,SANSKRUTI,540754,4,,1295,2,2,-103.6,1295,5180,5,258.9,5436.83,0739318,195,J.D.LOGISTICS,RATAN BHAI
2656,01/05/2026,945,MANIBHADRA TRADELINK,V R PAWAR SAREES,2732,SANSKRUTI,540754,1,,1095,2,2,-21.9,1095,1095,5,54.73,1149.29,0739318,195,J.D.LOGISTICS,RATAN BHAI
2657,01/05/2026,945,MANIBHADRA TRADELINK,V R PAWAR SAREES,2731,SANSKRUTI,540754,1,,1095,2,2,-21.9,1095,1095,5,54.73,1149.29,0739318,195,J.D.LOGISTICS,RATAN BHAI
2658,01/05/2026,945,MANIBHADRA TRADELINK,V R PAWAR SAREES,2735,SANSKRUTI,540754,1,,1095,2,2,-21.9,1095,1095,5,54.73,1149.29,0739318,195,J.D.LOGISTICS,RATAN BHAI
2659,01/05/2026,946,MANIBHADRA TRADELINK,V R PAWAR SAREES,8034 ,KANAK CREATIVE ART,540754,5,,850,2,2,-85,850,4250,5,212.42,4460.72,0739471,136,J.D.LOGISTICS,RATAN BHAI
2660,01/05/2026,946,MANIBHADRA TRADELINK,V R PAWAR SAREES,8099,KANAK CREATIVE ART,540754,5,,825,2,2,-82.5,825,4125,5,206.17,4329.52,0739471,136,J.D.LOGISTICS,RATAN BHAI
2661,01/05/2026,946,MANIBHADRA TRADELINK,V R PAWAR SAREES,8110,KANAK CREATIVE ART,540754,5,,825,2,2,-82.5,825,4125,5,206.17,4329.52,0739471,136,J.D.LOGISTICS,RATAN BHAI
2662,01/05/2026,946,MANIBHADRA TRADELINK,V R PAWAR SAREES,8083,KANAK CREATIVE ART,540754,5,,785,2,2,-78.5,785,3925,5,196.17,4119.6,0739471,136,J.D.LOGISTICS,RATAN BHAI
2663,01/05/2026,946,MANIBHADRA TRADELINK,V R PAWAR SAREES,8039,KANAK CREATIVE ART,540754,5,,810,2,2,-81,810,4050,5,202.42,4250.8,0739471,136,J.D.LOGISTICS,RATAN BHAI
2664,01/05/2026,946,MANIBHADRA TRADELINK,V R PAWAR SAREES,7838,KANAK CREATIVE ART,540754,5,,795,2,2,-79.5,795,3975,5,198.67,4172.08,0739471,136,J.D.LOGISTICS,RATAN BHAI
2665,01/05/2026,946,MANIBHADRA TRADELINK,V R PAWAR SAREES,8131,KANAK CREATIVE ART,540754,5,,1255,2,2,-125.5,1255,6275,5,313.62,6586.11,0739471,136,J.D.LOGISTICS,RATAN BHAI
2666,01/05/2026,946,MANIBHADRA TRADELINK,V R PAWAR SAREES,8132,KANAK CREATIVE ART,540754,5,,1330,2,2,-133,1330,6650,5,332.37,6979.71,0739471,136,J.D.LOGISTICS,RATAN BHAI
2667,01/05/2026,946,MANIBHADRA TRADELINK,V R PAWAR SAREES,8074,KANAK CREATIVE ART,540754,5,,1290,2,2,-129,1290,6450,5,322.37,6769.79,0739471,136,J.D.LOGISTICS,RATAN BHAI
2668,01/05/2026,946,MANIBHADRA TRADELINK,V R PAWAR SAREES,8112 ,KANAK CREATIVE ART,540754,5,,1375,2,2,-137.5,1375,6875,5,343.61,7215.86,0739471,136,J.D.LOGISTICS,RATAN BHAI
2669,01/05/2026,946,MANIBHADRA TRADELINK,V R PAWAR SAREES,8073  ,KANAK CREATIVE ART,540754,5,,1195,2,2,-119.5,1195,5975,5,298.63,6271.24,0739471,136,J.D.LOGISTICS,RATAN BHAI
2670,01/05/2026,946,MANIBHADRA TRADELINK,V R PAWAR SAREES,8082,KANAK CREATIVE ART,540754,5,,1340,2,2,-134,1340,6700,5,334.87,7032.19,0739471,136,J.D.LOGISTICS,RATAN BHAI
2671,01/05/2026,946,MANIBHADRA TRADELINK,V R PAWAR SAREES,8086  ,KANAK CREATIVE ART,540754,5,,1280,2,2,-128,1280,6400,5,319.87,6717.31,0739471,136,J.D.LOGISTICS,RATAN BHAI
2672,01/05/2026,946,MANIBHADRA TRADELINK,V R PAWAR SAREES,8106,KANAK CREATIVE ART,540754,5,,1255,2,2,-125.5,1255,6275,5,313.62,6586.11,0739471,136,J.D.LOGISTICS,RATAN BHAI
2673,01/05/2026,947,MANIBHADRA TRADELINK,V R PAWAR SAREES,8080,KANAK CREATIVE ART,540754,5,,1455,2,2,-145.5,1455,7275,5,363.6,7635.69,0739470,137,J.D.LOGISTICS,RATAN BHAI
2674,01/05/2026,947,MANIBHADRA TRADELINK,V R PAWAR SAREES,8063,KANAK CREATIVE ART,540754,5,,1310,2,2,-131,1310,6550,5,327.37,6874.75,0739470,137,J.D.LOGISTICS,RATAN BHAI
2675,01/05/2026,947,MANIBHADRA TRADELINK,V R PAWAR SAREES,8107,KANAK CREATIVE ART,540754,5,,1195,2,2,-119.5,1195,5975,5,298.63,6271.24,0739470,137,J.D.LOGISTICS,RATAN BHAI
2676,01/05/2026,947,MANIBHADRA TRADELINK,V R PAWAR SAREES,8089  ,KANAK CREATIVE ART,540754,5,,1250,2,2,-125,1250,6250,5,312.38,6559.88,0739470,137,J.D.LOGISTICS,RATAN BHAI
2677,01/05/2026,947,MANIBHADRA TRADELINK,V R PAWAR SAREES,8065,KANAK CREATIVE ART,540754,5,,1330,2,2,-133,1330,6650,5,332.37,6979.71,0739470,137,J.D.LOGISTICS,RATAN BHAI
2678,01/05/2026,947,MANIBHADRA TRADELINK,V R PAWAR SAREES,8123,KANAK CREATIVE ART,540754,6,,1330,2,2,-159.6,1330,7980,5,398.84,8375.65,0739470,137,J.D.LOGISTICS,RATAN BHAI
2679,01/05/2026,947,MANIBHADRA TRADELINK,V R PAWAR SAREES,8122,KANAK CREATIVE ART,540754,5,,1440,2,2,-144,1440,7200,5,359.86,7556.98,0739470,137,J.D.LOGISTICS,RATAN BHAI
2680,01/05/2026,947,MANIBHADRA TRADELINK,V R PAWAR SAREES,7898,KANAK CREATIVE ART,540754,5,,1205,2,2,-120.5,1205,6025,5,301.13,6323.72,0739470,137,J.D.LOGISTICS,RATAN BHAI
2681,01/05/2026,947,MANIBHADRA TRADELINK,V R PAWAR SAREES,7321  ,KANAK CREATIVE ART,540754,4,,1170,2,2,-93.6,1170,4680,5,233.91,4912.04,0739470,137,J.D.LOGISTICS,RATAN BHAI
2682,01/05/2026,947,MANIBHADRA TRADELINK,V R PAWAR SAREES,8117,KANAK CREATIVE ART,540754,5,,1305,2,2,-130.5,1305,6525,5,326.12,6848.51,0739470,137,J.D.LOGISTICS,RATAN BHAI
2683,01/05/2026,948,MANIBHADRA TRADELINK,V R PAWAR SAREES,8119,KANAK CREATIVE ART,540754,5,,1435,2,2,-143.5,1435,7175,5,358.61,7530.74,0739469,138,J.D.LOGISTICS,RATAN BHAI
2684,01/05/2026,948,MANIBHADRA TRADELINK,V R PAWAR SAREES,8120,KANAK CREATIVE ART,540754,5,,1305,2,2,-130.5,1305,6525,5,326.12,6848.51,0739469,138,J.D.LOGISTICS,RATAN BHAI
2685,01/05/2026,948,MANIBHADRA TRADELINK,V R PAWAR SAREES,7969,KANAK CREATIVE ART,540754,5,,1315,2,2,-131.5,1315,6575,5,328.62,6900.99,0739469,138,J.D.LOGISTICS,RATAN BHAI
2686,01/05/2026,948,MANIBHADRA TRADELINK,V R PAWAR SAREES,8018,KANAK CREATIVE ART,540754,5,,1370,2,2,-137,1370,6850,5,342.36,7189.62,0739469,138,J.D.LOGISTICS,RATAN BHAI
2687,01/05/2026,948,MANIBHADRA TRADELINK,V R PAWAR SAREES,8103,KANAK CREATIVE ART,540754,5,,1335,2,2,-133.5,1335,6675,5,333.62,7005.95,0739469,138,J.D.LOGISTICS,RATAN BHAI
2688,01/05/2026,948,MANIBHADRA TRADELINK,V R PAWAR SAREES,8072,KANAK CREATIVE ART,540754,5,,1315,2,2,-131.5,1315,6575,5,328.62,6900.99,0739469,138,J.D.LOGISTICS,RATAN BHAI
2689,01/05/2026,948,MANIBHADRA TRADELINK,V R PAWAR SAREES,8130,KANAK CREATIVE ART,540754,5,,1635,2,2,-163.5,1635,8175,5,408.59,8580.32,0739469,138,J.D.LOGISTICS,RATAN BHAI
2690,01/05/2026,948,MANIBHADRA TRADELINK,V R PAWAR SAREES,8116,KANAK CREATIVE ART,540754,4,,1570,2,2,-125.6,1570,6280,5,313.87,6591.36,0739469,138,J.D.LOGISTICS,RATAN BHAI
2691,01/05/2026,948,MANIBHADRA TRADELINK,V R PAWAR SAREES,8047  ,KANAK CREATIVE ART,540754,4,,1475,2,2,-118,1475,5900,5,294.88,6192.52,0739469,138,J.D.LOGISTICS,RATAN BHAI
2692,01/05/2026,948,MANIBHADRA TRADELINK,V R PAWAR SAREES,8115,KANAK CREATIVE ART,540754,5,,1410,2,2,-141,1410,7050,5,352.36,7399.54,0739469,138,J.D.LOGISTICS,RATAN BHAI
2693,01/05/2026,948,MANIBHADRA TRADELINK,V R PAWAR SAREES,8038  ,KANAK CREATIVE ART,540754,5,,785,2,2,-78.5,785,3925,5,196.17,4119.6,0739469,138,J.D.LOGISTICS,RATAN BHAI
2694,01/05/2026,949,MANIBHADRA TRADELINK,V R PAWAR SAREES,NEW GANGA,SAI CREATION,540754,80,,285,2,2,-456,285,22800,5,1139.54,23930.42,0739235,411,J.D.LOGISTICS,AMAR BHAI
2695,01/05/2026,950,MANIBHADRA TRADELINK,V R PAWAR SAREES,NEW GANGA,SAI CREATION,540754,80,,285,2,2,-456,285,22800,5,1139.54,23930.42,0739237,415,J.D.LOGISTICS,AMAR BHAI
2696,01/05/2026,951,MANIBHADRA TRADELINK,V R PAWAR SAREES,NEW GANGA,SAI CREATION,540754,80,,285,2,2,-456,285,22800,5,1139.54,23930.42,0739236,414,J.D.LOGISTICS,AMAR BHAI
2697,01/05/2026,952,MANIBHADRA TRADELINK,V R PAWAR SAREES,NEW GANGA,SAI CREATION,540754,80,,285,2,2,-456,285,22800,5,1139.54,23930.42,0739233,412,J.D.LOGISTICS,AMAR BHAI
2698,01/05/2026,953,MANIBHADRA TRADELINK,V R PAWAR SAREES,NEW GANGA,SAI CREATION,540754,80,,285,2,2,-456,285,22800,5,1139.54,23930.42,0739234,413,J.D.LOGISTICS,AMAR BHAI
2699,01/05/2026,954,MANIBHADRA TRADELINK,V R PAWAR SAREES,FANCY TULSI 2,SAI AASHA,540754,6,,995,2,,,995,5970,5,304.47,6393.87,0739255,678,J.D.LOGISTICS,RATAN BHAI
2700,01/05/2026,954,MANIBHADRA TRADELINK,V R PAWAR SAREES,FANCY RAMIKA,SAI AASHA,540754,8,,1495,2,,,1495,11960,5,609.96,12809.16,0739255,678,J.D.LOGISTICS,RATAN BHAI
2701,01/05/2026,954,MANIBHADRA TRADELINK,V R PAWAR SAREES,FANCY SONA,SAI AASHA,540754,6,,1725,2,,,1725,10350,5,527.85,11084.85,0739255,678,J.D.LOGISTICS,RATAN BHAI
2702,01/05/2026,954,MANIBHADRA TRADELINK,V R PAWAR SAREES,FANCY TO TON,SAI AASHA,540754,6,,1325,2,,,1325,7950,5,405.45,8514.45,0739255,678,J.D.LOGISTICS,RATAN BHAI
2703,01/05/2026,954,MANIBHADRA TRADELINK,V R PAWAR SAREES,FANCY KUM KUM,SAI AASHA,540754,7,,1450,2,,,1450,10150,5,517.65,10870.65,0739255,678,J.D.LOGISTICS,RATAN BHAI
2704,01/05/2026,954,MANIBHADRA TRADELINK,V R PAWAR SAREES,AVNI GOLD,SAI AASHA,540754,6,,1165,2,,,1165,6990,5,356.49,7486.29,0739255,678,J.D.LOGISTICS,RATAN BHAI
2705,01/05/2026,954,MANIBHADRA TRADELINK,V R PAWAR SAREES,FANCY DUBAI DARK,SAI AASHA,540754,6,,1215,2,,,1215,7290,5,371.79,7807.59,0739255,678,J.D.LOGISTICS,RATAN BHAI
2706,01/05/2026,955,MANIBHADRA TRADELINK,V R PAWAR SAREES,7273 PEACH,VRAJGOPI CREATION,540754,1,,3995,2,4,-159.8,3995,3995,5,195.6,4107.5,BY HAND RATAN BHAI,955,J.D.LOGISTICS,RATAN BHAI
2707,02/05/2026,956,MANIBHADRA TRADELINK,V R PAWAR SAREES,ANANYA P8000,MANJUBAA CLOTHING,540754,5,,4345,2,2,-434.5,4345,21725,5,1085.82,22802.13,0739742,171,J.D.LOGISTICS,RATAN BHAI
2708,02/05/2026,956,MANIBHADRA TRADELINK,V R PAWAR SAREES,JIYANA 10000,MANJUBAA CLOTHING,540754,15,,4795,2,2,-1438.5,4795,71925,5,3594.81,75491.04,0739742,171,J.D.LOGISTICS,RATAN BHAI
2709,02/05/2026,957,MANIBHADRA TRADELINK,V R PAWAR SAREES,CHUNRI,SHYAM TEX,540754,50,,481,2,2,-481,481,24050,5,1202.02,25242.4,0739654,260,J.D.LOGISTICS,AMAR BHAI
2710,02/05/2026,957,MANIBHADRA TRADELINK,V R PAWAR SAREES,RAJ,SHYAM TEX,540754,30,,535,2,2,-321,535,16050,5,802.18,16845.76,0739654,260,J.D.LOGISTICS,AMAR BHAI
2711,02/05/2026,958,MANIBHADRA TRADELINK,V R PAWAR SAREES,2003,PARIS FASHION,540754,12,,1375,2,2,-330,1375,16500,5,824.67,17318.07,0739988,942,J.D.LOGISTICS,RISHIKESH
2712,02/05/2026,958,MANIBHADRA TRADELINK,V R PAWAR SAREES,461  ,PARIS FASHION,540754,4,,2375,2,2,-190,2375,9500,5,474.81,9971.01,0739988,942,J.D.LOGISTICS,RISHIKESH
2713,02/05/2026,958,MANIBHADRA TRADELINK,V R PAWAR SAREES,560,PARIS FASHION,630790,4,,2225,2,2,-178,2225,8900,18,1601.36,10497.8,0739988,942,J.D.LOGISTICS,RISHIKESH
2714,02/05/2026,958,MANIBHADRA TRADELINK,V R PAWAR SAREES,260   ,PARIS FASHION,540754,8,,1490,2,2,-238.4,1490,11920,5,595.76,12510.99,0739988,942,J.D.LOGISTICS,RISHIKESH
2715,02/05/2026,958,MANIBHADRA TRADELINK,V R PAWAR SAREES,2193,PARIS FASHION,540754,10,,2325,2,2,-465,2325,23250,5,1162.04,24402.74,0739988,942,J.D.LOGISTICS,RISHIKESH
2716,02/05/2026,959,MANIBHADRA TRADELINK,V R PAWAR SAREES,467  ,PARIS FASHION,540754,3,,2275,2,2,-136.5,2275,6825,5,341.11,7163.38,0739989,941,J.D.LOGISTICS,RISHIKESH
2717,02/05/2026,959,MANIBHADRA TRADELINK,V R PAWAR SAREES,1667,PARIS FASHION,540754,12,,1390,2,2,-333.6,1390,16680,5,833.67,17507,0739989,941,J.D.LOGISTICS,RISHIKESH
2718,02/05/2026,959,MANIBHADRA TRADELINK,V R PAWAR SAREES,1772,PARIS FASHION,540754,5,,1525,2,2,-152.5,1525,7625,5,381.1,8003.05,0739989,941,J.D.LOGISTICS,RISHIKESH
2719,02/05/2026,959,MANIBHADRA TRADELINK,V R PAWAR SAREES,1666,PARIS FASHION,540754,12,,1390,2,2,-333.6,1390,16680,5,833.67,17507,0739989,941,J.D.LOGISTICS,RISHIKESH
2720,02/05/2026,959,MANIBHADRA TRADELINK,V R PAWAR SAREES,663  ,PARIS FASHION,540754,6,,1490,2,2,-178.8,1490,8940,5,446.82,9383.24,0739989,941,J.D.LOGISTICS,RISHIKESH
2721,02/05/2026,960,MANIBHADRA TRADELINK,V R PAWAR SAREES,GORILI ZALL,SAI DESIGNER CREATIVE,540754,4,,1475,2,,,1475,5900,5,300.9,6318.9,0740131,653,J.D.LOGISTICS,RATAN BHAI
2722,02/05/2026,960,MANIBHADRA TRADELINK,V R PAWAR SAREES,MISHWA ZALL,SAI DESIGNER CREATIVE,540754,4,,1525,2,,,1525,6100,5,311.1,6533.1,0740131,653,J.D.LOGISTICS,RATAN BHAI
2723,02/05/2026,960,MANIBHADRA TRADELINK,V R PAWAR SAREES,ANANTE,SAI DESIGNER CREATIVE,540754,6,,975,2,,,975,5850,5,298.35,6265.35,0740131,653,J.D.LOGISTICS,RATAN BHAI
2724,02/05/2026,960,MANIBHADRA TRADELINK,V R PAWAR SAREES,GLOBAL,SAI DESIGNER CREATIVE,540754,5,,695,2,,,695,3475,5,177.23,3721.73,0740131,653,J.D.LOGISTICS,RATAN BHAI
2725,02/05/2026,960,MANIBHADRA TRADELINK,V R PAWAR SAREES,SPIDEY,SAI DESIGNER CREATIVE,540754,5,,735,2,,,735,3675,5,187.43,3935.93,0740131,653,J.D.LOGISTICS,RATAN BHAI
2726,02/05/2026,961,MANIBHADRA TRADELINK,V R PAWAR SAREES,BMW DIGITAL,SANJYOTI EXCLUSIVES,540754,130,,215,2,2,-559,215,27950,5,1396.94,29335.76,0739840,501,J.D.LOGISTICS,AMAR BHAI
2727,02/05/2026,962,MANIBHADRA TRADELINK,V R PAWAR SAREES,BMW DIGITAL,SANJYOTI EXCLUSIVES,540754,130,,215,2,2,-559,215,27950,5,1396.94,29335.76,0739841,502,J.D.LOGISTICS,AMAR BHAI
2728,04/05/2026,963,MANIBHADRA TRADELINK,V R PAWAR SAREES,B VT 12993,BHAGYASHREE TEXTLIE,540754,44,0,931,2,2,-819.28,931,40964,5,2047.38,42994.99,0739941,387,J.D.LOGISTICS,RATAN BHAI
2729,04/05/2026,964,MANIBHADRA TRADELINK,V R PAWAR SAREES,GINNY DYBLE,SAI DESIGNER CREATIVE,540754,10,0,2285,2,,,2285,22850,5,1165.35,24472.35,0740132,655,J.D.LOGISTICS,RATAN BHAI
2730,04/05/2026,964,MANIBHADRA TRADELINK,V R PAWAR SAREES,GARBA DYBLE,SAI DESIGNER CREATIVE,540754,10,0,2285,2,,,2285,22850,5,1165.35,24472.35,0740132,655,J.D.LOGISTICS,RATAN BHAI
2731,04/05/2026,965,MANIBHADRA TRADELINK,V R PAWAR SAREES,11609,MAHAVIR CREATION,540754,12,0,814,2,2,-195.36,814,9768,5,488.2,10252.29,0739942,380,J.D.LOGISTICS,RATAN BHAI
2732,04/05/2026,965,MANIBHADRA TRADELINK,V R PAWAR SAREES,11606,MAHAVIR CREATION,540754,12,0,981,2,2,-235.44,981,11772,5,588.36,12355.65,0739942,380,J.D.LOGISTICS,RATAN BHAI
2733,04/05/2026,965,MANIBHADRA TRADELINK,V R PAWAR SAREES,5227,MAHAVIR CREATION,540754,18,0,831,2,2,-299.16,831,14958,5,747.6,15699.62,0739942,380,J.D.LOGISTICS,RATAN BHAI
2734,04/05/2026,965,MANIBHADRA TRADELINK,V R PAWAR SAREES,11619,MAHAVIR CREATION,540754,6,0,1051,2,2,-126.12,1051,6306,5,315.17,6618.65,0739942,380,J.D.LOGISTICS,RATAN BHAI
2735,04/05/2026,966,MANIBHADRA TRADELINK,V R PAWAR SAREES,PRIYA 3,HITESH NX,540754,10,0,850,2,2,-170,850,8500,5,424.83,8921.43,0739986,1803,J.D.LOGISTICS,RATAN BHAI
2736,04/05/2026,966,MANIBHADRA TRADELINK,V R PAWAR SAREES,PRIYA 4,HITESH NX,540754,10,0,850,2,2,-170,850,8500,5,424.83,8921.43,0739986,1803,J.D.LOGISTICS,RATAN BHAI
2737,04/05/2026,966,MANIBHADRA TRADELINK,V R PAWAR SAREES,DUNIYA 2,HITESH NX,540754,10,0,795,2,2,-159,795,7950,5,397.34,8344.16,0739986,1803,J.D.LOGISTICS,RATAN BHAI
2738,04/05/2026,966,MANIBHADRA TRADELINK,V R PAWAR SAREES,LAL,HITESH NX,540754,8,0,690,2,2,-110.4,690,5520,5,275.89,5793.68,0739986,1803,J.D.LOGISTICS,RATAN BHAI
2739,04/05/2026,966,MANIBHADRA TRADELINK,V R PAWAR SAREES,SUN 2,HITESH NX,540754,8,0,625,2,2,-100,625,5000,5,249.9,5247.9,0739986,1803,J.D.LOGISTICS,RATAN BHAI
2740,04/05/2026,966,MANIBHADRA TRADELINK,V R PAWAR SAREES,MOR PANDADI 2,HITESH NX,540754,6,0,950,2,2,-114,950,5700,5,284.89,5982.61,0739986,1803,J.D.LOGISTICS,RATAN BHAI
2741,04/05/2026,966,MANIBHADRA TRADELINK,V R PAWAR SAREES,CHOCOLATE PANDADI,HITESH NX,540754,5,0,990,2,2,-99,990,4950,5,247.4,5195.42,0739986,1803,J.D.LOGISTICS,RATAN BHAI
2742,04/05/2026,967,MANIBHADRA TRADELINK,V R PAWAR SAREES,SOAN PAKHRU FOIL,SARADA SILK MILLS,540754,32,0,405,2,5,-648,405,12960,5,627.91,13186.15,0740348,59,J.D.LOGISTICS,AMAR BHAI
2743,04/05/2026,967,MANIBHADRA TRADELINK,V R PAWAR SAREES,SARVOTTAM NX,SARADA SILK MILLS,540754,32,0,405,2,5,-648,405,12960,5,627.91,13186.15,0740348,59,J.D.LOGISTICS,AMAR BHAI
2744,04/05/2026,967,MANIBHADRA TRADELINK,V R PAWAR SAREES,PEACOCK NX,SARADA SILK MILLS,540754,30,0,360,2,5,-540,360,10800,5,523.26,10988.46,0740348,59,J.D.LOGISTICS,AMAR BHAI
2745,04/05/2026,967,MANIBHADRA TRADELINK,V R PAWAR SAREES,RAJWADI BANDHEJ FOIL,SARADA SILK MILLS,540754,66,0,400,2,5,-1320,400,26400,5,1279.08,26860.68,0740348,59,J.D.LOGISTICS,AMAR BHAI
2746,04/05/2026,968,MANIBHADRA TRADELINK,V R PAWAR SAREES,CHANDERI SILK,RIDDHI FASHIONS,540754,64,0,325,2,2,-416,325,20800,5,1039.58,21831.26,0740239,759,J.D.LOGISTICS,AMAR BHAI
2747,05/05/2026,969,MANIBHADRA TRADELINK,V R PAWAR SAREES,VT 4944,JAINAM CREATION,540754,18,0,931,2,2,-335.16,931,16758,5,837.57,17588.87,PACK WITH BILL NO MT-970,702,J.D.LOGISTICS,RATAN BHAI
2748,05/05/2026,970,MANIBHADRA TRADELINK,V R PAWAR SAREES,B VT 12991,BHAGYASHREE TEXTLIE,540754,36,0,846,2,2,-609.12,846,30456,5,1522.19,31966.01,0740762,394,J.D.LOGISTICS,RATAN BHAI
2749,05/05/2026,971,MANIBHADRA TRADELINK,V R PAWAR SAREES,PANT PAIR,PADMAVATI CREATION,540754,104,0,500,2,2,-1040,500,52000,5,2598.96,54578.16,0740957,65,J.D.LOGISTICS,GURU BHAI
2750,06/05/2026,972,MANIBHADRA TRADELINK,V R PAWAR SAREES,7139,VRAJGOPI CREATION,540754,1,0,9495,2,4,-379.8,9495,9495,5,464.88,9762.39,0741050,1652,J.D.LOGISTICS,RATAN BHAI
2751,06/05/2026,972,MANIBHADRA TRADELINK,V R PAWAR SAREES,7766,VRAJGOPI CREATION,540754,1,0,6495,2,4,-259.8,6495,6495,5,318,6677.91,0741050,1652,J.D.LOGISTICS,RATAN BHAI
2752,06/05/2026,972,MANIBHADRA TRADELINK,V R PAWAR SAREES,5334,VRAJGOPI CREATION,540754,2,0,4195,2,4,-335.6,4195,8390,5,410.77,8626.26,0741050,1652,J.D.LOGISTICS,RATAN BHAI
2753,06/05/2026,973,MANIBHADRA TRADELINK,V R PAWAR SAREES,BMW DIGITAL,SANJYOTI EXCLUSIVES,540754,130,0,215,2,2,-559,215,27950,5,1396.94,29335.76,0740737,547,J.D.LOGISTICS,AMAR BHAI
2754,06/05/2026,974,MANIBHADRA TRADELINK,V R PAWAR SAREES,BMW DIGITAL,SANJYOTI EXCLUSIVES,540754,130,0,215,2,2,-559,215,27950,5,1396.94,29335.76,0740738,548,J.D.LOGISTICS,AMAR BHAI
2755,06/05/2026,975,MANIBHADRA TRADELINK,V R PAWAR SAREES,BMW DIGITAL,SANJYOTI EXCLUSIVES,540754,130,0,215,2,2,-559,215,27950,5,1396.94,29335.76,0741002,546,J.D.LOGISTICS,AMAR BHAI
2756,06/05/2026,976,MANIBHADRA TRADELINK,V R PAWAR SAREES,ROYAL BANDHEJ,MANGALAM PRINTS,540754,72,0,435,2,2,-626.4,435,31320,5,1565.37,32872.84,0740724,565,J.D.LOGISTICS,AMAR BHAI
2757,06/05/2026,977,MANIBHADRA TRADELINK,V R PAWAR SAREES,ROYAL BANDHEJ,MANGALAM PRINTS,540754,72,0,435,2,2,-626.4,435,31320,5,1565.37,32872.84,0740721,566,J.D.LOGISTICS,AMAR BHAI
2758,06/05/2026,978,MANIBHADRA TRADELINK,V R PAWAR SAREES,KING BRASSO,MANGALAM PRINTS,540754,72,0,570,2,2,-820.8,570,41040,5,2051.18,43074.76,0740728,568,J.D.LOGISTICS,AMAR BHAI
2759,06/05/2026,979,MANIBHADRA TRADELINK,V R PAWAR SAREES,KING BRASSO,MANGALAM PRINTS,540754,72,0,570,2,2,-820.8,570,41040,5,2051.18,43074.76,0740727,569,J.D.LOGISTICS,AMAR BHAI
2760,06/05/2026,980,MANIBHADRA TRADELINK,V R PAWAR SAREES,KING BRASSO,MANGALAM PRINTS,540754,72,0,570,2,2,-820.8,570,41040,5,2051.18,43074.76,0740726,570,J.D.LOGISTICS,AMAR BHAI
2761,06/05/2026,981,MANIBHADRA TRADELINK,V R PAWAR SAREES,DHURANDHAR,SHREE VALLI SAREES,540754,60,0,451,2,2,-541.2,451,27060,5,1352.46,28401.64,0740965,1445,J.D.LOGISTICS,AMAR BHAI
2762,06/05/2026,981,MANIBHADRA TRADELINK,V R PAWAR SAREES,GOOD NEWS,SHREE VALLI SAREES,540754,12,0,599,2,2,-143.76,599,7188,5,359.26,7544.38,0740965,1445,J.D.LOGISTICS,AMAR BHAI
2763,06/05/2026,982,MANIBHADRA TRADELINK,V R PAWAR SAREES,BHAGBAN NX,SHREE VALLI SAREES,540754,60,0,621,2,2,-745.2,621,37260,5,1862.26,39107.36,0740962,1442,J.D.LOGISTICS,AMAR BHAI
2764,06/05/2026,982,MANIBHADRA TRADELINK,V R PAWAR SAREES,KRITIKA,SHREE VALLI SAREES,540754,12,0,791,2,2,-189.84,791,9492,5,474.41,9962.61,0740962,1442,J.D.LOGISTICS,AMAR BHAI
2765,06/05/2026,983,MANIBHADRA TRADELINK,V R PAWAR SAREES,KABIRA,SHREE VALLI SAREES,540754,36,0,725,2,2,-522,725,26100,5,1304.48,27394.04,0740963,1444,J.D.LOGISTICS,AMAR BHAI
2766,06/05/2026,983,MANIBHADRA TRADELINK,V R PAWAR SAREES,GANGA KUNJ,SHREE VALLI SAREES,540754,12,0,790,2,2,-189.6,790,9480,5,473.81,9950.02,0740963,1444,J.D.LOGISTICS,AMAR BHAI
2767,06/05/2026,983,MANIBHADRA TRADELINK,V R PAWAR SAREES,BINNY,SHREE VALLI SAREES,540754,24,0,395,2,2,-189.6,395,9480,5,473.81,9950.02,0740963,1444,J.D.LOGISTICS,AMAR BHAI
2768,06/05/2026,984,MANIBHADRA TRADELINK,V R PAWAR SAREES,MAHABALI,SHREE VALLI SAREES,540754,24,0,761,2,2,-365.28,761,18264,5,912.83,19169.52,0740964,1443,J.D.LOGISTICS,AMAR BHAI
2769,06/05/2026,984,MANIBHADRA TRADELINK,V R PAWAR SAREES,VIHAANA NX,SHREE VALLI SAREES,540754,24,0,795,2,2,-381.6,795,19080,5,953.62,20025.99,0740964,1443,J.D.LOGISTICS,AMAR BHAI
2770,06/05/2026,984,MANIBHADRA TRADELINK,V R PAWAR SAREES,FLY ZONE,SHREE VALLI SAREES,540754,12,0,855,2,2,-205.2,855,10260,5,512.8,10768.7,0740964,1443,J.D.LOGISTICS,AMAR BHAI
2771,06/05/2026,984,MANIBHADRA TRADELINK,V R PAWAR SAREES,CHARVI,SHREE VALLI SAREES,540754,12,0,735,2,2,-176.4,735,8820,5,440.82,9257.29,0740964,1443,J.D.LOGISTICS,AMAR BHAI
2772,06/05/2026,985,MANIBHADRA TRADELINK,V R PAWAR SAREES,NISHI BRASO,MANGALAM PRINTS,540754,72,0,620,2,2,-892.8,620,44640,5,2231.11,46853.25,0740723,571,J.D.LOGISTICS,AMAR BHAI
2773,07/05/2026,986,MANIBHADRA TRADELINK,V R PAWAR SAREES,KOTA CHEKS,S M FASHION,540754,24,0,450,2,2,-216,450,10800,5,539.78,11335.46,0741088,113,J.D.LOGISTICS,AMAR BHAI
2774,07/05/2026,986,MANIBHADRA TRADELINK,V R PAWAR SAREES,SHAHI SILK,S M FASHION,540754,141,0,370,2,2,-1043.4,370,52170,5,2607.46,54756.59,0741088,113,J.D.LOGISTICS,AMAR BHAI
2775,07/05/2026,986,MANIBHADRA TRADELINK,V R PAWAR SAREES,GRANDEUR,S M FASHION,540754,35,0,580,2,2,-406,580,20300,5,1014.59,21306.47,0741088,113,J.D.LOGISTICS,AMAR BHAI
2776,07/05/2026,986,MANIBHADRA TRADELINK,V R PAWAR SAREES,KANJIVARAM,S M FASHION,540754,24,0,640,2,2,-307.2,640,15360,5,767.69,16121.55,0741088,113,J.D.LOGISTICS,AMAR BHAI
2777,07/05/2026,987,MANIBHADRA TRADELINK,V R PAWAR SAREES,8101,UNITY CREATION,540754,10,0,355,2,4,-142,355,3550,5,173.81,3649.97,0741157,696,J.D.LOGISTICS,AMAR BHAI
2778,07/05/2026,987,MANIBHADRA TRADELINK,V R PAWAR SAREES,8111,UNITY CREATION,540754,2,0,355,2,4,-28.4,355,710,5,34.76,729.99,0741157,696,J.D.LOGISTICS,AMAR BHAI
2779,07/05/2026,987,MANIBHADRA TRADELINK,V R PAWAR SAREES,8112 ,UNITY CREATION,540754,20,0,355,2,4,-284,355,7100,5,347.62,7299.94,0741157,696,J.D.LOGISTICS,AMAR BHAI
2780,07/05/2026,987,MANIBHADRA TRADELINK,V R PAWAR SAREES,8055,UNITY CREATION,540754,50,0,355,2,4,-710,355,17750,5,869.04,18249.84,0741157,696,J.D.LOGISTICS,AMAR BHAI
2781,07/05/2026,987,MANIBHADRA TRADELINK,V R PAWAR SAREES,8056,UNITY CREATION,540754,50,0,355,2,4,-710,355,17750,5,869.04,18249.84,0741157,696,J.D.LOGISTICS,AMAR BHAI
2782,07/05/2026,987,MANIBHADRA TRADELINK,V R PAWAR SAREES,8005,UNITY CREATION,540754,50,0,355,2,4,-710,355,17750,5,869.04,18249.84,0741157,696,J.D.LOGISTICS,AMAR BHAI
2783,07/05/2026,987,MANIBHADRA TRADELINK,V R PAWAR SAREES,8113,UNITY CREATION,540754,10,0,355,2,4,-142,355,3550,5,173.81,3649.97,0741157,696,J.D.LOGISTICS,AMAR BHAI
2784,07/05/2026,987,MANIBHADRA TRADELINK,V R PAWAR SAREES,8114,UNITY CREATION,540754,10,0,355,2,4,-142,355,3550,5,173.81,3649.97,0741157,696,J.D.LOGISTICS,AMAR BHAI
2785,07/05/2026,987,MANIBHADRA TRADELINK,V R PAWAR SAREES,8120,UNITY CREATION,540754,10,0,355,2,4,-142,355,3550,5,173.81,3649.97,0741157,696,J.D.LOGISTICS,AMAR BHAI
2786,07/05/2026,988,MANIBHADRA TRADELINK,V R PAWAR SAREES,TOKICHA,MANGALAM PRINTS,540754,36,0,445,2,2,-320.4,445,16020,5,800.68,16814.27,0740953,573,J.D.LOGISTICS,AMAR BHAI
2787,07/05/2026,988,MANIBHADRA TRADELINK,V R PAWAR SAREES,SIMAR BRASSO,MANGALAM PRINTS,540754,36,0,475,2,2,-342,475,17100,5,854.66,17947.82,0740953,573,J.D.LOGISTICS,AMAR BHAI
2788,07/05/2026,989,MANIBHADRA TRADELINK,V R PAWAR SAREES,KALYANI BRASSO,MANGALAM PRINTS,540754,72,0,390,2,2,-561.6,390,28080,5,1403.44,29472.21,0740950,574,J.D.LOGISTICS,AMAR BHAI
2789,07/05/2026,990,MANIBHADRA TRADELINK,V R PAWAR SAREES,KALYANI BRASSO,MANGALAM PRINTS,540754,54,0,390,2,2,-421.2,390,21060,5,1052.58,22104.16,0740951,575,J.D.LOGISTICS,AMAR BHAI
2790,07/05/2026,990,MANIBHADRA TRADELINK,V R PAWAR SAREES,KALIKA,MANGALAM PRINTS,540754,18,0,430,2,2,-154.8,430,7740,5,386.85,8123.75,0740951,575,J.D.LOGISTICS,AMAR BHAI
2791,07/05/2026,991,MANIBHADRA TRADELINK,V R PAWAR SAREES,SHRIJAA,MANGALAM PRINTS,540754,36,0,520,2,2,-374.4,520,18720,5,935.63,19648.14,0740949,576,J.D.LOGISTICS,AMAR BHAI
2792,07/05/2026,991,MANIBHADRA TRADELINK,V R PAWAR SAREES,WHITE DIAMOND,MANGALAM PRINTS,540754,18,0,365,2,2,-131.4,365,6570,5,328.37,6895.74,0740949,576,J.D.LOGISTICS,AMAR BHAI
2793,07/05/2026,991,MANIBHADRA TRADELINK,V R PAWAR SAREES,BHAKTI,MANGALAM PRINTS,540754,18,0,395,2,2,-142.2,395,7110,5,355.36,7462.52,0740949,576,J.D.LOGISTICS,AMAR BHAI
2794,07/05/2026,992,MANIBHADRA TRADELINK,V R PAWAR SAREES,VIVAH,MANGALAM PRINTS,540754,18,0,460,2,2,-165.6,460,8280,5,413.83,8690.52,0740948,577,J.D.LOGISTICS,AMAR BHAI
2795,07/05/2026,992,MANIBHADRA TRADELINK,V R PAWAR SAREES,PREM SAGAR,MANGALAM PRINTS,540754,36,0,499,2,2,-359.28,499,17964,5,897.84,18854.65,0740948,577,J.D.LOGISTICS,AMAR BHAI
2796,07/05/2026,992,MANIBHADRA TRADELINK,V R PAWAR SAREES,GOLF LINK,MANGALAM PRINTS,540754,18,0,490,2,2,-176.4,490,8820,5,440.82,9257.29,0740948,577,J.D.LOGISTICS,AMAR BHAI
2797,07/05/2026,993,MANIBHADRA TRADELINK,V R PAWAR SAREES,SHRIJAA,MANGALAM PRINTS,540754,18,0,520,2,2,-187.2,520,9360,5,467.81,9824.07,0740947,578,J.D.LOGISTICS,AMAR BHAI
2798,07/05/2026,993,MANIBHADRA TRADELINK,V R PAWAR SAREES,LUCKY BRASSO,MANGALAM PRINTS,540754,54,0,680,2,2,-734.4,680,36720,5,1835.27,38540.58,0740947,578,J.D.LOGISTICS,AMAR BHAI
2799,07/05/2026,994,MANIBHADRA TRADELINK,V R PAWAR SAREES,MADHUNANDAN,MANGALAM PRINTS,540754,18,0,430,2,2,-154.8,430,7740,5,386.85,8123.75,0740952,579,J.D.LOGISTICS,AMAR BHAI
2800,07/05/2026,994,MANIBHADRA TRADELINK,V R PAWAR SAREES,MADHUSUDHAN,MANGALAM PRINTS,540754,18,0,410,2,2,-147.6,410,7380,5,368.85,7745.9,0740952,579,J.D.LOGISTICS,AMAR BHAI
2801,07/05/2026,994,MANIBHADRA TRADELINK,V R PAWAR SAREES,GOLF LINK,MANGALAM PRINTS,540754,18,0,490,2,2,-176.4,490,8820,5,440.82,9257.29,0740952,579,J.D.LOGISTICS,AMAR BHAI
2802,07/05/2026,994,MANIBHADRA TRADELINK,V R PAWAR SAREES,ROYAL BANDHEJ,MANGALAM PRINTS,540754,18,0,435,2,2,-156.6,435,7830,5,391.34,8218.21,0740952,579,J.D.LOGISTICS,AMAR BHAI
2803,07/05/2026,995,MANIBHADRA TRADELINK,V R PAWAR SAREES,CREMONA,MANGALAM PRINTS,540754,54,0,525,2,2,-567,525,28350,5,1416.93,29755.59,0740954,580,J.D.LOGISTICS,AMAR BHAI
2804,07/05/2026,995,MANIBHADRA TRADELINK,V R PAWAR SAREES,ROYAL BANDHEJ,MANGALAM PRINTS,540754,16,0,435,2,2,-139.2,435,6960,5,347.86,7305.08,0740954,580,J.D.LOGISTICS,AMAR BHAI
2805,07/05/2026,996,MANIBHADRA TRADELINK,V R PAWAR SAREES,SAIYAARA,MANGALAM PRINTS,540754,36,0,395,2,2,-284.4,395,14220,5,710.72,14925.03,0740946,581,J.D.LOGISTICS,AMAR BHAI
2806,07/05/2026,996,MANIBHADRA TRADELINK,V R PAWAR SAREES,INAYA,MANGALAM PRINTS,540754,36,0,435,2,2,-313.2,435,15660,5,782.69,16436.43,0740946,581,J.D.LOGISTICS,AMAR BHAI
2807,07/05/2026,997,MANIBHADRA TRADELINK,V R PAWAR SAREES,BHAKTI,MANGALAM PRINTS,540754,72,0,395,2,2,-568.8,395,28440,5,1421.43,29850.05,0740955,572,J.D.LOGISTICS,AMAR BHAI
2808,07/05/2026,998,MANIBHADRA TRADELINK,V R PAWAR SAREES,8003 RANI,VRAJGOPI CREATION,540754,1,0,9995,2,4,-399.8,9995,9995,5,489.36,10276.46,DELEVERY AT ALFA HOTEL BY HAND V R PAWAR,1687,BY HAND V R PAWAR,RATAN BHAI
2809,07/05/2026,999,MANIBHADRA TRADELINK,V R PAWAR SAREES,NAZAKAT,SANJYOTI EXCLUSIVES,540754,72,0,510,2,2,-734.4,510,36720,5,1835.27,38540.58,0741258,554,J.D.LOGISTICS,AMAR BHAI
2810,07/05/2026,1000,MANIBHADRA TRADELINK,V R PAWAR SAREES,AARNA,SANJYOTI EXCLUSIVES,540754,72,0,465,2,2,-669.6,465,33480,5,1673.33,35139.94,0741257,555,J.D.LOGISTICS,AMAR BHAI
2811,07/05/2026,1001,MANIBHADRA TRADELINK,V R PAWAR SAREES,VAMIKA,SANJYOTI EXCLUSIVES,540754,72,0,431,2,2,-620.64,431,31032,5,1550.98,32570.57,0741256,559,J.D.LOGISTICS,AMAR BHAI
2812,07/05/2026,1002,MANIBHADRA TRADELINK,V R PAWAR SAREES,PRATIMA SILK,SANJYOTI EXCLUSIVES,540754,72,0,475,2,2,-684,475,34200,5,1709.32,35895.64,0741259,556,J.D.LOGISTICS,AMAR BHAI
2813,07/05/2026,1003,MANIBHADRA TRADELINK,V R PAWAR SAREES,NAINA,SANJYOTI EXCLUSIVES,540754,72,0,570,2,2,-820.8,570,41040,5,2051.18,43074.76,0741255,558,J.D.LOGISTICS,AMAR BHAI
2814,07/05/2026,1004,MANIBHADRA TRADELINK,V R PAWAR SAREES,VARSHA ,SANJYOTI EXCLUSIVES,551511,72,0,455,2,2,-655.2,455,32760,5,1637.35,34384.25,0741254,560,J.D.LOGISTICS,AMAR BHAI
2815,07/05/2026,1005,MANIBHADRA TRADELINK,V R PAWAR SAREES,MELODY,SANJYOTI EXCLUSIVES,540754,72,0,611,2,2,-879.84,611,43992,5,2198.72,46173.12,,557,J.D.LOGISTICS,AMAR BHAI
2816,07/05/2026,1006,MANIBHADRA TRADELINK,V R PAWAR SAREES,DORIA SILK,S M FASHION,540754,68,0,400,2,2,-544,400,27200,5,1359.46,28548.58,0741090,114,J.D.LOGISTICS,AMAR BHAI
2817,07/05/2026,1007,MANIBHADRA TRADELINK,V R PAWAR SAREES,GOLD BEAUTY,S M FASHION,540754,97,0,560,2,2,-1086.4,560,54320,5,2714.91,57013.18,0741089,115,J.D.LOGISTICS,AMAR BHAI
2818,07/05/2026,1008,MANIBHADRA TRADELINK,V R PAWAR SAREES,TITLI PRINTS,NUPUR COLLECTION,540754,19,0,1395,2,5,-1325.25,1395,26505,5,1284.17,26967.52,0741006,134,J.D.LOGISTICS,AMAR BHAI
2819,07/05/2026,1008,MANIBHADRA TRADELINK,V R PAWAR SAREES,BEETLE PRINT,NUPUR COLLECTION,540754,3,0,1295,2,5,-194.25,1295,3885,5,188.23,3952.8,0741006,134,J.D.LOGISTICS,AMAR BHAI
2820,07/05/2026,1008,MANIBHADRA TRADELINK,V R PAWAR SAREES,MUSSORIE,NUPUR COLLECTION,540754,9,0,1190,2,5,-535.5,1190,10710,5,518.9,10896.89,0741006,134,J.D.LOGISTICS,AMAR BHAI
2821,07/05/2026,1008,MANIBHADRA TRADELINK,V R PAWAR SAREES,SIYAAN PRINTS,NUPUR COLLECTION,540754,10,0,1190,2,5,-595,1190,11900,5,576.56,12107.66,0741006,134,J.D.LOGISTICS,AMAR BHAI
2822,07/05/2026,1008,MANIBHADRA TRADELINK,V R PAWAR SAREES,TROPICAL PRINTS,NUPUR COLLECTION,540754,8,0,1190,2,5,-476,1190,9520,5,461.24,9686.12,0741006,134,J.D.LOGISTICS,AMAR BHAI
2823,07/05/2026,1008,MANIBHADRA TRADELINK,V R PAWAR SAREES,SOUMYA PRINTS,NUPUR COLLECTION,540754,3,0,1251,2,5,-187.65,1251,3753,5,181.83,3818.49,0741006,134,J.D.LOGISTICS,AMAR BHAI
2824,07/05/2026,1008,MANIBHADRA TRADELINK,V R PAWAR SAREES,TUSSER PRINTS,NUPUR COLLECTION,540754,9,0,1091,2,5,-490.95,1091,9819,5,475.73,9990.34,0741006,134,J.D.LOGISTICS,AMAR BHAI
2825,07/05/2026,1008,MANIBHADRA TRADELINK,V R PAWAR SAREES,AJRAK PRINT,NUPUR COLLECTION,540754,7,0,695,2,5,-243.25,695,4865,5,235.71,4949.9,0741006,134,J.D.LOGISTICS,AMAR BHAI
2826,07/05/2026,1008,MANIBHADRA TRADELINK,V R PAWAR SAREES,GINGER SILK,NUPUR COLLECTION,540754,7,0,1199,2,5,-419.65,1199,8393,5,406.64,8539.46,0741006,134,J.D.LOGISTICS,AMAR BHAI
2827,07/05/2026,1008,MANIBHADRA TRADELINK,V R PAWAR SAREES,PANTON PRINTS,NUPUR COLLECTION,540754,1,0,999,2,5,-49.95,999,999,5,48.4,1016.43,0741006,134,J.D.LOGISTICS,AMAR BHAI
2828,07/05/2026,1008,MANIBHADRA TRADELINK,V R PAWAR SAREES,YAMUNA PRINT,NUPUR COLLECTION,540754,19,0,1595,2,5,-1515.25,1595,30305,5,1468.28,30833.83,0741006,134,J.D.LOGISTICS,AMAR BHAI
2829,07/05/2026,1008,MANIBHADRA TRADELINK,V R PAWAR SAREES,SENTOSA SILK,NUPUR COLLECTION,540754,28,0,795,2,5,-1113,795,22260,5,1078.5,22648.44,0741006,134,J.D.LOGISTICS,AMAR BHAI
2830,07/05/2026,1008,MANIBHADRA TRADELINK,V R PAWAR SAREES,FIESTA SILK,NUPUR COLLECTION,540754,8,0,2599,2,5,-1039.6,2599,20792,5,1007.37,21154.82,0741006,134,J.D.LOGISTICS,AMAR BHAI
2831,07/05/2026,1008,MANIBHADRA TRADELINK,V R PAWAR SAREES,UNIQUE SILK,NUPUR COLLECTION,540754,4,0,2465,2,5,-493,2465,9860,5,477.72,10032.06,0741006,134,J.D.LOGISTICS,AMAR BHAI
2832,07/05/2026,1008,MANIBHADRA TRADELINK,V R PAWAR SAREES,PREMIUM SILK,NUPUR COLLECTION,540754,3,0,1599,2,5,-239.85,1599,4797,5,232.41,4880.7,0741006,134,J.D.LOGISTICS,AMAR BHAI
2833,07/05/2026,1008,MANIBHADRA TRADELINK,V R PAWAR SAREES,SABARMATI MIRROR SILK,NUPUR COLLECTION,540754,6,0,875,2,5,-262.5,875,5250,5,254.36,5341.61,0741006,134,J.D.LOGISTICS,AMAR BHAI
2834,07/05/2026,1008,MANIBHADRA TRADELINK,V R PAWAR SAREES,SAREE,NUPUR COLLECTION,540754,1,0,900,2,5,-45,900,900,5,43.61,915.71,0741006,134,J.D.LOGISTICS,AMAR BHAI
2835,07/05/2026,1009,MANIBHADRA TRADELINK,V R PAWAR SAREES,D 655,PARIS FASHION,540754,6,0,1690,2,2,-202.8,1690,10140,5,506.8,10642.74,0741705,1029,J.D.LOGISTICS,RISHIKESH
2836,07/05/2026,1009,MANIBHADRA TRADELINK,V R PAWAR SAREES,D 384,PARIS FASHION,540754,3,0,1825,2,2,-109.5,1825,5475,5,273.64,5746.45,0741705,1029,J.D.LOGISTICS,RISHIKESH
2837,07/05/2026,1009,MANIBHADRA TRADELINK,V R PAWAR SAREES,D 653,PARIS FASHION,540754,11,0,1690,2,2,-371.8,1690,18590,5,929.13,19511.69,0741705,1029,J.D.LOGISTICS,RISHIKESH
2838,07/05/2026,1009,MANIBHADRA TRADELINK,V R PAWAR SAREES,D 459,PARIS FASHION,540754,3,0,1760,2,2,-105.6,1760,5280,5,263.89,5541.78,0741705,1029,J.D.LOGISTICS,RISHIKESH
2839,07/05/2026,1009,MANIBHADRA TRADELINK,V R PAWAR SAREES,D 178,PARIS FASHION,540754,3,0,3760,2,2,-225.6,3760,11280,5,563.77,11839.26,0741705,1029,J.D.LOGISTICS,RISHIKESH
2840,07/05/2026,1009,MANIBHADRA TRADELINK,V R PAWAR SAREES,C 1679,PARIS FASHION,540754,4,0,1560,2,2,-124.8,1560,6240,5,311.88,6549.38,0741705,1029,J.D.LOGISTICS,RISHIKESH
2841,07/05/2026,1009,MANIBHADRA TRADELINK,V R PAWAR SAREES,C 1772,PARIS FASHION,540754,4,0,1525,2,2,-122,1525,6100,5,304.88,6402.44,0741705,1029,J.D.LOGISTICS,RISHIKESH
2842,07/05/2026,1009,MANIBHADRA TRADELINK,V R PAWAR SAREES,D 621,PARIS FASHION,540754,4,0,2490,2,2,-199.2,2490,9960,5,497.8,10453.82,0741705,1029,J.D.LOGISTICS,RISHIKESH
2843,07/05/2026,1009,MANIBHADRA TRADELINK,V R PAWAR SAREES,D 296,PARIS FASHION,540754,6,0,1690,2,2,-202.8,1690,10140,5,506.8,10642.74,0741705,1029,J.D.LOGISTICS,RISHIKESH
2844,07/05/2026,1010,MANIBHADRA TRADELINK,V R PAWAR SAREES,C 2084,PARIS FASHION,540754,3,0,1790,2,2,-107.4,1790,5370,5,268.39,5636.24,0741704,1030,J.D.LOGISTICS,RISHIKESH
2845,07/05/2026,1010,MANIBHADRA TRADELINK,V R PAWAR SAREES,C 1675,PARIS FASHION,540754,3,0,1560,2,2,-93.6,1560,4680,5,233.91,4912.04,0741704,1030,J.D.LOGISTICS,RISHIKESH
2846,07/05/2026,1010,MANIBHADRA TRADELINK,V R PAWAR SAREES,C 2168,PARIS FASHION,540754,2,0,1790,2,2,-71.6,1790,3580,5,178.93,3757.5,0741704,1030,J.D.LOGISTICS,RISHIKESH
2847,07/05/2026,1010,MANIBHADRA TRADELINK,V R PAWAR SAREES,C 2075,PARIS FASHION,540754,6,0,1595,2,2,-191.4,1595,9570,5,478.31,10044.48,0741704,1030,J.D.LOGISTICS,RISHIKESH
2848,07/05/2026,1010,MANIBHADRA TRADELINK,V R PAWAR SAREES,C 1770,PARIS FASHION,540754,7,0,1560,2,2,-218.4,1560,10920,5,545.78,11461.41,0741704,1030,J.D.LOGISTICS,RISHIKESH
2849,07/05/2026,1010,MANIBHADRA TRADELINK,V R PAWAR SAREES,C 2008,PARIS FASHION,540754,5,0,1540,2,2,-154,1540,7700,5,384.85,8081.77,0741704,1030,J.D.LOGISTICS,RISHIKESH
2850,07/05/2026,1010,MANIBHADRA TRADELINK,V R PAWAR SAREES,D 320,PARIS FASHION,540754,7,0,2650,2,2,-371,2650,18550,5,927.13,19469.71,0741704,1030,J.D.LOGISTICS,RISHIKESH
2851,07/05/2026,1010,MANIBHADRA TRADELINK,V R PAWAR SAREES,C 1794,PARIS FASHION,540754,4,0,1575,2,2,-126,1575,6300,5,314.87,6612.35,0741704,1030,J.D.LOGISTICS,RISHIKESH
2852,07/05/2026,1010,MANIBHADRA TRADELINK,V R PAWAR SAREES,P 1115,PARIS FASHION,540754,5,0,1590,2,2,-159,1590,7950,5,397.34,8344.16,0741704,1030,J.D.LOGISTICS,RISHIKESH
2853,07/05/2026,1010,MANIBHADRA TRADELINK,V R PAWAR SAREES,C 2076,PARIS FASHION,540754,3,0,1540,2,2,-92.4,1540,4620,5,230.91,4849.06,0741704,1030,J.D.LOGISTICS,RISHIKESH
2854,07/05/2026,1010,MANIBHADRA TRADELINK,V R PAWAR SAREES,D 482,PARIS FASHION,540754,2,0,1890,2,2,-75.6,1890,3780,5,188.92,3967.41,0741704,1030,J.D.LOGISTICS,RISHIKESH
2855,07/05/2026,1011,MANIBHADRA TRADELINK,V R PAWAR SAREES,D 513,PARIS FASHION,540754,4,0,2625,2,2,-210,2625,10500,5,524.79,11020.59,0741703,1031,J.D.LOGISTICS,RISHIKESH
2856,07/05/2026,1011,MANIBHADRA TRADELINK,V R PAWAR SAREES,C 1763,PARIS FASHION,540754,6,0,1340,2,2,-160.8,1340,8040,5,401.84,8438.62,0741703,1031,J.D.LOGISTICS,RISHIKESH
2857,07/05/2026,1011,MANIBHADRA TRADELINK,V R PAWAR SAREES,P 1115,PARIS FASHION,540754,4,0,1590,2,2,-127.2,1590,6360,5,317.87,6675.33,0741703,1031,J.D.LOGISTICS,RISHIKESH
2858,07/05/2026,1011,MANIBHADRA TRADELINK,V R PAWAR SAREES,C 2168,PARIS FASHION,540754,5,0,1790,2,2,-179,1790,8950,5,447.32,9393.74,0741703,1031,J.D.LOGISTICS,RISHIKESH
2859,07/05/2026,1011,MANIBHADRA TRADELINK,V R PAWAR SAREES,C 1679,PARIS FASHION,540754,3,0,1560,2,2,-93.6,1560,4680,5,233.91,4912.04,0741703,1031,J.D.LOGISTICS,RISHIKESH
2860,07/05/2026,1011,MANIBHADRA TRADELINK,V R PAWAR SAREES,D 483,PARIS FASHION,540754,3,0,1890,2,2,-113.4,1890,5670,5,283.39,5951.12,0741703,1031,J.D.LOGISTICS,RISHIKESH
2861,07/05/2026,1011,MANIBHADRA TRADELINK,V R PAWAR SAREES,C 2017,PARIS FASHION,540754,15,0,1495,2,2,-448.5,1495,22425,5,1120.8,23536.83,0741703,1031,J.D.LOGISTICS,RISHIKESH
2862,07/05/2026,1011,MANIBHADRA TRADELINK,V R PAWAR SAREES,C 1770,PARIS FASHION,540754,6,0,1560,2,2,-187.2,1560,9360,5,467.81,9824.07,0741703,1031,J.D.LOGISTICS,RISHIKESH
2863,07/05/2026,1012,MANIBHADRA TRADELINK,V R PAWAR SAREES,DHANUSHREE,WIPRO SAREE,540754,88,0,575,2,2,-1012,575,50600,5,2528.99,53108.75,0741074,285,J.D.LOGISTICS,AMAR BHAI
2864,07/05/2026,1013,MANIBHADRA TRADELINK,V R PAWAR SAREES,KANAK,WIPRO SAREE,540754,85,0,635,2,2,-1079.5,635,53975,5,2697.67,56651.08,0741077,286,J.D.LOGISTICS,AMAR BHAI
2865,07/05/2026,1014,MANIBHADRA TRADELINK,V R PAWAR SAREES,TANYA,WIPRO SAREE,540754,80,0,590,2,2,-944,590,47200,5,2359.06,49540.18,0741076,287,J.D.LOGISTICS,AMAR BHAI
2866,07/05/2026,1015,MANIBHADRA TRADELINK,V R PAWAR SAREES,TANYA,WIPRO SAREE,540754,67,0,590,2,2,-790.6,590,39530,5,1975.71,41489.9,0741080,288,J.D.LOGISTICS,AMAR BHAI
2867,07/05/2026,1015,MANIBHADRA TRADELINK,V R PAWAR SAREES,ANGOORI,WIPRO SAREE,540754,5,0,825,2,2,-82.5,825,4125,5,206.17,4329.52,0741080,288,J.D.LOGISTICS,AMAR BHAI
2868,07/05/2026,1015,MANIBHADRA TRADELINK,V R PAWAR SAREES,MADHURI,WIPRO SAREE,540754,6,0,730,2,2,-87.6,730,4380,5,218.91,4597.16,0741080,288,J.D.LOGISTICS,AMAR BHAI
2869,07/05/2026,1016,MANIBHADRA TRADELINK,V R PAWAR SAREES,AANANDI,WIPRO SAREE,540754,73,0,635,2,2,-927.1,635,46355,5,2316.82,48653.28,0741079,289,J.D.LOGISTICS,AMAR BHAI
2870,07/05/2026,1017,MANIBHADRA TRADELINK,V R PAWAR SAREES,AANANDI,WIPRO SAREE,540754,57,0,635,2,2,-723.9,635,36195,5,1809.03,37989.55,0741081,290,J.D.LOGISTICS,AMAR BHAI
2871,07/05/2026,1017,MANIBHADRA TRADELINK,V R PAWAR SAREES,ASHA,WIPRO SAREE,540754,23,0,825,2,2,-379.5,825,18975,5,948.37,19915.78,0741081,290,J.D.LOGISTICS,AMAR BHAI
2872,07/05/2026,1018,MANIBHADRA TRADELINK,V R PAWAR SAREES,MINAKSHI,WIPRO SAREE,540754,80,0,660,2,2,-1056,660,52800,5,2638.94,55417.82,0741075,291,J.D.LOGISTICS,AMAR BHAI
2873,07/05/2026,1019,MANIBHADRA TRADELINK,V R PAWAR SAREES,MINAKSHI,WIPRO SAREE,540754,24,0,660,2,2,-316.8,660,15840,5,791.68,16625.34,0741078,292,J.D.LOGISTICS,AMAR BHAI
2874,07/05/2026,1019,MANIBHADRA TRADELINK,V R PAWAR SAREES,KANAK,WIPRO SAREE,540754,18,0,635,2,2,-228.6,635,11430,5,571.27,11996.7,0741078,292,J.D.LOGISTICS,AMAR BHAI
2875,07/05/2026,1019,MANIBHADRA TRADELINK,V R PAWAR SAREES,DHANUSHREE,WIPRO SAREE,540754,25,0,575,2,2,-287.5,575,14375,5,718.46,15087.71,0741078,292,J.D.LOGISTICS,AMAR BHAI
2876,07/05/2026,1020,MANIBHADRA TRADELINK,V R PAWAR SAREES,VT 4668,JAINAM CREATION,540754,43,0,978,2,2,-841.08,978,42054,5,2101.86,44139.04,0741053,723,J.D.LOGISTICS,RATAN BHAI
2877,07/05/2026,1021,MANIBHADRA TRADELINK,V R PAWAR SAREES,B VT 12992,BHAGYASHREE TEXTLIE,540754,43,0,931,2,2,-800.66,931,40033,5,2000.85,42017.84,0741052,408,J.D.LOGISTICS,RATAN BHAI
2878,07/05/2026,1022,MANIBHADRA TRADELINK,V R PAWAR SAREES,SAIYAARA,MANGALAM PRINTS,540754,18,0,395,2,2,-142.2,395,7110,5,355.36,7462.52,0741114,597,J.D.LOGISTICS,AMAR BHAI
2879,07/05/2026,1022,MANIBHADRA TRADELINK,V R PAWAR SAREES,WHITE CHANDRAKOR,MANGALAM PRINTS,540754,18,0,365,2,2,-131.4,365,6570,5,328.37,6895.74,0741114,597,J.D.LOGISTICS,AMAR BHAI
2880,07/05/2026,1022,MANIBHADRA TRADELINK,V R PAWAR SAREES,IRA,MANGALAM PRINTS,540754,18,0,445,2,2,-160.2,445,8010,5,400.34,8407.14,0741114,597,J.D.LOGISTICS,AMAR BHAI
2881,07/05/2026,1022,MANIBHADRA TRADELINK,V R PAWAR SAREES,SUPER WHITE,MANGALAM PRINTS,540754,18,0,355,2,2,-127.8,355,6390,5,319.37,6706.81,0741114,597,J.D.LOGISTICS,AMAR BHAI
2882,08/05/2026,1023,MANIBHADRA TRADELINK,V R PAWAR SAREES,3384,UNITY CREATION,540754,10,0,400,2,4,-160,400,4000,5,195.84,4112.64,0741528,710,J.D.LOGISTICS,AMAR BHAI
2883,08/05/2026,1023,MANIBHADRA TRADELINK,V R PAWAR SAREES,3395,UNITY CREATION,540754,2,0,400,2,4,-32,400,800,5,39.17,822.53,0741528,710,J.D.LOGISTICS,AMAR BHAI
2884,08/05/2026,1023,MANIBHADRA TRADELINK,V R PAWAR SAREES,3396,UNITY CREATION,540754,10,0,400,2,4,-160,400,4000,5,195.84,4112.64,0741528,710,J.D.LOGISTICS,AMAR BHAI
2885,08/05/2026,1023,MANIBHADRA TRADELINK,V R PAWAR SAREES,3397,UNITY CREATION,540754,10,0,400,2,4,-160,400,4000,5,195.84,4112.64,0741528,710,J.D.LOGISTICS,AMAR BHAI
2886,08/05/2026,1023,MANIBHADRA TRADELINK,V R PAWAR SAREES,3398,UNITY CREATION,540754,2,0,400,2,4,-32,400,800,5,39.17,822.53,0741528,710,J.D.LOGISTICS,AMAR BHAI
2887,08/05/2026,1023,MANIBHADRA TRADELINK,V R PAWAR SAREES,3387,UNITY CREATION,540754,2,0,400,2,4,-32,400,800,5,39.17,822.53,0741528,710,J.D.LOGISTICS,AMAR BHAI
2888,08/05/2026,1023,MANIBHADRA TRADELINK,V R PAWAR SAREES,3388,UNITY CREATION,540754,2,0,400,2,4,-32,400,800,5,39.17,822.53,0741528,710,J.D.LOGISTICS,AMAR BHAI
2889,08/05/2026,1023,MANIBHADRA TRADELINK,V R PAWAR SAREES,3392,UNITY CREATION,540754,10,0,400,2,4,-160,400,4000,5,195.84,4112.64,0741528,710,J.D.LOGISTICS,AMAR BHAI
2890,08/05/2026,1023,MANIBHADRA TRADELINK,V R PAWAR SAREES,3389,UNITY CREATION,540754,10,0,400,2,4,-160,400,4000,5,195.84,4112.64,0741528,710,J.D.LOGISTICS,AMAR BHAI
2891,08/05/2026,1023,MANIBHADRA TRADELINK,V R PAWAR SAREES,3390,UNITY CREATION,540754,10,0,400,2,4,-160,400,4000,5,195.84,4112.64,0741528,710,J.D.LOGISTICS,AMAR BHAI
2892,08/05/2026,1023,MANIBHADRA TRADELINK,V R PAWAR SAREES,8106,UNITY CREATION,540754,30,0,355,2,4,-426,355,10650,5,521.42,10949.9,0741528,710,J.D.LOGISTICS,AMAR BHAI
2893,08/05/2026,1023,MANIBHADRA TRADELINK,V R PAWAR SAREES,8109 IKKAT SILK,UNITY CREATION,540754,30,0,355,2,4,-426,355,10650,5,521.42,10949.9,0741528,710,J.D.LOGISTICS,AMAR BHAI
2894,08/05/2026,1023,MANIBHADRA TRADELINK,V R PAWAR SAREES,8116,UNITY CREATION,540754,20,0,355,2,4,-284,355,7100,5,347.62,7299.94,0741528,710,J.D.LOGISTICS,AMAR BHAI
2895,08/05/2026,1023,MANIBHADRA TRADELINK,V R PAWAR SAREES,8110,UNITY CREATION,540754,10,0,355,2,4,-142,355,3550,5,173.81,3649.97,0741528,710,J.D.LOGISTICS,AMAR BHAI
2896,08/05/2026,1023,MANIBHADRA TRADELINK,V R PAWAR SAREES,SAANVI PINK,UNITY CREATION,540754,6,0,595,2,4,-142.8,595,3570,5,174.79,3670.53,0741528,710,J.D.LOGISTICS,AMAR BHAI
2897,08/05/2026,1023,MANIBHADRA TRADELINK,V R PAWAR SAREES,SUIT IKKAT SILK,UNITY CREATION,540754,2,0,355,2,4,-28.4,355,710,5,34.76,729.99,0741528,710,J.D.LOGISTICS,AMAR BHAI
2898,08/05/2026,1023,MANIBHADRA TRADELINK,V R PAWAR SAREES,SUIT TIP TOP,UNITY CREATION,540754,2,0,400,2,4,-32,400,800,5,39.17,822.53,0741528,710,J.D.LOGISTICS,AMAR BHAI
2899,08/05/2026,1023,MANIBHADRA TRADELINK,V R PAWAR SAREES,COLOR PLUS,UNITY CREATION,540754,16,0,525,2,4,-336,525,8400,5,411.26,8636.54,0741528,710,J.D.LOGISTICS,AMAR BHAI
2900,08/05/2026,1024,MANIBHADRA TRADELINK,V R PAWAR SAREES,URVASHI,MANVI CREATION,540754,72,0,625,2,2,-900,625,45000,5,2249.1,47231.1,0741206,617,J.D.LOGISTICS,AMAR BHAI
2901,08/05/2026,1025,MANIBHADRA TRADELINK,V R PAWAR SAREES,URVASHI,MANVI CREATION,540754,72,0,625,2,2,-900,625,45000,5,2249.1,47231.1,0741215,618,J.D.LOGISTICS,AMAR BHAI
2902,08/05/2026,1026,MANIBHADRA TRADELINK,V R PAWAR SAREES,URVASHI,MANVI CREATION,540754,72,0,625,2,2,-900,625,45000,5,2249.1,47231.1,0741218,619,J.D.LOGISTICS,AMAR BHAI
2903,08/05/2026,1027,MANIBHADRA TRADELINK,V R PAWAR SAREES,URVASHI,MANVI CREATION,540754,71,0,625,2,2,-887.5,625,44375,5,2217.86,46575.11,0741201,620,J.D.LOGISTICS,AMAR BHAI
2904,08/05/2026,1028,MANIBHADRA TRADELINK,V R PAWAR SAREES,KEYS,MANVI CREATION,540754,72,0,475,2,2,-684,475,34200,5,1709.32,35895.64,0741198,621,J.D.LOGISTICS,AMAR BHAI
2905,08/05/2026,1029,MANIBHADRA TRADELINK,V R PAWAR SAREES,MANU,MANVI CREATION,540754,73,0,425,2,2,-620.5,425,31025,5,1550.63,32563.22,0741217,622,J.D.LOGISTICS,AMAR BHAI
2906,08/05/2026,1030,MANIBHADRA TRADELINK,V R PAWAR SAREES,MANU,MANVI CREATION,540754,72,0,425,2,2,-612,425,30600,5,1529.39,32117.15,0741197,623,J.D.LOGISTICS,AMAR BHAI
2907,08/05/2026,1031,MANIBHADRA TRADELINK,V R PAWAR SAREES,RAJMUDRA,MANVI CREATION,540754,72,0,360,2,2,-518.4,360,25920,5,1295.48,27205.11,0741212,624,J.D.LOGISTICS,AMAR BHAI
2908,08/05/2026,1032,MANIBHADRA TRADELINK,V R PAWAR SAREES,RAJMUDRA,MANVI CREATION,540754,72,0,360,2,2,-518.4,360,25920,5,1295.48,27205.11,0741200,625,J.D.LOGISTICS,AMAR BHAI
2909,08/05/2026,1033,MANIBHADRA TRADELINK,V R PAWAR SAREES,NEELAM,MANVI CREATION,540754,72,0,360,2,2,-518.4,360,25920,5,1295.48,27205.11,0741205,626,J.D.LOGISTICS,AMAR BHAI
2910,08/05/2026,1034,MANIBHADRA TRADELINK,V R PAWAR SAREES,NEELAM,MANVI CREATION,540754,74,0,360,2,2,-532.8,360,26640,5,1331.47,27960.81,0741208,627,J.D.LOGISTICS,AMAR BHAI
2911,08/05/2026,1035,MANIBHADRA TRADELINK,V R PAWAR SAREES,NEELAM,MANVI CREATION,540754,72,0,360,2,2,-518.4,360,25920,5,1295.48,27205.11,0741213,628,J.D.LOGISTICS,AMAR BHAI
2912,08/05/2026,1036,MANIBHADRA TRADELINK,V R PAWAR SAREES,URVASHI,MANVI CREATION,540754,72,0,625,2,2,-900,625,45000,5,2249.1,47231.1,0741210,629,J.D.LOGISTICS,AMAR BHAI
2913,08/05/2026,1037,MANIBHADRA TRADELINK,V R PAWAR SAREES,VIRAJ,MANVI CREATION,540754,73,0,545,2,2,-795.7,545,39785,5,1988.45,41757.54,0741219,631,J.D.LOGISTICS,AMAR BHAI
2914,08/05/2026,1038,MANIBHADRA TRADELINK,V R PAWAR SAREES,GUJARISH SILK,MANVI CREATION,540754,72,0,525,2,2,-756,525,37800,5,1889.24,39674.12,0741204,632,J.D.LOGISTICS,AMAR BHAI
2915,08/05/2026,1039,MANIBHADRA TRADELINK,V R PAWAR SAREES,METRO,MANVI CREATION,540754,74,0,430,2,2,-636.4,430,31820,5,1590.36,33397.63,0741214,633,J.D.LOGISTICS,AMAR BHAI
2916,08/05/2026,1040,MANIBHADRA TRADELINK,V R PAWAR SAREES,METRO,MANVI CREATION,540754,72,0,430,2,2,-619.2,430,30960,5,1547.38,32495,0741202,634,J.D.LOGISTICS,AMAR BHAI
2917,08/05/2026,1041,MANIBHADRA TRADELINK,V R PAWAR SAREES,RAJSHIV,MANVI CREATION,540754,72,0,350,2,2,-504,350,25200,5,1259.5,26449.42,0741199,635,J.D.LOGISTICS,AMAR BHAI
2918,08/05/2026,1042,MANIBHADRA TRADELINK,V R PAWAR SAREES,RAJSHIV,MANVI CREATION,540754,72,0,350,2,2,-504,350,25200,5,1259.5,26449.42,0741196,636,J.D.LOGISTICS,AMAR BHAI
2919,08/05/2026,1043,MANIBHADRA TRADELINK,V R PAWAR SAREES,PAVITRA,MANVI CREATION,540754,73,0,315,2,2,-459.9,315,22995,5,1149.29,24135.09,0741209,643,J.D.LOGISTICS,AMAR BHAI
2920,08/05/2026,1044,MANIBHADRA TRADELINK,V R PAWAR SAREES,PAVITRA,MANVI CREATION,540754,72,0,315,2,2,-453.6,315,22680,5,1133.55,23804.48,0741203,644,J.D.LOGISTICS,AMAR BHAI
2921,08/05/2026,1045,MANIBHADRA TRADELINK,V R PAWAR SAREES,PAVITRA,MANVI CREATION,540754,73,0,315,2,2,-459.9,315,22995,5,1149.29,24135.09,0741211,645,J.D.LOGISTICS,AMAR BHAI
2922,08/05/2026,1046,MANIBHADRA TRADELINK,V R PAWAR SAREES,PAVITRA,MANVI CREATION,540754,73,0,315,2,2,-459.9,315,22995,5,1149.29,24135.09,0741207,646,J.D.LOGISTICS,AMAR BHAI
2923,08/05/2026,1047,MANIBHADRA TRADELINK,V R PAWAR SAREES,KIWI   ,MANVI CREATION,540754,72,0,380,2,2,-547.2,380,27360,5,1367.45,28716.51,0741216,647,J.D.LOGISTICS,AMAR BHAI
2924,08/05/2026,1048,MANIBHADRA TRADELINK,V R PAWAR SAREES,JHARNA,SANJYOTI EXCLUSIVES,540754,72,0,345,2,2,-496.8,345,24840,5,1241.5,26071.56,0741512,582,J.D.LOGISTICS,AMAR BHAI
2925,08/05/2026,1049,MANIBHADRA TRADELINK,V R PAWAR SAREES,SARITA COTTON,SANJYOTI EXCLUSIVES,540754,72,0,411,2,2,-591.84,411,29592,5,1479.01,31059.17,0741510,583,J.D.LOGISTICS,AMAR BHAI
2926,08/05/2026,1050,MANIBHADRA TRADELINK,V R PAWAR SAREES,PRIYANSHI,SHREE SAIKRUPA FASHION,540754,50,0,440,2,2,-440,440,22000,5,1099.56,23090.76,0741321,46,J.D.LOGISTICS,AMAR BHAI
2927,08/05/2026,1050,MANIBHADRA TRADELINK,V R PAWAR SAREES,GANESHJI BANDHANI,SHREE SAIKRUPA FASHION,540754,10,0,240,2,2,-48,240,2400,5,119.95,2518.99,0741321,46,J.D.LOGISTICS,AMAR BHAI
2928,08/05/2026,1050,MANIBHADRA TRADELINK,V R PAWAR SAREES,GANESHJI NARGIS,SHREE SAIKRUPA FASHION,540754,20,0,240,2,2,-96,240,4800,5,239.9,5037.98,0741321,46,J.D.LOGISTICS,AMAR BHAI
2929,08/05/2026,1050,MANIBHADRA TRADELINK,V R PAWAR SAREES,GANESHJI AFSANA,SHREE SAIKRUPA FASHION,540754,10,0,240,2,2,-48,240,2400,5,119.95,2518.99,0741321,46,J.D.LOGISTICS,AMAR BHAI
2930,08/05/2026,1050,MANIBHADRA TRADELINK,V R PAWAR SAREES,GANESHJI PANCHI,SHREE SAIKRUPA FASHION,540754,10,0,240,2,2,-48,240,2400,5,119.95,2518.99,0741321,46,J.D.LOGISTICS,AMAR BHAI
2931,08/05/2026,1051,MANIBHADRA TRADELINK,V R PAWAR SAREES,DHURANDER,SHREE SIDDHI SAREES,540754,24,0,525,2,2,-252,525,12600,5,629.75,13224.71,0741400,561,J.D.LOGISTICS,AMAR BHAI
2932,08/05/2026,1051,MANIBHADRA TRADELINK,V R PAWAR SAREES,ONLINE,SHREE SIDDHI SAREES,540754,12,0,495,2,2,-118.8,495,5940,5,296.88,6234.5,0741400,561,J.D.LOGISTICS,AMAR BHAI
2933,08/05/2026,1051,MANIBHADRA TRADELINK,V R PAWAR SAREES,MIKKY,SHREE SIDDHI SAREES,540754,12,0,730,2,2,-175.2,730,8760,5,437.83,9194.33,0741400,561,J.D.LOGISTICS,AMAR BHAI
2934,08/05/2026,1051,MANIBHADRA TRADELINK,V R PAWAR SAREES,SPOTINA,SHREE SIDDHI SAREES,540754,20,0,725,2,2,-290,725,14500,5,724.71,15218.91,0741400,561,J.D.LOGISTICS,AMAR BHAI
2935,08/05/2026,1051,MANIBHADRA TRADELINK,V R PAWAR SAREES,PRAGYA,SHREE SIDDHI SAREES,540754,8,0,950,2,2,-152,950,7600,5,379.85,7976.81,0741400,561,J.D.LOGISTICS,AMAR BHAI
2936,08/05/2026,1051,MANIBHADRA TRADELINK,V R PAWAR SAREES,ROOP REKHA,SHREE SIDDHI SAREES,540754,8,0,695,2,2,-111.2,695,5560,5,277.89,5835.67,0741400,561,J.D.LOGISTICS,AMAR BHAI
2937,08/05/2026,1052,MANIBHADRA TRADELINK,V R PAWAR SAREES,ARMANI,SHREE SIDDHI SAREES,540754,72,0,320,2,2,-460.8,320,23040,5,1151.54,24182.33,0741399,562,J.D.LOGISTICS,AMAR BHAI
2938,08/05/2026,1052,MANIBHADRA TRADELINK,V R PAWAR SAREES,ANUSHKA,SHREE SIDDHI SAREES,540754,12,0,610,2,2,-146.4,610,7320,5,365.85,7682.92,0741399,562,J.D.LOGISTICS,AMAR BHAI
2939,08/05/2026,1053,MANIBHADRA TRADELINK,V R PAWAR SAREES,HARI VANSH,SHREE SIDDHI SAREES,540754,18,0,395,2,2,-142.2,395,7110,5,355.36,7462.52,0741398,563,J.D.LOGISTICS,AMAR BHAI
2940,08/05/2026,1053,MANIBHADRA TRADELINK,V R PAWAR SAREES,HARIPRIYA,SHREE SIDDHI SAREES,540754,30,0,395,2,2,-237,395,11850,5,592.26,12437.52,0741398,563,J.D.LOGISTICS,AMAR BHAI
2941,08/05/2026,1053,MANIBHADRA TRADELINK,V R PAWAR SAREES,SONA BABU,SHREE SIDDHI SAREES,540754,24,0,485,2,2,-232.8,485,11640,5,581.77,12217.11,0741398,563,J.D.LOGISTICS,AMAR BHAI
2942,08/05/2026,1054,MANIBHADRA TRADELINK,V R PAWAR SAREES,ROOP REKHA,SHREE SIDDHI SAREES,540754,36,0,695,2,2,-500.4,695,25020,5,1250.5,26260.49,0741397,564,J.D.LOGISTICS,AMAR BHAI
2943,08/05/2026,1054,MANIBHADRA TRADELINK,V R PAWAR SAREES,GIRL FRIEND,SHREE SIDDHI SAREES,540754,36,0,725,2,2,-522,725,26100,5,1304.48,27394.04,0741397,564,J.D.LOGISTICS,AMAR BHAI
2944,08/05/2026,1054,MANIBHADRA TRADELINK,V R PAWAR SAREES,BHAKTI,SHREE SIDDHI SAREES,540754,12,0,725,2,2,-174,725,8700,5,434.83,9131.35,0741397,564,J.D.LOGISTICS,AMAR BHAI
2945,08/05/2026,1055,MANIBHADRA TRADELINK,V R PAWAR SAREES,MILK CAKE,ROHAN FABRICS,540754,72,0,575,2,2,-828,575,41400,5,2069.17,43452.61,0741288,539,J.D.LOGISTICS,AMAR BHAI
2946,08/05/2026,1056,MANIBHADRA TRADELINK,V R PAWAR SAREES,NAVYA,ROHAN FABRICS,540754,42,0,918,2,2,-771.12,918,38556,5,1927.03,40467.61,0741289,540,J.D.LOGISTICS,AMAR BHAI
2947,08/05/2026,1056,MANIBHADRA TRADELINK,V R PAWAR SAREES,MILK CAKE,ROHAN FABRICS,540754,30,0,575,2,2,-345,575,17250,5,862.16,18105.26,0741289,540,J.D.LOGISTICS,AMAR BHAI
2948,08/05/2026,1057,MANIBHADRA TRADELINK,V R PAWAR SAREES,NILIMA,ROHAN FABRICS,540754,39,0,825,2,2,-643.5,825,32175,5,1608.11,33770.24,0741290,541,J.D.LOGISTICS,AMAR BHAI
2949,08/05/2026,1057,MANIBHADRA TRADELINK,V R PAWAR SAREES,DIPTI,ROHAN FABRICS,540754,16,0,890,2,2,-284.8,890,14240,5,711.72,14946.03,0741290,541,J.D.LOGISTICS,AMAR BHAI
2950,08/05/2026,1057,MANIBHADRA TRADELINK,V R PAWAR SAREES,NAVYA,ROHAN FABRICS,540754,4,0,918,2,2,-73.44,918,3672,5,183.53,3854.06,0741290,541,J.D.LOGISTICS,AMAR BHAI
2951,08/05/2026,1057,MANIBHADRA TRADELINK,V R PAWAR SAREES,HITAXI,ROHAN FABRICS,540754,8,0,1150,2,2,-184,1150,9200,5,459.82,9656.14,0741290,541,J.D.LOGISTICS,AMAR BHAI
2952,08/05/2026,1057,MANIBHADRA TRADELINK,V R PAWAR SAREES,VIRAL,ROHAN FABRICS,540754,5,0,1445,2,2,-144.5,1445,7225,5,361.11,7583.22,0741290,541,J.D.LOGISTICS,AMAR BHAI
2953,08/05/2026,1058,MANIBHADRA TRADELINK,V R PAWAR SAREES,AAYUSHI,ROHAN FABRICS,540754,4,0,1200,2,2,-96,1200,4800,5,239.9,5037.98,,542,J.D.LOGISTICS,AMAR BHAI
2954,08/05/2026,1058,MANIBHADRA TRADELINK,V R PAWAR SAREES,FLAME,ROHAN FABRICS,540754,4,0,775,2,2,-62,775,3100,5,154.94,3253.7,,542,J.D.LOGISTICS,AMAR BHAI
2955,08/05/2026,1058,MANIBHADRA TRADELINK,V R PAWAR SAREES,MOKSHA,ROHAN FABRICS,540754,16,0,960,2,2,-307.2,960,15360,5,767.69,16121.55,,542,J.D.LOGISTICS,AMAR BHAI
2956,08/05/2026,1058,MANIBHADRA TRADELINK,V R PAWAR SAREES,ANTIQE,ROHAN FABRICS,540754,4,0,797,2,2,-63.76,797,3188,5,159.34,3346.06,,542,J.D.LOGISTICS,AMAR BHAI
2957,08/05/2026,1058,MANIBHADRA TRADELINK,V R PAWAR SAREES,THAR,ROHAN FABRICS,540754,4,0,705,2,2,-56.4,705,2820,5,140.94,2959.81,,542,J.D.LOGISTICS,AMAR BHAI
2958,08/05/2026,1058,MANIBHADRA TRADELINK,V R PAWAR SAREES,AMRUTA,ROHAN FABRICS,540754,4,0,775,2,2,-62,775,3100,5,154.94,3253.7,,542,J.D.LOGISTICS,AMAR BHAI
2959,08/05/2026,1058,MANIBHADRA TRADELINK,V R PAWAR SAREES,NEXON,ROHAN FABRICS,540754,8,0,681,2,2,-108.96,681,5448,5,272.29,5718.11,,542,J.D.LOGISTICS,AMAR BHAI
2960,08/05/2026,1058,MANIBHADRA TRADELINK,V R PAWAR SAREES,SAFARJAN,ROHAN FABRICS,540754,4,0,870,2,2,-69.6,870,3480,5,173.93,3652.54,,542,J.D.LOGISTICS,AMAR BHAI
2961,08/05/2026,1058,MANIBHADRA TRADELINK,V R PAWAR SAREES,RITESH,ROHAN FABRICS,540754,4,0,1055,2,2,-84.4,1055,4220,5,210.92,4429.23,,542,J.D.LOGISTICS,AMAR BHAI
2962,08/05/2026,1058,MANIBHADRA TRADELINK,V R PAWAR SAREES,BANI,ROHAN FABRICS,540754,20,0,867,2,2,-346.8,867,17340,5,866.65,18199.71,,542,J.D.LOGISTICS,AMAR BHAI
2963,08/05/2026,1059,MANIBHADRA TRADELINK,V R PAWAR SAREES,SITAFAL,ROHAN FABRICS,540754,27,0,860,2,2,-464.4,860,23220,5,1160.54,24371.25,,543,J.D.LOGISTICS,AMAR BHAI
2964,08/05/2026,1059,MANIBHADRA TRADELINK,V R PAWAR SAREES,RINKU,ROHAN FABRICS,540754,42,0,460,2,2,-386.4,460,19320,5,965.61,20277.88,,543,J.D.LOGISTICS,AMAR BHAI
2965,08/05/2026,1059,MANIBHADRA TRADELINK,V R PAWAR SAREES,NAVYA,ROHAN FABRICS,540754,3,0,918,2,2,-55.08,918,2754,5,137.65,2890.55,,543,J.D.LOGISTICS,AMAR BHAI
2966,08/05/2026,1060,MANIBHADRA TRADELINK,V R PAWAR SAREES,BARSAT,ROHAN FABRICS,540754,12,0,620,2,2,-148.8,620,7440,5,371.85,7808.87,0741287,544,J.D.LOGISTICS,AMAR BHAI
2967,08/05/2026,1060,MANIBHADRA TRADELINK,V R PAWAR SAREES,MONA LISHA,ROHAN FABRICS,540754,17,0,732,2,2,-248.88,732,12444,5,621.95,13060.97,0741287,544,J.D.LOGISTICS,AMAR BHAI
2968,08/05/2026,1060,MANIBHADRA TRADELINK,V R PAWAR SAREES,VIRAL,ROHAN FABRICS,540754,5,0,1445,2,2,-144.5,1445,7225,5,361.11,7583.22,0741287,544,J.D.LOGISTICS,AMAR BHAI
2969,08/05/2026,1060,MANIBHADRA TRADELINK,V R PAWAR SAREES,NILIMA,ROHAN FABRICS,540754,6,0,825,2,2,-99,825,4950,5,247.4,5195.42,0741287,544,J.D.LOGISTICS,AMAR BHAI
2970,08/05/2026,1060,MANIBHADRA TRADELINK,V R PAWAR SAREES,MILK CAKE,ROHAN FABRICS,540754,21,0,575,2,2,-241.5,575,12075,5,603.51,12673.68,0741287,544,J.D.LOGISTICS,AMAR BHAI
2971,08/05/2026,1060,MANIBHADRA TRADELINK,V R PAWAR SAREES,BANI,ROHAN FABRICS,540754,1,0,867,2,2,-17.34,867,867,5,43.33,909.98,0741287,544,J.D.LOGISTICS,AMAR BHAI
2972,08/05/2026,1060,MANIBHADRA TRADELINK,V R PAWAR SAREES,PONDS,ROHAN FABRICS,540754,42,0,475,2,2,-399,475,19950,5,997.1,20939.12,0741287,544,J.D.LOGISTICS,AMAR BHAI
2973,08/05/2026,1061,MANIBHADRA TRADELINK,V R PAWAR SAREES,SHALIGRAM,RIDDHI FASHIONS,540754,72,0,655,2,2,-943.2,655,47160,5,2357.06,49498.2,0741559,825,J.D.LOGISTICS,AMAR BHAI
2974,08/05/2026,1062,MANIBHADRA TRADELINK,V R PAWAR SAREES,NAKSHI SILK,SHIRISH FASHION,540754,125,0,445,2,2,-1112.5,445,55625,5,2780.14,58382.89,0741421,434,J.D.LOGISTICS,AMAR BHAI
2975,08/05/2026,1063,MANIBHADRA TRADELINK,V R PAWAR SAREES,VARNIKA,SHIRISH FASHION,551511,104,0,445,2,2,-925.6,445,46280,5,2313.07,48574.56,0741423,435,J.D.LOGISTICS,AMAR BHAI
2976,08/05/2026,1064,MANIBHADRA TRADELINK,V R PAWAR SAREES,KARGIL BUTTI,SHIRISH FASHION,540754,48,0,370,2,2,-355.2,370,17760,5,887.65,18640.55,0741425,436,J.D.LOGISTICS,AMAR BHAI
2977,08/05/2026,1064,MANIBHADRA TRADELINK,V R PAWAR SAREES,ROYAL THREDS,SHIRISH FASHION,540754,36,0,400,2,2,-288,400,14400,5,719.71,15113.95,0741425,436,J.D.LOGISTICS,AMAR BHAI
2978,08/05/2026,1064,MANIBHADRA TRADELINK,V R PAWAR SAREES,JAIPUR WEAVES,SHIRISH FASHION,540754,36,0,400,2,2,-288,400,14400,5,719.71,15113.95,0741425,436,J.D.LOGISTICS,AMAR BHAI
2979,08/05/2026,1065,MANIBHADRA TRADELINK,V R PAWAR SAREES,RESHAM SILK,SHIRISH FASHION,540754,125,0,325,2,2,-812.5,325,40625,5,2030.44,42639.19,0741422,437,J.D.LOGISTICS,AMAR BHAI
2980,08/05/2026,1066,MANIBHADRA TRADELINK,V R PAWAR SAREES,VIVAAH PATTU,SHIRISH FASHION,540754,155,0,143,2,2,-443.3,143,22165,5,1107.81,23263.94,0741424,438,J.D.LOGISTICS,AMAR BHAI
2981,08/05/2026,1067,MANIBHADRA TRADELINK,V R PAWAR SAREES,SILK TOUCH,SHIRISH FASHION,540754,79,0,225,2,2,-355.5,225,17775,5,888.39,18656.28,0741420,439,J.D.LOGISTICS,AMAR BHAI
2982,08/05/2026,1067,MANIBHADRA TRADELINK,V R PAWAR SAREES,SHANVI,SHIRISH FASHION,540754,62,0,490,2,2,-607.6,490,30380,5,1518.39,31886.24,0741420,439,J.D.LOGISTICS,AMAR BHAI
2983,08/05/2026,1068,MANIBHADRA TRADELINK,V R PAWAR SAREES,MAGGI COTTON WORK,HARIOMLIZA TEX PRIVATE LIMITED,540754,48,0,380,2,2,-364.8,380,18240,5,911.64,19144.34,0741418,5486,J.D.LOGISTICS,GURU BHAI
2984,08/05/2026,1068,MANIBHADRA TRADELINK,V R PAWAR SAREES,BATA PRINT WORK,HARIOMLIZA TEX PRIVATE LIMITED,540754,32,0,421,2,2,-269.44,421,13472,5,673.33,14139.94,0741418,5486,J.D.LOGISTICS,GURU BHAI
2985,08/05/2026,1068,MANIBHADRA TRADELINK,V R PAWAR SAREES,ZOMATO COTTON WORK,HARIOMLIZA TEX PRIVATE LIMITED,540754,16,0,490,2,2,-156.8,490,7840,5,391.84,8228.7,0741418,5486,J.D.LOGISTICS,GURU BHAI
2986,08/05/2026,1068,MANIBHADRA TRADELINK,V R PAWAR SAREES,FACEBOOK COTTON WORK,HARIOMLIZA TEX PRIVATE LIMITED,540754,3,0,400,2,2,-24,400,1200,5,59.98,1259.5,0741418,5486,J.D.LOGISTICS,GURU BHAI
2987,08/05/2026,1069,MANIBHADRA TRADELINK,V R PAWAR SAREES,MAAZA COTTON WORK,HARIOMLIZA TEX PRIVATE LIMITED,540754,48,0,470,2,2,-451.2,470,22560,5,1127.55,23678.53,0741419,5487,J.D.LOGISTICS,GURU BHAI
2988,08/05/2026,1069,MANIBHADRA TRADELINK,V R PAWAR SAREES,ZOMATO COTTON WORK,HARIOMLIZA TEX PRIVATE LIMITED,540754,16,0,490,2,2,-156.8,490,7840,5,391.84,8228.7,0741419,5487,J.D.LOGISTICS,GURU BHAI
2989,08/05/2026,1069,MANIBHADRA TRADELINK,V R PAWAR SAREES,SABIA COTTON WORK,HARIOMLIZA TEX PRIVATE LIMITED,540754,15,0,650,2,2,-195,650,9750,5,487.31,10233.41,0741419,5487,J.D.LOGISTICS,GURU BHAI
2990,08/05/2026,1069,MANIBHADRA TRADELINK,V R PAWAR SAREES,STAR GOLD COTTON WORK,HARIOMLIZA TEX PRIVATE LIMITED,540754,4,0,520,2,2,-41.6,520,2080,5,103.96,2183.13,0741419,5487,J.D.LOGISTICS,GURU BHAI
2991,08/05/2026,1069,MANIBHADRA TRADELINK,V R PAWAR SAREES,SONY SIX COTTON WORK,HARIOMLIZA TEX PRIVATE LIMITED,540754,16,0,600,2,2,-192,600,9600,5,479.81,10075.97,0741419,5487,J.D.LOGISTICS,GURU BHAI
2992,08/05/2026,1070,MANIBHADRA TRADELINK,V R PAWAR SAREES,FACEBOOK COTTON WORK,HARIOMLIZA TEX PRIVATE LIMITED,540754,99,0,400,2,2,-792,400,39600,5,1979.21,41563.37,0741417,5485,J.D.LOGISTICS,GURU BHAI
2993,08/05/2026,1071,MANIBHADRA TRADELINK,V R PAWAR SAREES,BULLET COTTON WORK,HARIOMLIZA TEX PRIVATE LIMITED,540754,16,0,540,2,2,-172.8,540,8640,5,431.83,9068.37,0741416,5488,J.D.LOGISTICS,GURU BHAI
2994,08/05/2026,1071,MANIBHADRA TRADELINK,V R PAWAR SAREES,STAR GOLD COTTON WORK,HARIOMLIZA TEX PRIVATE LIMITED,540754,36,0,520,2,2,-374.4,520,18720,5,935.63,19648.14,0741416,5488,J.D.LOGISTICS,GURU BHAI
2995,08/05/2026,1071,MANIBHADRA TRADELINK,V R PAWAR SAREES,BATA PRINT WORK,HARIOMLIZA TEX PRIVATE LIMITED,540754,16,0,421,2,2,-134.72,421,6736,5,336.67,7069.98,0741416,5488,J.D.LOGISTICS,GURU BHAI
2996,08/05/2026,1071,MANIBHADRA TRADELINK,V R PAWAR SAREES,SONY SIX COTTON WORK,HARIOMLIZA TEX PRIVATE LIMITED,540754,12,0,600,2,2,-144,600,7200,5,359.86,7556.98,0741416,5488,J.D.LOGISTICS,GURU BHAI
2997,08/05/2026,1071,MANIBHADRA TRADELINK,V R PAWAR SAREES,MAAZA COTTON WORK,HARIOMLIZA TEX PRIVATE LIMITED,540754,4,0,470,2,2,-37.6,470,1880,5,93.96,1973.21,0741416,5488,J.D.LOGISTICS,GURU BHAI
2998,08/05/2026,1071,MANIBHADRA TRADELINK,V R PAWAR SAREES,ZOMATO COTTON WORK,HARIOMLIZA TEX PRIVATE LIMITED,540754,12,0,490,2,2,-117.6,490,5880,5,293.88,6171.53,0741416,5488,J.D.LOGISTICS,GURU BHAI
2999,08/05/2026,1071,MANIBHADRA TRADELINK,V R PAWAR SAREES,MAGGI COTTON WORK,HARIOMLIZA TEX PRIVATE LIMITED,540754,3,0,380,2,2,-22.8,380,1140,5,56.98,1196.52,0741416,5488,J.D.LOGISTICS,GURU BHAI
3000,08/05/2026,1072,MANIBHADRA TRADELINK,V R PAWAR SAREES,SHALIGRAM,RIDDHI FASHIONS,540754,72,0,655,2,2,-943.2,655,47160,5,2357.06,49498.2,0741558,832,J.D.LOGISTICS,AMAR BHAI
3001,08/05/2026,1073,MANIBHADRA TRADELINK,V R PAWAR SAREES,MANASHVI,RIDDHI FASHIONS,540754,72,0,645,2,2,-928.8,645,46440,5,2321.07,48742.49,0741557,833,J.D.LOGISTICS,AMAR BHAI
3002,08/05/2026,1074,MANIBHADRA TRADELINK,V R PAWAR SAREES,RANG RASIYA,MEENAXI SILK,540754,72,0,650,2,2,-936,650,46800,5,2339.06,49120.34,0741764,62,J.D.LOGISTICS,AMAR BHAI
3003,08/05/2026,1075,MANIBHADRA TRADELINK,V R PAWAR SAREES,CHULBULI,MEENAXI SILK,540754,108,0,645,2,2,-1393.2,645,69660,5,3481.61,73113.75,0741766,63,J.D.LOGISTICS,AMAR BHAI
3004,08/05/2026,1076,MANIBHADRA TRADELINK,V R PAWAR SAREES,ROMAN SILK,MEENAXI SILK,540754,80,0,405,2,2,-648,405,32400,5,1619.35,34006.39,0741767,64,J.D.LOGISTICS,AMAR BHAI
3005,09/05/2026,1077,MANIBHADRA TRADELINK,V R PAWAR SAREES,PARVATI,PATRALEKHA UNIT OF PALAV FABRICS PVT LTD,540754,17,,2999,2,2,-1019.66,2999,50983,5,2548.13,53510.73,,1326,J.D.LOGISTICS,AMAR BHAI
3006,09/05/2026,1077,MANIBHADRA TRADELINK,V R PAWAR SAREES,PROGRAM,PATRALEKHA UNIT OF PALAV FABRICS PVT LTD,540754,14,,699,2,2,-195.72,699,9786,5,489.1,10271.19,,1326,J.D.LOGISTICS,AMAR BHAI
3007,09/05/2026,1078,MANIBHADRA TRADELINK,V R PAWAR SAREES,PROGRAM,PATRALEKHA UNIT OF PALAV FABRICS PVT LTD,540754,53,,699,2,2,-740.94,699,37047,5,1851.61,38883.79,,1325,J.D.LOGISTICS,AMAR BHAI
3008,09/05/2026,1078,MANIBHADRA TRADELINK,V R PAWAR SAREES,SUVARNA,PATRALEKHA UNIT OF PALAV FABRICS PVT LTD,540754,3,,799,2,2,-47.94,799,2397,5,119.8,2515.84,,1325,J.D.LOGISTICS,AMAR BHAI
3009,09/05/2026,1079,MANIBHADRA TRADELINK,V R PAWAR SAREES,PROGRAM,PATRALEKHA UNIT OF PALAV FABRICS PVT LTD,540754,14,,699,2,2,-195.72,699,9786,5,489.1,10271.19,,1324,J.D.LOGISTICS,AMAR BHAI
3010,09/05/2026,1079,MANIBHADRA TRADELINK,V R PAWAR SAREES,SUVARNA,PATRALEKHA UNIT OF PALAV FABRICS PVT LTD,540754,42,,799,2,2,-671.16,799,33558,5,1677.23,35221.8,,1324,J.D.LOGISTICS,AMAR BHAI
3011,09/05/2026,1080,MANIBHADRA TRADELINK,V R PAWAR SAREES,SUVARNA,PATRALEKHA UNIT OF PALAV FABRICS PVT LTD,540754,60,,799,2,2,-958.8,799,47940,5,2396.04,50316.86,,1323,J.D.LOGISTICS,AMAR BHAI
3012,09/05/2026,1081,MANIBHADRA TRADELINK,V R PAWAR SAREES,7405 PAARNA 74,PALAV FABRICS PRIVATE LIMITED,540754,1,,1099,2,7,-76.93,1099,1099,5,52.13,1094.64,,641,J.D.LOGISTICS,AMAR BHAI
3013,09/05/2026,1081,MANIBHADRA TRADELINK,V R PAWAR SAREES,7409 PAARNA 74,PALAV FABRICS PRIVATE LIMITED,540754,2,,1099,2,7,-153.86,1099,2198,5,104.25,2189.27,,641,J.D.LOGISTICS,AMAR BHAI
3014,09/05/2026,1081,MANIBHADRA TRADELINK,V R PAWAR SAREES,7603 PAARNA 76,PALAV FABRICS PRIVATE LIMITED,540754,1,,999,2,7,-69.93,999,999,5,47.38,995.03,,641,J.D.LOGISTICS,AMAR BHAI
3015,09/05/2026,1081,MANIBHADRA TRADELINK,V R PAWAR SAREES,7607 PAARNA 76,PALAV FABRICS PRIVATE LIMITED,540754,2,,999,2,7,-139.86,999,1998,5,94.77,1990.07,,641,J.D.LOGISTICS,AMAR BHAI
3016,09/05/2026,1081,MANIBHADRA TRADELINK,V R PAWAR SAREES,7701 PAARNA 77,PALAV FABRICS PRIVATE LIMITED,540754,2,,1395,2,7,-195.3,1395,2790,5,132.33,2778.92,,641,J.D.LOGISTICS,AMAR BHAI
3017,09/05/2026,1081,MANIBHADRA TRADELINK,V R PAWAR SAREES,7703 PAARNA 77,PALAV FABRICS PRIVATE LIMITED,540754,2,,1099,2,7,-153.86,1099,2198,5,104.25,2189.27,,641,J.D.LOGISTICS,AMAR BHAI
3018,09/05/2026,1081,MANIBHADRA TRADELINK,V R PAWAR SAREES,7706 PAARNA 77,PALAV FABRICS PRIVATE LIMITED,540754,3,,1395,2,7,-292.95,1395,4185,5,198.49,4168.38,,641,J.D.LOGISTICS,AMAR BHAI
3019,09/05/2026,1081,MANIBHADRA TRADELINK,V R PAWAR SAREES,7801 PAARNA 78,PALAV FABRICS PRIVATE LIMITED,540754,2,,1125,2,7,-157.5,1125,2250,5,106.72,2241.07,,641,J.D.LOGISTICS,AMAR BHAI
3020,09/05/2026,1081,MANIBHADRA TRADELINK,V R PAWAR SAREES,7802 PAARNA 78,PALAV FABRICS PRIVATE LIMITED,540754,2,,1185,2,7,-165.9,1185,2370,5,112.41,2360.59,,641,J.D.LOGISTICS,AMAR BHAI
3021,09/05/2026,1081,MANIBHADRA TRADELINK,V R PAWAR SAREES,7805 PAARNA 78,PALAV FABRICS PRIVATE LIMITED,540754,2,,1395,2,7,-195.3,1395,2790,5,132.33,2778.92,,641,J.D.LOGISTICS,AMAR BHAI
3022,09/05/2026,1081,MANIBHADRA TRADELINK,V R PAWAR SAREES,7811 PAARNA 78,PALAV FABRICS PRIVATE LIMITED,540754,2,,1050,2,7,-147,1050,2100,5,99.6,2091.66,,641,J.D.LOGISTICS,AMAR BHAI
3023,09/05/2026,1081,MANIBHADRA TRADELINK,V R PAWAR SAREES,SHIBORI,PALAV FABRICS PRIVATE LIMITED,540754,24,,999,2,7,-1678.32,999,23976,5,1137.18,23880.81,,641,J.D.LOGISTICS,AMAR BHAI
3024,09/05/2026,1081,MANIBHADRA TRADELINK,V R PAWAR SAREES,SINDOORI,PALAV FABRICS PRIVATE LIMITED,540754,15,,1099,2,7,-1153.95,1099,16485,5,781.88,16419.55,,641,J.D.LOGISTICS,AMAR BHAI
3025,09/05/2026,1082,MANIBHADRA TRADELINK,V R PAWAR SAREES,2313,PALAV FABRICS PRIVATE LIMITED,540754,4,,960,2,7,-268.8,960,3840,5,182.13,3824.75,,642,J.D.LOGISTICS,AMAR BHAI
3026,09/05/2026,1082,MANIBHADRA TRADELINK,V R PAWAR SAREES,3307,PALAV FABRICS PRIVATE LIMITED,540754,5,,945,2,7,-330.75,945,4725,5,224.11,4706.24,,642,J.D.LOGISTICS,AMAR BHAI
3027,09/05/2026,1082,MANIBHADRA TRADELINK,V R PAWAR SAREES,4911 PAARNA 49,PALAV FABRICS PRIVATE LIMITED,540754,4,,945,2,7,-264.6,945,3780,5,179.29,3765,,642,J.D.LOGISTICS,AMAR BHAI
3028,09/05/2026,1082,MANIBHADRA TRADELINK,V R PAWAR SAREES,6607 PARRNA 66,PALAV FABRICS PRIVATE LIMITED,540754,2,,1050,2,7,-147,1050,2100,5,99.6,2091.66,,642,J.D.LOGISTICS,AMAR BHAI
3029,09/05/2026,1082,MANIBHADRA TRADELINK,V R PAWAR SAREES,6608 PAARNA 66,PALAV FABRICS PRIVATE LIMITED,540754,2,,1050,2,7,-147,1050,2100,5,99.6,2091.66,,642,J.D.LOGISTICS,AMAR BHAI
3030,09/05/2026,1082,MANIBHADRA TRADELINK,V R PAWAR SAREES,7107 PAARNA 71,PALAV FABRICS PRIVATE LIMITED,540754,2,,995,2,7,-139.3,995,1990,5,94.39,1982.1,,642,J.D.LOGISTICS,AMAR BHAI
3031,09/05/2026,1082,MANIBHADRA TRADELINK,V R PAWAR SAREES,7203 PAARNA 72,PALAV FABRICS PRIVATE LIMITED,540754,2,,1099,2,7,-153.86,1099,2198,5,104.25,2189.27,,642,J.D.LOGISTICS,AMAR BHAI
3032,09/05/2026,1082,MANIBHADRA TRADELINK,V R PAWAR SAREES,7401 PAARNA 74,PALAV FABRICS PRIVATE LIMITED,540754,5,,1099,2,7,-384.65,1099,5495,5,260.63,5473.19,,642,J.D.LOGISTICS,AMAR BHAI
3033,09/05/2026,1082,MANIBHADRA TRADELINK,V R PAWAR SAREES,SHIBORI,PALAV FABRICS PRIVATE LIMITED,540754,18,,999,2,7,-1258.74,999,17982,5,852.89,17910.61,,642,J.D.LOGISTICS,AMAR BHAI
3034,09/05/2026,1082,MANIBHADRA TRADELINK,V R PAWAR SAREES,SINDOORI,PALAV FABRICS PRIVATE LIMITED,540754,12,,1099,2,7,-923.16,1099,13188,5,625.51,13135.65,,642,J.D.LOGISTICS,AMAR BHAI
3035,09/05/2026,1082,MANIBHADRA TRADELINK,V R PAWAR SAREES,SURYALI 2,PALAV FABRICS PRIVATE LIMITED,540754,4,,1125,2,7,-315,1125,4500,5,213.44,4482.14,,642,J.D.LOGISTICS,AMAR BHAI
3036,09/05/2026,1083,MANIBHADRA TRADELINK,V R PAWAR SAREES,SAKHI 01,RANUJA LIFE STYLE,540754,6,,1245,2,17,-1269.9,1245,7470,5,316.21,6640.31,,232,J.D.LOGISTICS,AMAR BHAI
3037,09/05/2026,1083,MANIBHADRA TRADELINK,V R PAWAR SAREES,SHRUTI LEHRIYA 2,RANUJA LIFE STYLE,540754,6,,1475,2,17,-1504.5,1475,8850,5,374.62,7867.03,,232,J.D.LOGISTICS,AMAR BHAI
3038,09/05/2026,1083,MANIBHADRA TRADELINK,V R PAWAR SAREES,SANGITA BITS,RANUJA LIFE STYLE,540754,6,,1245,2,17,-1269.9,1245,7470,5,316.21,6640.31,,232,J.D.LOGISTICS,AMAR BHAI
3039,09/05/2026,1083,MANIBHADRA TRADELINK,V R PAWAR SAREES,KAVERI 10,RANUJA LIFE STYLE,540754,6,,1245,2,17,-1269.9,1245,7470,5,316.21,6640.31,,232,J.D.LOGISTICS,AMAR BHAI
3040,09/05/2026,1083,MANIBHADRA TRADELINK,V R PAWAR SAREES,TRISHIKA 2,RANUJA LIFE STYLE,540754,6,,1295,2,17,-1320.9,1295,7770,5,328.9,6906.98,,232,J.D.LOGISTICS,AMAR BHAI
3041,09/05/2026,1083,MANIBHADRA TRADELINK,V R PAWAR SAREES,KIMORA,RANUJA LIFE STYLE,540754,5,,1245,2,17,-1058.25,1245,6225,5,263.5,5533.58,,232,J.D.LOGISTICS,AMAR BHAI
3042,09/05/2026,1083,MANIBHADRA TRADELINK,V R PAWAR SAREES,KASHVI,RANUJA LIFE STYLE,540754,13,,1245,2,17,-2751.45,1245,16185,5,685.11,14387.33,,232,J.D.LOGISTICS,AMAR BHAI
3043,09/05/2026,1083,MANIBHADRA TRADELINK,V R PAWAR SAREES,205,RANUJA LIFE STYLE,540754,6,,975,2,17,-994.5,975,5850,5,247.63,5200.24,,232,J.D.LOGISTICS,AMAR BHAI
3044,09/05/2026,1083,MANIBHADRA TRADELINK,V R PAWAR SAREES,201  ,RANUJA LIFE STYLE,540754,5,,875,2,17,-743.75,875,4375,5,185.19,3889.06,,232,J.D.LOGISTICS,AMAR BHAI
3045,09/05/2026,1083,MANIBHADRA TRADELINK,V R PAWAR SAREES,FAIRY,RANUJA LIFE STYLE,540754,5,,1245,2,17,-1058.25,1245,6225,5,263.5,5533.58,,232,J.D.LOGISTICS,AMAR BHAI
3046,09/05/2026,1083,MANIBHADRA TRADELINK,V R PAWAR SAREES,SHRIVALLI,RANUJA LIFE STYLE,540754,5,,1190,2,17,-1011.5,1190,5950,5,251.86,5289.13,,232,J.D.LOGISTICS,AMAR BHAI
3047,09/05/2026,1083,MANIBHADRA TRADELINK,V R PAWAR SAREES,KANGANA,RANUJA LIFE STYLE,540754,6,,1125,2,17,-1147.5,1125,6750,5,285.73,6000.28,,232,J.D.LOGISTICS,AMAR BHAI
3048,09/05/2026,1083,MANIBHADRA TRADELINK,V R PAWAR SAREES,MILI MAHI,RANUJA LIFE STYLE,540754,6,,1190,2,17,-1213.8,1190,7140,5,302.24,6346.96,,232,J.D.LOGISTICS,AMAR BHAI
3049,09/05/2026,1083,MANIBHADRA TRADELINK,V R PAWAR SAREES,1008,RANUJA LIFE STYLE,540754,5,,1295,2,17,-1100.75,1295,6475,5,274.09,5755.82,,232,J.D.LOGISTICS,AMAR BHAI
3050,09/05/2026,1084,MANIBHADRA TRADELINK,V R PAWAR SAREES,MYNTRA MYNTRA,UNITY CREATION,540754,96,,355,2,4,-1344,355,34080,5,1645.06,34546.18,,746,J.D.LOGISTICS,AMAR BHAI
3051,09/05/2026,1085,MANIBHADRA TRADELINK,V R PAWAR SAREES,COCONUT,VISHAL FASHIONS PVT LTD,540754,50,,620,2,2,-620,620,31000,5,1549.38,32536.98,0741597,7114,J.D.LOGISTICS,AMAR BHAI
3052,09/05/2026,1086,MANIBHADRA TRADELINK,V R PAWAR SAREES,COCONUT,VISHAL FASHIONS PVT LTD,540754,50,,620,2,2,-620,620,31000,5,1549.38,32536.98,0741600,7113,J.D.LOGISTICS,AMAR BHAI
3053,09/05/2026,1087,MANIBHADRA TRADELINK,V R PAWAR SAREES,COCONUT,VISHAL FASHIONS PVT LTD,540754,50,,620,2,2,-620,620,31000,5,1549.38,32536.98,0741595,7112,J.D.LOGISTICS,AMAR BHAI
3054,09/05/2026,1088,MANIBHADRA TRADELINK,V R PAWAR SAREES,COCONUT,VISHAL FASHIONS PVT LTD,540754,50,,620,2,2,-620,620,31000,5,1549.38,32536.98,0741607,7111,J.D.LOGISTICS,AMAR BHAI
3055,09/05/2026,1089,MANIBHADRA TRADELINK,V R PAWAR SAREES,COCONUT,VISHAL FASHIONS PVT LTD,540754,50,,620,2,2,-620,620,31000,5,1549.38,32536.98,0741608,7110,J.D.LOGISTICS,AMAR BHAI
3056,09/05/2026,1090,MANIBHADRA TRADELINK,V R PAWAR SAREES,COCONUT,VISHAL FASHIONS PVT LTD,540754,50,,620,2,2,-620,620,31000,5,1549.38,32536.98,0741604,7109,J.D.LOGISTICS,AMAR BHAI
3057,09/05/2026,1091,MANIBHADRA TRADELINK,V R PAWAR SAREES,COCONUT,VISHAL FASHIONS PVT LTD,540754,50,,620,2,2,-620,620,31000,5,1549.38,32536.98,0741603,7108,J.D.LOGISTICS,AMAR BHAI
3058,09/05/2026,1092,MANIBHADRA TRADELINK,V R PAWAR SAREES,COCONUT,VISHAL FASHIONS PVT LTD,540754,50,,620,2,2,-620,620,31000,5,1549.38,32536.98,0741599,7107,J.D.LOGISTICS,AMAR BHAI
3059,09/05/2026,1093,MANIBHADRA TRADELINK,V R PAWAR SAREES,COCONUT,VISHAL FASHIONS PVT LTD,540754,50,,620,2,2,-620,620,31000,5,1549.38,32536.98,0741596,7106,J.D.LOGISTICS,AMAR BHAI
3060,09/05/2026,1094,MANIBHADRA TRADELINK,V R PAWAR SAREES,COCONUT,VISHAL FASHIONS PVT LTD,540754,50,,620,2,2,-620,620,31000,5,1549.38,32536.98,0741602,7105,J.D.LOGISTICS,AMAR BHAI
3061,09/05/2026,1095,MANIBHADRA TRADELINK,V R PAWAR SAREES,COCONUT,VISHAL FASHIONS PVT LTD,540754,50,,620,2,2,-620,620,31000,5,1549.38,32536.98,0741605,7104,J.D.LOGISTICS,AMAR BHAI
3062,09/05/2026,1096,MANIBHADRA TRADELINK,V R PAWAR SAREES,COCONUT,VISHAL FASHIONS PVT LTD,540754,50,,620,2,2,-620,620,31000,5,1549.38,32536.98,0741598,7103,J.D.LOGISTICS,AMAR BHAI
3063,09/05/2026,1097,MANIBHADRA TRADELINK,V R PAWAR SAREES,COCONUT,VISHAL FASHIONS PVT LTD,540754,50,,620,2,2,-620,620,31000,5,1549.38,32536.98,0741609,7102,J.D.LOGISTICS,AMAR BHAI
3064,09/05/2026,1098,MANIBHADRA TRADELINK,V R PAWAR SAREES,COCONUT,VISHAL FASHIONS PVT LTD,540754,50,,620,2,2,-620,620,31000,5,1549.38,32536.98,0741601,7101,J.D.LOGISTICS,AMAR BHAI
3065,09/05/2026,1099,MANIBHADRA TRADELINK,V R PAWAR SAREES,COCONUT,VISHAL FASHIONS PVT LTD,540754,50,,620,2,2,-620,620,31000,5,1549.38,32536.98,0741606,7100,J.D.LOGISTICS,AMAR BHAI
3066,09/05/2026,1100,MANIBHADRA TRADELINK,V R PAWAR SAREES,KIWI   ,MANVI CREATION,540754,72,,380,2,2,-547.2,380,27360,5,1367.45,28716.51,,670,J.D.LOGISTICS,AMAR BHAI
3067,09/05/2026,1101,MANIBHADRA TRADELINK,V R PAWAR SAREES,KIWI   ,MANVI CREATION,540754,71,,380,2,2,-539.6,380,26980,5,1348.46,28317.67,,672,J.D.LOGISTICS,AMAR BHAI
3068,09/05/2026,1102,MANIBHADRA TRADELINK,V R PAWAR SAREES,KIWI   ,MANVI CREATION,540754,72,,380,2,2,-547.2,380,27360,5,1367.45,28716.51,,673,J.D.LOGISTICS,AMAR BHAI
3069,09/05/2026,1103,MANIBHADRA TRADELINK,V R PAWAR SAREES,KANTARA,MANVI CREATION,540754,72,,475,2,2,-684,475,34200,5,1709.32,35895.64,,674,J.D.LOGISTICS,AMAR BHAI
3070,09/05/2026,1104,MANIBHADRA TRADELINK,V R PAWAR SAREES,VAMIKA,MANVI CREATION,540754,73,,850,2,2,-1241,850,62050,5,3101.26,65126.44,,675,J.D.LOGISTICS,AMAR BHAI
3071,09/05/2026,1105,MANIBHADRA TRADELINK,V R PAWAR SAREES,ANUVARAT,MANVI CREATION,540754,72,,360,2,2,-518.4,360,25920,5,1295.48,27205.11,,676,J.D.LOGISTICS,AMAR BHAI
3072,09/05/2026,1106,MANIBHADRA TRADELINK,V R PAWAR SAREES,KANTARA,MANVI CREATION,540754,72,,475,2,2,-684,475,34200,5,1709.32,35895.64,,677,J.D.LOGISTICS,AMAR BHAI
3073,09/05/2026,1107,MANIBHADRA TRADELINK,V R PAWAR SAREES,SIYA,VEERVAANI SAREES,540754,40,,365,2,2.5,-365,365,14600,5,725.99,15245.69,,80,J.D.LOGISTICS,AMAR BHAI
3074,09/05/2026,1107,MANIBHADRA TRADELINK,V R PAWAR SAREES,CRYSTAL SIROSKI,VEERVAANI SAREES,540754,50,,375,2,2.5,-468.75,375,18750,5,932.34,19579.22,,80,J.D.LOGISTICS,AMAR BHAI
3075,09/05/2026,1108,MANIBHADRA TRADELINK,V R PAWAR SAREES,B S M PENAL,VEERVAANI SAREES,540754,13,,850,2,2.5,-276.25,850,11050,5,549.46,11538.68,,81,J.D.LOGISTICS,AMAR BHAI
3076,09/05/2026,1108,MANIBHADRA TRADELINK,V R PAWAR SAREES,DIVYA,VEERVAANI SAREES,540754,8,,850,2,2.5,-170,850,6800,5,338.13,7100.73,,81,J.D.LOGISTICS,AMAR BHAI
3077,09/05/2026,1108,MANIBHADRA TRADELINK,V R PAWAR SAREES,KOTA GHOTA,VEERVAANI SAREES,540754,8,,750,2,2.5,-150,750,6000,5,298.35,6265.35,,81,J.D.LOGISTICS,AMAR BHAI
3078,09/05/2026,1108,MANIBHADRA TRADELINK,V R PAWAR SAREES,OLIVE PIYA,VEERVAANI SAREES,540754,5,,411,2,2.5,-51.38,411,2055,5,102.19,2145.89,,81,J.D.LOGISTICS,AMAR BHAI
3079,09/05/2026,1108,MANIBHADRA TRADELINK,V R PAWAR SAREES,DUSTY PIPING,VEERVAANI SAREES,540754,42,,295,2,2.5,-309.75,295,12390,5,616.09,12937.94,,81,J.D.LOGISTICS,AMAR BHAI
3080,09/05/2026,1109,MANIBHADRA TRADELINK,V R PAWAR SAREES,PARUL,SANJYOTI EXCLUSIVES,540754,72,,375,2,2,-540,375,27000,5,1349.46,28338.66,0741511,586,J.D.LOGISTICS,AMAR BHAI
3081,09/05/2026,1110,MANIBHADRA TRADELINK,V R PAWAR SAREES,DHVANI,SANJYOTI EXCLUSIVES,540754,20,,810,2,2,-324,810,16200,5,809.68,17003.2,0741513,587,J.D.LOGISTICS,AMAR BHAI
3082,09/05/2026,1110,MANIBHADRA TRADELINK,V R PAWAR SAREES,AGNIJA,SANJYOTI EXCLUSIVES,540754,34,,510,2,2,-346.8,510,17340,5,866.65,18199.71,0741513,587,J.D.LOGISTICS,AMAR BHAI
3083,09/05/2026,1110,MANIBHADRA TRADELINK,V R PAWAR SAREES,MUN MUN SATIN,SANJYOTI EXCLUSIVES,540754,18,,670,2,2,-241.2,670,12060,5,602.76,12657.94,0741513,587,J.D.LOGISTICS,AMAR BHAI
3084,09/05/2026,1111,MANIBHADRA TRADELINK,V R PAWAR SAREES,MEESHO,SHREE SIDDHI SAREES,540754,18,,560,2,2,-201.6,560,10080,5,503.8,10579.77,0741808,595,J.D.LOGISTICS,AMAR BHAI
3085,09/05/2026,1111,MANIBHADRA TRADELINK,V R PAWAR SAREES,OMKARA,SHREE SIDDHI SAREES,540754,12,,345,2,2,-82.8,345,4140,5,206.92,4345.26,0741808,595,J.D.LOGISTICS,AMAR BHAI
3086,09/05/2026,1111,MANIBHADRA TRADELINK,V R PAWAR SAREES,DHURANDER,SHREE SIDDHI SAREES,540754,14,,525,2,2,-147,525,7350,5,367.35,7714.41,0741808,595,J.D.LOGISTICS,AMAR BHAI
3087,09/05/2026,1111,MANIBHADRA TRADELINK,V R PAWAR SAREES,MIKKY,SHREE SIDDHI SAREES,540754,12,,730,2,2,-175.2,730,8760,5,437.83,9194.33,0741808,595,J.D.LOGISTICS,AMAR BHAI
3088,09/05/2026,1111,MANIBHADRA TRADELINK,V R PAWAR SAREES,CHOCOLATE,SHREE SIDDHI SAREES,540754,25,,765,2,2,-382.5,765,19125,5,955.87,20073.22,0741808,595,J.D.LOGISTICS,AMAR BHAI
3089,09/05/2026,1112,MANIBHADRA TRADELINK,V R PAWAR SAREES,KINJAL,RIDDHI FASHIONS,540754,72,,590,2,2,-849.6,590,42480,5,2123.15,44586.16,0741693,845,J.D.LOGISTICS,AMAR BHAI
3090,09/05/2026,1113,MANIBHADRA TRADELINK,V R PAWAR SAREES,RAJSHREE,RIDDHI FASHIONS,540754,66,,675,2,2,-891,675,44550,5,2226.61,46758.79,0741694,846,J.D.LOGISTICS,AMAR BHAI
3091,09/05/2026,1114,MANIBHADRA TRADELINK,V R PAWAR SAREES,RAJSHREE,RIDDHI FASHIONS,540754,67,,675,2,2,-904.5,675,45225,5,2260.35,47467.26,0741695,850,J.D.LOGISTICS,AMAR BHAI
3092,09/05/2026,1115,MANIBHADRA TRADELINK,V R PAWAR SAREES,FD 8466,JAINAM CREATION,540754,2,,2291,2,2,-91.64,2291,4582,5,229.01,4809.18,,744,BY COURIER,AMAR BHAI
3093,11/05/2026,1116,MANIBHADRA TRADELINK,V R PAWAR SAREES,PAVITRA,MANVI CREATION,540754,72,0,315,2,2,-453.6,315,22680,5,1133.55,23804.48,,688,J.D.LOGISTICS,AMAR BHAI
3094,11/05/2026,1117,MANIBHADRA TRADELINK,V R PAWAR SAREES,PAVITRA,MANVI CREATION,540754,72,0,315,2,2,-453.6,315,22680,5,1133.55,23804.48,,689,J.D.LOGISTICS,AMAR BHAI
3095,11/05/2026,1118,MANIBHADRA TRADELINK,V R PAWAR SAREES,PAVITRA,MANVI CREATION,540754,72,0,315,2,2,-453.6,315,22680,5,1133.55,23804.48,,690,J.D.LOGISTICS,AMAR BHAI
3096,11/05/2026,1119,MANIBHADRA TRADELINK,V R PAWAR SAREES,RAJSHIV,MANVI CREATION,540754,72,0,350,2,2,-504,350,25200,5,1259.5,26449.42,,691,J.D.LOGISTICS,AMAR BHAI
3097,11/05/2026,1120,MANIBHADRA TRADELINK,V R PAWAR SAREES,RAJSHIV,MANVI CREATION,540754,72,0,350,2,2,-504,350,25200,5,1259.5,26449.42,,692,J.D.LOGISTICS,AMAR BHAI
3098,11/05/2026,1121,MANIBHADRA TRADELINK,V R PAWAR SAREES,ADITI,MANVI CREATION,540754,72,0,300,2,2,-432,300,21600,5,1079.57,22670.93,,693,J.D.LOGISTICS,AMAR BHAI
3099,11/05/2026,1122,MANIBHADRA TRADELINK,V R PAWAR SAREES,ADITI,MANVI CREATION,540754,72,0,300,2,2,-432,300,21600,5,1079.57,22670.93,,694,J.D.LOGISTICS,AMAR BHAI
3100,11/05/2026,1123,MANIBHADRA TRADELINK,V R PAWAR SAREES,ADITI,MANVI CREATION,540754,72,0,300,2,2,-432,300,21600,5,1079.57,22670.93,,695,J.D.LOGISTICS,AMAR BHAI
3101,11/05/2026,1124,MANIBHADRA TRADELINK,V R PAWAR SAREES,APPLE,MANVI CREATION,540754,72,0,400,2,2,-576,400,28800,5,1439.42,30227.9,,696,J.D.LOGISTICS,AMAR BHAI
3102,11/05/2026,1125,MANIBHADRA TRADELINK,V R PAWAR SAREES,APPLE,MANVI CREATION,540754,72,0,400,2,2,-576,400,28800,5,1439.42,30227.9,,697,J.D.LOGISTICS,AMAR BHAI
3103,11/05/2026,1126,MANIBHADRA TRADELINK,V R PAWAR SAREES,MANU,MANVI CREATION,540754,72,0,425,2,2,-612,425,30600,5,1529.39,32117.15,,698,J.D.LOGISTICS,AMAR BHAI
3104,11/05/2026,1127,MANIBHADRA TRADELINK,V R PAWAR SAREES,NEELAM,MANVI CREATION,540754,72,0,360,2,2,-518.4,360,25920,5,1295.48,27205.11,,699,J.D.LOGISTICS,AMAR BHAI
3105,11/05/2026,1128,MANIBHADRA TRADELINK,V R PAWAR SAREES,MISHA,MANVI CREATION,540754,42,0,775,2,2,-651,775,32550,5,1626.85,34163.83,,700,J.D.LOGISTICS,AMAR BHAI
3106,11/05/2026,1128,MANIBHADRA TRADELINK,V R PAWAR SAREES,STRONG RASAM,MANVI CREATION,540754,32,0,675,2,2,-432,675,21600,5,1079.57,22670.93,,700,J.D.LOGISTICS,AMAR BHAI
3107,11/05/2026,1129,MANIBHADRA TRADELINK,V R PAWAR SAREES,SARTHI,MANVI CREATION,540754,72,0,525,2,2,-756,525,37800,5,1889.24,39674.12,,701,J.D.LOGISTICS,AMAR BHAI
3108,11/05/2026,1130,MANIBHADRA TRADELINK,V R PAWAR SAREES,SARTHI,MANVI CREATION,540754,72,0,525,2,2,-756,525,37800,5,1889.24,39674.12,,702,J.D.LOGISTICS,AMAR BHAI
3109,11/05/2026,1131,MANIBHADRA TRADELINK,V R PAWAR SAREES,SARTHI,MANVI CREATION,540754,72,0,525,2,2,-756,525,37800,5,1889.24,39674.12,,703,J.D.LOGISTICS,AMAR BHAI
3110,11/05/2026,1132,MANIBHADRA TRADELINK,V R PAWAR SAREES,SARTHI,MANVI CREATION,540754,72,0,525,2,2,-756,525,37800,5,1889.24,39674.12,,704,J.D.LOGISTICS,AMAR BHAI
3111,11/05/2026,1133,MANIBHADRA TRADELINK,V R PAWAR SAREES,SARTHI,MANVI CREATION,540754,72,0,525,2,2,-756,525,37800,5,1889.24,39674.12,,705,J.D.LOGISTICS,AMAR BHAI
3112,11/05/2026,1134,MANIBHADRA TRADELINK,V R PAWAR SAREES,RANGOLI,ARUSH CREATION,540754,40,0,421,2,,,421,16840,5,815.38,17123,,1134,J.D.LOGISTICS,AMAR BHAI
3113,11/05/2026,1134,MANIBHADRA TRADELINK,V R PAWAR SAREES,PRINCY,MEERA DESIGNER,540754,3,0,2595,2,,,2595,7785,5,376.94,7915.82,,1134,J.D.LOGISTICS,AMAR BHAI
3114,11/05/2026,1135,MANIBHADRA TRADELINK,V R PAWAR SAREES,MALAIKA,SAI DESIGNER CREATIVE,540754,5,0,1745,2,,,1745,8725,5,444.98,9344.48,,729,J.D.LOGISTICS,RATAN BHAI
3115,11/05/2026,1135,MANIBHADRA TRADELINK,V R PAWAR SAREES,ANUMATI NET,SAI DESIGNER CREATIVE,540754,5,0,2575,2,,,2575,12875,5,656.63,13789.13,,729,J.D.LOGISTICS,RATAN BHAI
3116,11/05/2026,1135,MANIBHADRA TRADELINK,V R PAWAR SAREES,SALINI 2 NET,SAI DESIGNER CREATIVE,540754,6,0,2585,2,,,2585,15510,5,791.01,16611.21,,729,J.D.LOGISTICS,RATAN BHAI
3117,11/05/2026,1135,MANIBHADRA TRADELINK,V R PAWAR SAREES,CHETNA,SAI DESIGNER CREATIVE,540754,6,0,1665,2,,,1665,9990,5,509.49,10699.29,,729,J.D.LOGISTICS,RATAN BHAI
3118,11/05/2026,1135,MANIBHADRA TRADELINK,V R PAWAR SAREES,UMA 3,SAI DESIGNER CREATIVE,540754,5,0,595,2,,,595,2975,5,151.73,3186.23,,729,J.D.LOGISTICS,RATAN BHAI
3119,11/05/2026,1135,MANIBHADRA TRADELINK,V R PAWAR SAREES,BINITA ZALL Y,SAI DESIGNER CREATIVE,540754,2,0,1585,2,,,1585,3170,5,161.67,3395.07,,729,J.D.LOGISTICS,RATAN BHAI
3120,11/05/2026,1135,MANIBHADRA TRADELINK,V R PAWAR SAREES,SAVLI ZALL Y,SAI DESIGNER CREATIVE,540754,2,0,1325,2,,,1325,2650,5,135.15,2838.15,,729,J.D.LOGISTICS,RATAN BHAI
3121,11/05/2026,1136,MANIBHADRA TRADELINK,V R PAWAR SAREES,D 456,PARIS FASHION,540754,5,0,1975,2,2,-197.5,1975,9875,5,493.55,10364.6,,1078,J.D.LOGISTICS,RISHIKESH
3122,11/05/2026,1136,MANIBHADRA TRADELINK,V R PAWAR SAREES,D 48,PARIS FASHION,540754,14,0,2375,2,2,-665,2375,33250,5,1661.84,34898.54,,1078,J.D.LOGISTICS,RISHIKESH
3123,11/05/2026,1136,MANIBHADRA TRADELINK,V R PAWAR SAREES,D 690,PARIS FASHION,540754,8,0,2025,2,2,-324,2025,16200,5,809.68,17003.2,,1078,J.D.LOGISTICS,RISHIKESH
3124,11/05/2026,1136,MANIBHADRA TRADELINK,V R PAWAR SAREES,C 1805,PARIS FASHION,540754,5,0,1925,2,2,-192.5,1925,9625,5,481.06,10102.21,,1078,J.D.LOGISTICS,RISHIKESH
3125,11/05/2026,1136,MANIBHADRA TRADELINK,V R PAWAR SAREES,C 653,PARIS FASHION,540754,1,0,1810,2,2,-36.2,1810,1810,5,90.46,1899.74,,1078,J.D.LOGISTICS,RISHIKESH
3126,11/05/2026,1136,MANIBHADRA TRADELINK,V R PAWAR SAREES,C 669,PARIS FASHION,540754,1,0,1690,2,2,-33.8,1690,1690,5,84.47,1773.79,,1078,J.D.LOGISTICS,RISHIKESH
3127,11/05/2026,1136,MANIBHADRA TRADELINK,V R PAWAR SAREES,C 1806,PARIS FASHION,540754,1,0,1790,2,2,-35.8,1790,1790,5,89.46,1878.74,,1078,J.D.LOGISTICS,RISHIKESH
3128,11/05/2026,1137,MANIBHADRA TRADELINK,V R PAWAR SAREES,MAAZA,SAI LADLI DESIGNER,540754,5,0,1195,2,5,-298.75,1195,5975,5,289.49,6079.27,,904,J.D.LOGISTICS,RATAN BHAI
3129,11/05/2026,1137,MANIBHADRA TRADELINK,V R PAWAR SAREES,SHORT CUT DRASHTI,SAI LADLI DESIGNER,540754,5,0,899,2,5,-224.75,899,4495,5,217.78,4573.44,,904,J.D.LOGISTICS,RATAN BHAI
3130,11/05/2026,1137,MANIBHADRA TRADELINK,V R PAWAR SAREES,VAISHNAVI,SAI LADLI DESIGNER,540754,5,0,1595,2,5,-398.75,1595,7975,5,386.39,8114.17,,904,J.D.LOGISTICS,RATAN BHAI
3131,11/05/2026,1137,MANIBHADRA TRADELINK,V R PAWAR SAREES,RUP KANYA,SAI LADLI DESIGNER,540754,5,0,1465,2,5,-366.25,1465,7325,5,354.9,7452.83,,904,J.D.LOGISTICS,RATAN BHAI
3132,11/05/2026,1137,MANIBHADRA TRADELINK,V R PAWAR SAREES,MONU,SAI LADLI DESIGNER,540754,7,0,1120,2,5,-392,1120,7840,5,379.85,7976.81,,904,J.D.LOGISTICS,RATAN BHAI
3133,11/05/2026,1137,MANIBHADRA TRADELINK,V R PAWAR SAREES,NANDANI,SAI LADLI DESIGNER,540754,3,0,1699,2,5,-254.85,1699,5097,5,246.95,5185.94,,904,J.D.LOGISTICS,RATAN BHAI
3134,11/05/2026,1137,MANIBHADRA TRADELINK,V R PAWAR SAREES,SURYA,SAI LADLI DESIGNER,540754,3,0,1395,2,5,-209.25,1395,4185,5,202.76,4258.03,,904,J.D.LOGISTICS,RATAN BHAI
3135,11/05/2026,1137,MANIBHADRA TRADELINK,V R PAWAR SAREES,ALANKAR,SAI LADLI DESIGNER,540754,5,0,1495,2,5,-373.75,1495,7475,5,362.16,7605.44,,904,J.D.LOGISTICS,RATAN BHAI
3136,11/05/2026,1137,MANIBHADRA TRADELINK,V R PAWAR SAREES,CHIKNI,SAI LADLI DESIGNER,540754,18,0,1075,2,5,-967.5,1075,19350,5,937.51,19687.66,,904,J.D.LOGISTICS,RATAN BHAI
3137,11/05/2026,1137,MANIBHADRA TRADELINK,V R PAWAR SAREES,JACQUELINE,SAI LADLI DESIGNER,540754,8,0,2999,2,5,-1199.6,2999,23992,5,1162.41,24410.66,,904,J.D.LOGISTICS,RATAN BHAI
3138,11/05/2026,1137,MANIBHADRA TRADELINK,V R PAWAR SAREES,VISHWAS,SAI LADLI DESIGNER,540754,5,0,995,2,5,-248.75,995,4975,5,241.04,5061.82,,904,J.D.LOGISTICS,RATAN BHAI
3139,12/05/2026,1138,MANIBHADRA TRADELINK,V R PAWAR SAREES,RIYANSHI DIGITAL,SANJYOTI EXCLUSIVES,540754,72,0,450,2,2,-648,450,32400,5,1619.35,34006.39,0742383,611,J.D.LOGISTICS,AMAR BHAI
3140,12/05/2026,1139,MANIBHADRA TRADELINK,V R PAWAR SAREES,HOUSEFULL,SANJYOTI EXCLUSIVES,540754,72,0,530,2,2,-763.2,530,38160,5,1907.24,40051.98,0742384,612,J.D.LOGISTICS,AMAR BHAI
3141,12/05/2026,1140,MANIBHADRA TRADELINK,V R PAWAR SAREES,IRA,MANGALAM PRINTS,540754,18,0,445,2,2,-160.2,445,8010,5,400.34,8407.14,,625,J.D.LOGISTICS,AMAR BHAI
3142,12/05/2026,1140,MANIBHADRA TRADELINK,V R PAWAR SAREES,RANGOON,MANGALAM PRINTS,540754,18,0,375,2,2,-135,375,6750,5,337.37,7084.67,,625,J.D.LOGISTICS,AMAR BHAI
3143,12/05/2026,1140,MANIBHADRA TRADELINK,V R PAWAR SAREES,LUCKY BRASSO,MANGALAM PRINTS,540754,18,0,680,2,2,-244.8,680,12240,5,611.76,12846.86,,625,J.D.LOGISTICS,AMAR BHAI
3144,12/05/2026,1140,MANIBHADRA TRADELINK,V R PAWAR SAREES,ROYAL BANDHEJ,MANGALAM PRINTS,540754,18,0,435,2,2,-156.6,435,7830,5,391.34,8218.21,,625,J.D.LOGISTICS,AMAR BHAI
3145,12/05/2026,1141,MANIBHADRA TRADELINK,V R PAWAR SAREES,JARDOSH,SHREE SIDDHI SAREES,540754,72,0,425,2,2,-612,425,30600,5,1529.39,32117.15,,604,J.D.LOGISTICS,AMAR BHAI
3146,13/05/2026,1142,MANIBHADRA TRADELINK,V R PAWAR SAREES,CHERRY BRASSO,SANJYOTI EXCLUSIVES,540754,72,0,660,2,2,-950.4,660,47520,5,2375.05,49876.04,,626,J.D.LOGISTICS,AMAR BHAI
3147,13/05/2026,1143,MANIBHADRA TRADELINK,V R PAWAR SAREES,NAINA,SANJYOTI EXCLUSIVES,540754,72,0,570,2,2,-820.8,570,41040,5,2051.18,43074.76,,625,J.D.LOGISTICS,AMAR BHAI
3148,13/05/2026,1144,MANIBHADRA TRADELINK,V R PAWAR SAREES,GEMINI BRASSO,MEENAXI SILK,540754,72,0,530,2,2,-763.2,530,38160,5,1907.24,40051.98,,75,J.D.LOGISTICS,AMAR BHAI
3149,13/05/2026,1145,MANIBHADRA TRADELINK,V R PAWAR SAREES,KOLAVERI,SHREE GURUDEV TEXTILE,540754,12,0,625,2,10,-750,625,7500,5,344.25,7229.25,,247,J.D.LOGISTICS,AMAR BHAI
3150,13/05/2026,1145,MANIBHADRA TRADELINK,V R PAWAR SAREES,BLACK BUNNY,SHREE GURUDEV TEXTILE,540754,12,0,635,2,10,-762,635,7620,5,349.76,7344.92,,247,J.D.LOGISTICS,AMAR BHAI
3151,13/05/2026,1145,MANIBHADRA TRADELINK,V R PAWAR SAREES,RAAKA SILK,SHREE GURUDEV TEXTILE,540754,6,0,721,2,10,-432.6,721,4326,5,198.56,4169.83,,247,J.D.LOGISTICS,AMAR BHAI
3152,13/05/2026,1145,MANIBHADRA TRADELINK,V R PAWAR SAREES,24 CARAT DIGITAL,SHREE GURUDEV TEXTILE,540754,12,0,511,2,10,-613.2,511,6132,5,281.46,5910.64,,247,J.D.LOGISTICS,AMAR BHAI
3153,13/05/2026,1145,MANIBHADRA TRADELINK,V R PAWAR SAREES,GAURI,SHREE GURUDEV TEXTILE,540754,6,0,775,2,10,-465,775,4650,5,213.44,4482.14,,247,J.D.LOGISTICS,AMAR BHAI
3154,13/05/2026,1146,MANIBHADRA TRADELINK,V R PAWAR SAREES,BUL BUL,SHREE GURUDEV TEXTILE,540754,18,0,511,2,10,-919.8,511,9198,5,422.19,8865.95,,248,J.D.LOGISTICS,AMAR BHAI
3155,13/05/2026,1146,MANIBHADRA TRADELINK,V R PAWAR SAREES,MINTOS,SHREE GURUDEV TEXTILE,540754,6,0,521,2,10,-312.6,521,3126,5,143.48,3013.15,,248,J.D.LOGISTICS,AMAR BHAI
3156,13/05/2026,1146,MANIBHADRA TRADELINK,V R PAWAR SAREES,SHELLY DIGITAL,SHREE GURUDEV TEXTILE,540754,6,0,595,2,10,-357,595,3570,5,163.86,3441.12,,248,J.D.LOGISTICS,AMAR BHAI
3157,13/05/2026,1146,MANIBHADRA TRADELINK,V R PAWAR SAREES,GULAB JAMUN,SHREE GURUDEV TEXTILE,540754,6,0,711,2,10,-426.6,711,4266,5,195.81,4112,,248,J.D.LOGISTICS,AMAR BHAI
3158,13/05/2026,1146,MANIBHADRA TRADELINK,V R PAWAR SAREES,KHYATI DIGITAL,SHREE GURUDEV TEXTILE,540754,6,0,641,2,10,-384.6,641,3846,5,176.53,3707.16,,248,J.D.LOGISTICS,AMAR BHAI
3159,13/05/2026,1146,MANIBHADRA TRADELINK,V R PAWAR SAREES,LOTUS,SHREE GURUDEV TEXTILE,540754,6,0,665,2,10,-399,665,3990,5,183.14,3845.96,,248,J.D.LOGISTICS,AMAR BHAI
3160,14/05/2026,1147,MANIBHADRA TRADELINK,V R PAWAR SAREES,CHETNA,SHREE SIDDHI SAREES,540754,16,0,795,2,2,-254.4,795,12720,5,635.75,13350.66,,617,J.D.LOGISTICS,AMAR BHAI
3161,14/05/2026,1147,MANIBHADRA TRADELINK,V R PAWAR SAREES,SHYAM SARKAR,SHREE SIDDHI SAREES,540754,10,0,715,2,2,-143,715,7150,5,357.36,7504.5,,617,J.D.LOGISTICS,AMAR BHAI
3162,14/05/2026,1147,MANIBHADRA TRADELINK,V R PAWAR SAREES,BAISA,SHREE SIDDHI SAREES,540754,20,0,490,2,2,-196,490,9800,5,489.8,10285.88,,617,J.D.LOGISTICS,AMAR BHAI
3163,14/05/2026,1147,MANIBHADRA TRADELINK,V R PAWAR SAREES,CHOCKLATE,SHREE SIDDHI SAREES,540754,13,0,765,2,2,-198.9,765,9945,5,497.05,10438.07,,617,J.D.LOGISTICS,AMAR BHAI
3164,14/05/2026,1147,MANIBHADRA TRADELINK,V R PAWAR SAREES,VANILLA,SHREE SIDDHI SAREES,540754,12,0,650,2,2,-156,650,7800,5,389.84,8186.72,,617,J.D.LOGISTICS,AMAR BHAI
3165,14/05/2026,1148,MANIBHADRA TRADELINK,V R PAWAR SAREES,GOPAL JEE,SHREE SHREE BALAJI FABRICS,540754,16,0,631,2,12,-1211.52,631,10096,5,453.11,9515.28,,1228,J.D.LOGISTICS,AMAR BHAI
3166,14/05/2026,1148,MANIBHADRA TRADELINK,V R PAWAR SAREES,GURU KRIPA,SHREE SHREE BALAJI FABRICS,540754,12,0,651,2,12,-937.44,651,7812,5,350.6,7362.65,,1228,J.D.LOGISTICS,AMAR BHAI
3167,14/05/2026,1148,MANIBHADRA TRADELINK,V R PAWAR SAREES,GAURI SHANKARR,SHREE SHREE BALAJI FABRICS,540754,10,0,732,2,12,-878.4,732,7320,5,328.52,6898.95,,1228,J.D.LOGISTICS,AMAR BHAI
3168,14/05/2026,1148,MANIBHADRA TRADELINK,V R PAWAR SAREES,BAL LEELA,SHREE SHREE BALAJI FABRICS,540754,12,0,765,2,12,-1101.6,765,9180,5,412,8651.97,,1228,J.D.LOGISTICS,AMAR BHAI
3169,14/05/2026,1148,MANIBHADRA TRADELINK,V R PAWAR SAREES,HARI ANSH,SHREE SHREE BALAJI FABRICS,540754,9,0,796,2,12,-859.68,796,7164,5,321.52,6751.93,,1228,J.D.LOGISTICS,AMAR BHAI
3170,14/05/2026,1148,MANIBHADRA TRADELINK,V R PAWAR SAREES,RAM LAKHAN VOL 2 PART B,SHREE SHREE BALAJI FABRICS,540754,6,0,825,2,12,-594,825,4950,5,222.16,4665.28,,1228,J.D.LOGISTICS,AMAR BHAI
3171,14/05/2026,1149,MANIBHADRA TRADELINK,V R PAWAR SAREES,BANKE BIHARI,SHREE SHREE BALAJI FABRICS,540754,6,0,735,2,12,-529.2,735,4410,5,197.92,4156.34,,1229,J.D.LOGISTICS,AMAR BHAI
3172,14/05/2026,1149,MANIBHADRA TRADELINK,V R PAWAR SAREES,MANGAL VIDHAN,SHREE SHREE BALAJI FABRICS,540754,11,0,825,2,12,-1089,825,9075,5,407.29,8553.01,,1229,J.D.LOGISTICS,AMAR BHAI
3173,14/05/2026,1149,MANIBHADRA TRADELINK,V R PAWAR SAREES,RAJESHWARI,SHREE SHREE BALAJI FABRICS,540754,10,0,847,2,12,-1016.4,847,8470,5,380.13,7982.8,,1229,J.D.LOGISTICS,AMAR BHAI
3174,14/05/2026,1149,MANIBHADRA TRADELINK,V R PAWAR SAREES,TULSI KE RAMM,SHREE SHREE BALAJI FABRICS,540754,11,0,864,2,12,-1140.48,864,9504,5,426.54,8957.33,,1229,J.D.LOGISTICS,AMAR BHAI
3175,14/05/2026,1149,MANIBHADRA TRADELINK,V R PAWAR SAREES,SHREENATH JI 2,SHREE SHREE BALAJI FABRICS,540754,24,0,785,2,12,-2260.8,785,18840,5,845.54,17756.32,,1229,J.D.LOGISTICS,AMAR BHAI
3176,14/05/2026,1149,MANIBHADRA TRADELINK,V R PAWAR SAREES,SATSANG,SHREE SHREE BALAJI FABRICS,540754,6,0,1145,2,12,-824.4,1145,6870,5,308.33,6474.84,,1229,J.D.LOGISTICS,AMAR BHAI
3177,14/05/2026,1150,MANIBHADRA TRADELINK,V R PAWAR SAREES,KRISHNAKANTA,SHREE SHREE BALAJI FABRICS,540754,12,0,974,2,12,-1402.56,974,11688,5,524.56,11015.71,,1230,J.D.LOGISTICS,AMAR BHAI
3178,14/05/2026,1150,MANIBHADRA TRADELINK,V R PAWAR SAREES,RAM RATAN DHAN PAYO,SHREE SHREE BALAJI FABRICS,540754,8,0,935,2,12,-897.6,935,7480,5,335.7,7049.75,,1230,J.D.LOGISTICS,AMAR BHAI
3179,14/05/2026,1150,MANIBHADRA TRADELINK,V R PAWAR SAREES,RAMANUJ,SHREE SHREE BALAJI FABRICS,540754,12,0,821,2,12,-1182.24,821,9852,5,442.16,9285.32,,1230,J.D.LOGISTICS,AMAR BHAI
3180,14/05/2026,1150,MANIBHADRA TRADELINK,V R PAWAR SAREES,KAMAL NAYAN,SHREE SHREE BALAJI FABRICS,540754,24,0,1199,2,12,-3453.12,1199,28776,5,1291.47,27120.81,,1230,J.D.LOGISTICS,AMAR BHAI
3181,14/05/2026,1150,MANIBHADRA TRADELINK,V R PAWAR SAREES,RAM LAKHAN VOL 2 PART B,SHREE SHREE BALAJI FABRICS,540754,9,0,825,2,12,-891,825,7425,5,333.23,6997.91,,1230,J.D.LOGISTICS,AMAR BHAI
3182,14/05/2026,1151,MANIBHADRA TRADELINK,V R PAWAR SAREES,GUITAR,DEV DARSHAN PRINTS,540754,72,0,275,2,2,-396,275,19800,5,989.6,20781.68,,561,J.D.LOGISTICS,AMAR BHAI
3183,14/05/2026,1152,MANIBHADRA TRADELINK,V R PAWAR SAREES,GUITAR,DEV DARSHAN PRINTS,540754,72,0,275,2,2,-396,275,19800,5,989.6,20781.68,,562,J.D.LOGISTICS,AMAR BHAI
3184,14/05/2026,1153,MANIBHADRA TRADELINK,V R PAWAR SAREES,GUITAR,DEV DARSHAN PRINTS,540754,72,0,275,2,2,-396,275,19800,5,989.6,20781.68,,563,J.D.LOGISTICS,AMAR BHAI
3185,14/05/2026,1154,MANIBHADRA TRADELINK,V R PAWAR SAREES,GUITAR,DEV DARSHAN PRINTS,540754,72,0,275,2,2,-396,275,19800,5,989.6,20781.68,,564,J.D.LOGISTICS,AMAR BHAI
3186,15/05/2026,1155,MANIBHADRA TRADELINK,V R PAWAR SAREES,NAZAKAT,SANJYOTI EXCLUSIVES,540754,72,0,510,2,2,-734.4,510,36720,5,1835.27,38540.58,,660,J.D.LOGISTICS,AMAR BHAI
3187,15/05/2026,1156,MANIBHADRA TRADELINK,V R PAWAR SAREES,DHURANDHAR,SANJYOTI EXCLUSIVES,540754,72,0,475,2,2,-684,475,34200,5,1709.32,35895.64,,661,J.D.LOGISTICS,AMAR BHAI
3188,15/05/2026,1157,MANIBHADRA TRADELINK,V R PAWAR SAREES,MASAKALI,ROHAN FABRICS,540754,8,0,1105,2,2,-176.8,1105,8840,5,441.82,9278.28,,628,J.D.LOGISTICS,AMAR BHAI
3189,15/05/2026,1157,MANIBHADRA TRADELINK,V R PAWAR SAREES,HITAXI,ROHAN FABRICS,540754,6,0,1150,2,2,-138,1150,6900,5,344.86,7242.1,,628,J.D.LOGISTICS,AMAR BHAI
3190,15/05/2026,1157,MANIBHADRA TRADELINK,V R PAWAR SAREES,NEXON,ROHAN FABRICS,540754,8,0,681,2,2,-108.96,681,5448,5,272.29,5718.11,,628,J.D.LOGISTICS,AMAR BHAI
3191,15/05/2026,1157,MANIBHADRA TRADELINK,V R PAWAR SAREES,THAR,ROHAN FABRICS,540754,4,0,705,2,2,-56.4,705,2820,5,140.94,2959.81,,628,J.D.LOGISTICS,AMAR BHAI
3192,15/05/2026,1157,MANIBHADRA TRADELINK,V R PAWAR SAREES,MILK CAKE,ROHAN FABRICS,540754,4,0,575,2,2,-46,575,2300,5,114.95,2414.03,,628,J.D.LOGISTICS,AMAR BHAI
3193,15/05/2026,1157,MANIBHADRA TRADELINK,V R PAWAR SAREES,RINKU,ROHAN FABRICS,540754,10,0,460,2,2,-92,460,4600,5,229.91,4828.07,,628,J.D.LOGISTICS,AMAR BHAI
3194,15/05/2026,1157,MANIBHADRA TRADELINK,V R PAWAR SAREES,T 20,ROHAN FABRICS,540754,24,0,485,2,2,-232.8,485,11640,5,581.77,12217.11,,628,J.D.LOGISTICS,AMAR BHAI
3195,15/05/2026,1157,MANIBHADRA TRADELINK,V R PAWAR SAREES,MAYURI,ROHAN FABRICS,540754,40,0,499,2,2,-399.2,499,19960,5,997.6,20949.62,,628,J.D.LOGISTICS,AMAR BHAI
3196,15/05/2026,1158,MANIBHADRA TRADELINK,V R PAWAR SAREES,STUDIO,VEERPAL CREATION,540754,276,0,75,2,3,-621,75,20700,5,1024.03,21504.61,,199,J.D.LOGISTICS,AMAR BHAI
3197,15/05/2026,1159,MANIBHADRA TRADELINK,V R PAWAR SAREES,COCONUT,VISHAL FASHIONS PVT LTD,540754,1,0,620,2,2,-12.4,620,620,5,30.99,650.74,BILL NO MT 1089 ME 1 PCE EXTRA,8202,J.D.LOGISTICS,AMAR BHAI
3198,15/05/2026,1160,MANIBHADRA TRADELINK,V R PAWAR SAREES,5444,SAI SABURI,630790,2,0,10999,2,2,-439.96,10999,21998,18,3958.06,25947.26,,336,J.D.LOGISTICS,RATAN BHAI
3199,15/05/2026,1160,MANIBHADRA TRADELINK,V R PAWAR SAREES,5420,SAI SABURI,630790,1,0,8999,2,2,-179.98,8999,8999,18,1619.17,10614.57,,336,J.D.LOGISTICS,RATAN BHAI
